customer_id,payment_method,monthly_charges,total_charges,total_charges_missing_flag
7590-VHVEG,Electronic check,29.85,29.85,0
5575-GNVDE,Mailed check,56.95,1889.5,0
3668-QPYBK,Mailed check,53.85,108.15,0
7795-CFOCW,Bank transfer (automatic),42.3,1840.75,0
9237-HQITU,Electronic check,70.7,151.65,0
9305-CDSKC,Electronic check,99.65,820.5,0
1452-KIOVK,Credit card (automatic),89.1,1949.4,0
6713-OKOMC,Mailed check,29.75,301.9,0
7892-POOKP,Electronic check,104.8,3046.05,0
6388-TABGU,Bank transfer (automatic),56.15,3487.95,0
9763-GRSKD,Mailed check,49.95,587.45,0
7469-LKBCI,Credit card (automatic),18.95,326.8,0
8091-TTVAX,Credit card (automatic),100.35,5681.1,0
0280-XJGEX,Bank transfer (automatic),103.7,5036.3,0
5129-JLPIS,Electronic check,105.5,2686.05,0
3655-SNQYZ,Credit card (automatic),113.25,7895.15,0
8191-XWSZG,Mailed check,20.65,1022.95,0
9959-WOFKT,Bank transfer (automatic),106.7,7382.25,0
4190-MFLUW,Credit card (automatic),55.2,528.35,0
4183-MYFRB,Electronic check,90.05,1862.9,0
8779-QRDMV,Electronic check,39.65,39.65,0
1680-VDCWW,Bank transfer (automatic),19.8,202.25,0
1066-JKSGK,Mailed check,20.15,20.15,0
3638-WEABW,Credit card (automatic),59.9,3505.1,0
6322-HRPFA,Credit card (automatic),59.6,2970.3,0
6865-JZNKO,Bank transfer (automatic),55.3,1530.6,0
6467-CHFZW,Electronic check,99.35,4749.15,0
8665-UTDHZ,Electronic check,30.2,30.2,0
5248-YGIJN,Credit card (automatic),90.25,6369.45,0
8773-HHUOZ,Mailed check,64.7,1093.1,0
3841-NFECX,Credit card (automatic),96.35,6766.95,0
4929-XIHVW,Credit card (automatic),95.5,181.65,0
6827-IEAUQ,Mailed check,66.15,1874.45,0
7310-EGVHZ,Bank transfer (automatic),20.2,20.2,0
3413-BMNZE,Bank transfer (automatic),45.25,45.25,0
6234-RAAPL,Bank transfer (automatic),99.9,7251.7,0
6047-YHPVI,Electronic check,69.7,316.9,0
6572-ADKRS,Credit card (automatic),74.8,3548.3,0
5380-WJKOV,Electronic check,106.35,3549.25,0
8168-UQWWF,Bank transfer (automatic),97.85,1105.4,0
8865-TNMNX,Mailed check,49.55,475.7,0
9489-DEDVP,Credit card (automatic),69.2,4872.35,0
9867-JCZSP,Mailed check,20.75,418.25,0
4671-VJLCL,Credit card (automatic),79.85,4861.45,0
4080-IIARD,Electronic check,76.2,981.45,0
3714-NTNFO,Electronic check,84.5,3906.7,0
5948-UJZLF,Mailed check,49.25,97.0,0
7760-OYPDY,Electronic check,80.65,144.15,0
7639-LIAYI,Credit card (automatic),79.75,4217.8,0
2954-PIBKO,Credit card (automatic),64.15,4254.1,0
8012-SOUDQ,Electronic check,90.25,3838.75,0
9420-LOJKX,Credit card (automatic),99.1,1426.4,0
6575-SUVOI,Credit card (automatic),69.5,1752.65,0
7495-OOKFY,Credit card (automatic),80.65,633.3,0
4667-QONEA,Credit card (automatic),74.85,4456.35,0
1658-BYGOY,Electronic check,95.45,1752.55,0
8769-KKTPH,Credit card (automatic),99.65,6311.2,0
5067-XJQFU,Electronic check,108.45,7076.35,0
3957-SQXML,Credit card (automatic),24.95,894.3,0
5954-BDFSG,Credit card (automatic),107.5,7853.7,0
0434-CSFON,Electronic check,100.5,4707.1,0
1215-FIGMP,Bank transfer (automatic),89.9,5450.7,0
0526-SXDJP,Bank transfer (automatic),42.1,2962.0,0
0557-ASKVU,Credit card (automatic),54.4,957.1,0
5698-BQJOH,Electronic check,94.4,857.25,0
5122-CYFXA,Electronic check,75.3,244.1,0
8627-ZYGSZ,Electronic check,78.9,3650.35,0
3410-YOQBQ,Mailed check,79.2,2497.2,0
3170-NMYVV,Bank transfer (automatic),20.15,930.9,0
7410-OIEDU,Mailed check,79.85,887.35,0
2273-QCKXA,Mailed check,49.05,49.05,0
0731-EBJQB,Electronic check,20.4,1090.65,0
1891-QRQSA,Bank transfer (automatic),111.6,7099.0,0
8028-PNXHQ,Bank transfer (automatic),24.25,1424.6,0
5630-AHZIL,Bank transfer (automatic),64.5,177.4,0
2673-CXQEU,Electronic check,110.5,6139.5,0
6416-JNVRK,Credit card (automatic),55.65,2688.85,0
5590-ZSKRV,Mailed check,54.65,482.25,0
0191-ZHSKZ,Electronic check,74.75,2111.3,0
3887-PBQAO,Credit card (automatic),25.9,1216.6,0
5919-TMRGD,Electronic check,79.35,79.35,0
8108-UXRQN,Electronic check,50.55,565.35,0
9191-MYQKX,Bank transfer (automatic),75.15,496.9,0
9919-YLNNG,Bank transfer (automatic),103.8,4327.5,0
0318-ZOPWS,Bank transfer (automatic),20.15,973.35,0
4445-ZJNMU,Credit card (automatic),99.3,918.75,0
4808-YNLEU,Bank transfer (automatic),62.15,2215.45,0
1862-QRWPE,Bank transfer (automatic),20.65,1057.0,0
2796-NNUFI,Mailed check,19.95,927.1,0
3016-KSVCP,Mailed check,33.75,1009.25,0
4767-HZZHQ,Bank transfer (automatic),82.05,2570.2,0
2424-WVHPL,Electronic check,74.7,74.7,0
7233-PAHHL,Mailed check,84.0,5714.25,0
6067-NGCEU,Credit card (automatic),111.05,7107.0,0
9848-JQJTX,Bank transfer (automatic),100.9,7459.05,0
8637-XJIVR,Electronic check,78.95,927.35,0
9803-FTJCG,Credit card (automatic),66.85,4748.7,0
0278-YXOOG,Mailed check,21.05,113.85,0
3212-KXOCR,Bank transfer (automatic),21.0,1107.2,0
4598-XLKNJ,Electronic check,98.5,2514.5,0
6380-ARCEH,Mailed check,20.2,20.2,0
3679-XASPY,Electronic check,19.45,19.45,0
7123-WQUHX,Bank transfer (automatic),95.0,3605.6,0
5386-THSLQ,Bank transfer (automatic),45.55,3027.25,0
3192-NQECA,Bank transfer (automatic),110.0,7611.85,0
6180-YBIQI,Mailed check,24.3,100.2,0
6728-DKUCO,Electronic check,104.15,7303.05,0
9750-BOOHV,Mailed check,30.15,927.65,0
8597-CWYHH,Mailed check,94.35,3921.3,0
2848-YXSMW,Credit card (automatic),19.4,1363.25,0
0486-HECZI,Electronic check,96.75,5238.9,0
4549-ZDQYY,Credit card (automatic),57.95,3042.25,0
5712-AHQNN,Electronic check,91.65,3954.1,0
4846-WHAFZ,Electronic check,76.5,2868.15,0
5256-SKJGO,Electronic check,54.6,3423.5,0
3071-VBYPO,Electronic check,89.85,248.4,0
9560-BBZXK,Bank transfer (automatic),31.05,1126.35,0
5299-RULOA,Electronic check,100.25,1064.65,0
8402-OOOHJ,Mailed check,20.65,835.15,0
9445-ZUEQE,Credit card (automatic),85.2,2151.6,0
1091-SOZGA,Credit card (automatic),99.8,5515.45,0
2928-HLDBA,Mailed check,20.7,112.75,0
0404-SWRVG,Electronic check,74.4,229.55,0
6497-TILVL,Mailed check,50.7,350.35,0
7219-TLZHO,Mailed check,20.85,62.9,0
4622-YNKIJ,Electronic check,88.95,3027.65,0
4412-YLTKF,Electronic check,78.05,2135.5,0
6734-PSBAW,Bank transfer (automatic),23.55,1723.95,0
3930-ZGWVE,Mailed check,19.75,19.75,0
2639-UGMAZ,Electronic check,56.45,3985.35,0
2876-GZYZC,Electronic check,85.95,1215.65,0
6207-WIOLX,Credit card (automatic),58.6,1502.65,0
8587-XYZSF,Bank transfer (automatic),50.55,3260.1,0
3091-FYHKI,Electronic check,35.45,35.45,0
2372-HWUHI,Electronic check,44.35,81.25,0
7799-LGRDP,Credit card (automatic),25.7,1188.2,0
7850-VWJUU,Bank transfer (automatic),75.0,1778.5,0
3774-VBNXY,Mailed check,20.2,1277.75,0
6217-KDYWC,Mailed check,19.6,1170.55,0
0390-DCFDQ,Mailed check,70.45,70.45,0
3146-MSEGF,Credit card (automatic),88.05,6425.65,0
4080-OGPJL,Electronic check,71.15,563.65,0
1095-WGNGG,Bank transfer (automatic),101.05,5971.25,0
2636-SJDOU,Credit card (automatic),84.3,5289.05,0
1131-QQZEB,Bank transfer (automatic),23.95,1756.2,0
5716-EZXZN,Credit card (automatic),99.05,6416.7,0
6837-BJYDQ,Mailed check,19.6,61.35,0
2135-RXIHG,Electronic check,45.65,45.65,0
6440-DKQGE,Credit card (automatic),64.5,1929.95,0
3466-BYAVD,Mailed check,69.5,1071.4,0
3780-YVMFA,Electronic check,68.55,564.35,0
3874-EQOEP,Mailed check,95.0,655.5,0
1679-JRFBR,Credit card (automatic),108.15,7930.55,0
9073-ZZIAY,Electronic check,86.1,5215.25,0
3077-RSNTJ,Mailed check,19.7,113.5,0
6551-GNYDG,Bank transfer (automatic),80.9,1152.8,0
9167-APMXZ,Bank transfer (automatic),84.15,1821.95,0
2749-CTKAJ,Mailed check,20.15,419.9,0
6371-NZYEG,Mailed check,64.25,1024.0,0
7554-NEWDD,Bank transfer (automatic),25.7,251.6,0
8992-VONJD,Electronic check,56.0,764.55,0
0867-MKZVY,Electronic check,82.4,1592.35,0
4482-EWFMI,Electronic check,69.7,135.2,0
4648-YPBTM,Bank transfer (automatic),73.9,3958.25,0
2907-ILJBN,Mailed check,20.6,233.9,0
6345-FZOQH,Mailed check,19.9,1363.45,0
3376-BMGFE,Bank transfer (automatic),70.9,273.0,0
5997-OPVFA,Bank transfer (automatic),89.05,6254.45,0
3445-HXXGF,Electronic check,45.3,2651.2,0
1159-WFSGR,Electronic check,20.4,321.4,0
7654-YWJUF,Bank transfer (automatic),84.25,3539.25,0
1875-QIVME,Electronic check,104.4,242.8,0
6727-IOTLZ,Mailed check,81.95,1181.75,0
0691-JVSYA,Bank transfer (automatic),94.85,5000.2,0
5918-VUKWP,Bank transfer (automatic),20.55,654.55,0
1744-JHKYS,Electronic check,24.7,780.2,0
2656-FMOKZ,Mailed check,74.45,1145.7,0
2070-FNEXE,Bank transfer (automatic),76.45,503.6,0
5947-SGKCL,Bank transfer (automatic),105.35,1559.25,0
3712-PKXZA,Credit card (automatic),20.55,1252.0,0
6317-YPKDH,Bank transfer (automatic),29.95,29.95,0
6582-OIVSP,Mailed check,45.3,45.3,0
9367-WXLCH,Bank transfer (automatic),84.5,662.65,0
5524-KHNJP,Credit card (automatic),74.75,2453.3,0
1918-ZBFQJ,Electronic check,79.25,1111.65,0
1024-GUALD,Electronic check,24.8,24.8,0
4827-USJHP,Mailed check,51.8,1023.85,0
8167-GJLRN,Electronic check,30.4,82.15,0
0956-SYCWG,Electronic check,19.65,244.8,0
8017-UVSZU,Credit card (automatic),56.6,2379.1,0
7100-FQPRV,Credit card (automatic),71.9,3173.35,0
2472-OVKUP,Electronic check,91.0,531.0,0
2984-RGEYA,Bank transfer (automatic),19.75,1375.4,0
9680-NIAUV,Credit card (automatic),109.7,8129.3,0
2146-EGVDT,Credit card (automatic),19.3,1192.7,0
2604-IJPDU,Electronic check,96.55,1901.65,0
9178-JHUVJ,Bank transfer (automatic),24.1,587.4,0
6168-YBYNP,Electronic check,111.35,6519.75,0
7255-SSFBC,Bank transfer (automatic),112.25,8041.65,0
3645-DEYGF,Mailed check,20.75,20.75,0
9323-HGFWY,Credit card (automatic),101.9,2681.15,0
8544-GOQSH,Credit card (automatic),80.05,1112.3,0
3363-DTIVD,Electronic check,105.55,7405.5,0
7018-WBJNK,Credit card (automatic),78.3,1033.95,0
9142-KZXOP,Credit card (automatic),68.85,2958.95,0
7674-YTAFD,Bank transfer (automatic),79.95,2684.85,0
6348-SNFUS,Credit card (automatic),55.45,4179.2,0
1285-OKIPP,Electronic check,79.9,79.9,0
7825-ECJRF,Electronic check,106.6,1934.45,0
1347-KTTTA,Credit card (automatic),102.45,6654.1,0
7841-TZDMQ,Credit card (automatic),46.0,84.5,0
4195-NZGTA,Electronic check,25.25,25.25,0
7157-SMCFK,Mailed check,19.75,1124.2,0
4709-LKHYG,Electronic check,20.0,540.05,0
2504-DSHIH,Electronic check,86.8,1975.85,0
0699-NDKJM,Bank transfer (automatic),58.75,3437.45,0
9286-BHDQG,Credit card (automatic),45.25,3139.8,0
0230-WEQUW,Bank transfer (automatic),56.6,3789.2,0
2040-LDIWQ,Bank transfer (automatic),84.2,5324.5,0
6496-JDSSB,Bank transfer (automatic),80.0,624.6,0
9408-SSNVZ,Electronic check,70.15,268.35,0
4443-EMBNA,Bank transfer (automatic),24.75,1836.9,0
6469-MRVET,Electronic check,20.2,20.2,0
0742-MOABM,Mailed check,50.05,179.35,0
5961-VUSRV,Bank transfer (automatic),19.35,219.35,0
6778-JFCMK,Mailed check,50.6,1288.75,0
6341-JVQGF,Mailed check,81.15,2545.75,0
2232-DMLXU,Mailed check,55.2,55.2,0
4811-JBUVU,Credit card (automatic),89.9,2723.15,0
0945-TSONX,Credit card (automatic),85.3,4107.25,0
2651-ZCBXV,Credit card (automatic),108.0,5760.65,0
3316-UWXUY,Credit card (automatic),93.5,4747.5,0
8937-RDTHP,Mailed check,84.6,84.6,0
7083-MIOPC,Credit card (automatic),20.25,1566.9,0
1984-GPTEH,Electronic check,25.15,702.0,0
1251-KRREG,Mailed check,54.4,114.1,0
0621-JFHOL,Mailed check,29.6,299.05,0
9903-LYSAB,Electronic check,73.15,1305.95,0
0094-OIFMO,Electronic check,95.0,1120.3,0
9227-UAQFT,Mailed check,19.75,284.35,0
7301-ABVAD,Bank transfer (automatic),86.6,6350.5,0
6614-FHDBO,Bank transfer (automatic),109.2,7878.3,0
7576-ASEJU,Credit card (automatic),74.7,3187.65,0
9058-HRZSV,Electronic check,94.4,6126.15,0
4522-AKYLR,Electronic check,54.8,731.3,0
0221-WMXNQ,Electronic check,75.35,273.4,0
0303-UNCIP,Mailed check,65.0,2531.8,0
9947-OTFQU,Electronic check,74.4,1074.3,0
0322-YINQP,Mailed check,48.55,48.55,0
0959-WHOKV,Electronic check,99.0,4298.45,0
4075-JFPGR,Electronic check,93.5,4619.55,0
4629-NRXKX,Electronic check,70.4,147.15,0
9514-JDSKI,Electronic check,40.2,40.2,0
3282-ZISZV,Credit card (automatic),83.7,2633.3,0
3675-YDUPJ,Mailed check,19.85,193.05,0
4111-BNXIF,Electronic check,59.55,4103.9,0
7017-VFHAY,Credit card (automatic),115.1,7008.15,0
6655-LHBYW,Credit card (automatic),114.35,5791.1,0
4959-JOSRX,Credit card (automatic),44.6,80.55,0
5046-NUHWD,Electronic check,45.0,1228.65,0
7273-TEFQD,Electronic check,41.15,132.2,0
3606-TWKGI,Electronic check,106.9,1364.3,0
7529-ZDFXI,Electronic check,89.85,4925.35,0
7605-BDWDC,Bank transfer (automatic),49.85,1520.1,0
1950-KSVVJ,Mailed check,113.3,5032.25,0
0123-CRBRT,Mailed check,88.1,5526.75,0
6292-TOSSS,Bank transfer (automatic),24.9,1195.25,0
3197-ARFOY,Mailed check,105.0,2007.25,0
6323-AYBRX,Mailed check,19.35,1099.6,0
7014-ZZXAW,Credit card (automatic),24.25,1732.95,0
4385-GZQXV,Electronic check,94.45,1511.2,0
7633-MVPUY,Electronic check,59.75,3450.15,0
6366-ZGQGL,Bank transfer (automatic),24.8,24.8,0
4716-HHKQH,Electronic check,107.05,2172.05,0
5940-AHUHD,Mailed check,70.6,70.6,0
6432-TWQLB,Electronic check,85.4,401.1,0
4484-GLZOU,Electronic check,105.05,5624.85,0
3179-GBRWV,Bank transfer (automatic),64.95,1339.8,0
8645-KWHJO,Electronic check,55.0,771.95,0
4130-MZLCC,Bank transfer (automatic),50.55,244.75,0
0314-TKOSI,Mailed check,55.15,322.9,0
8229-MYEJZ,Electronic check,51.2,498.25,0
2080-SRCDE,Mailed check,25.4,25.4,0
9577-WJVCQ,Mailed check,54.45,3687.75,0
9512-UIBFX,Mailed check,95.15,1779.95,0
6202-DYYFX,Credit card (automatic),76.0,1783.6,0
3808-HFKDE,Electronic check,44.35,927.15,0
5583-SXDAG,Electronic check,70.0,70.0,0
3488-PGMQJ,Electronic check,74.5,606.55,0
3580-REOAC,Credit card (automatic),44.85,435.4,0
7534-BFESC,Electronic check,76.1,1712.7,0
3727-OWVYD,Mailed check,61.2,2021.2,0
2294-SALNE,Mailed check,86.8,1940.8,0
4847-TAJYI,Electronic check,89.35,567.8,0
1563-IWQEX,Mailed check,19.7,220.35,0
8203-XJZRC,Mailed check,20.25,20.25,0
6556-DBKZF,Electronic check,76.05,5436.45,0
6851-WEFYX,Electronic check,100.8,3437.5,0
2985-JUUBZ,Electronic check,74.55,3015.75,0
6390-DSAZX,Mailed check,73.6,73.6,0
0895-LMRSF,Bank transfer (automatic),64.9,1509.8,0
8098-LLAZX,Electronic check,95.45,396.1,0
8266-VBFQL,Electronic check,90.4,356.65,0
8181-YHCMF,Credit card (automatic),60.3,4109.0,0
2240-HSJQD,Mailed check,81.85,3141.7,0
1248-DYXUB,Mailed check,24.8,1229.1,0
0265-EDXBD,Electronic check,74.9,2303.35,0
4115-BNPJY,Mailed check,75.55,2054.4,0
3167-SNQPL,Electronic check,101.15,3741.85,0
4091-TVOCN,Credit card (automatic),78.75,3682.45,0
1098-TDVUQ,Bank transfer (automatic),19.25,19.25,0
7277-OZCGZ,Electronic check,89.05,1886.25,0
1557-EMYVT,Credit card (automatic),115.05,4895.1,0
2799-ARNLO,Electronic check,69.35,341.6,0
7563-BIUPC,Electronic check,80.6,415.55,0
5027-YOCXN,Credit card (automatic),110.05,5686.4,0
3973-SKMLN,Credit card (automatic),19.9,1355.1,0
2321-OMBXY,Credit card (automatic),80.3,3058.65,0
2840-XANRC,Electronic check,93.15,2231.05,0
6745-JEFZB,Credit card (automatic),91.5,3236.35,0
5020-ZSTTY,Bank transfer (automatic),82.45,4350.1,0
9880-TDQAC,Electronic check,60.0,4264.0,0
8705-WZCYL,Electronic check,44.8,44.8,0
7102-JJVTX,Mailed check,48.6,422.3,0
8626-PTQGE,Bank transfer (automatic),60.05,4176.7,0
4983-CLMLV,Credit card (automatic),102.7,5138.1,0
5701-YVSVF,Electronic check,82.9,880.05,0
5804-LEPIM,Electronic check,70.35,139.05,0
5697-GOMBF,Electronic check,35.9,973.65,0
2739-CACDQ,Credit card (automatic),82.65,1470.05,0
9385-EHGDO,Mailed check,19.85,739.35,0
9498-FIMXL,Mailed check,19.2,161.95,0
2379-GYFLQ,Credit card (automatic),94.9,4422.95,0
0122-OAHPZ,Electronic check,73.85,511.25,0
2868-SNELZ,Mailed check,80.6,155.8,0
4322-RCYMT,Bank transfer (automatic),75.8,5293.95,0
6680-NENYN,Electronic check,104.6,4759.85,0
2088-IEBAU,Electronic check,88.15,6148.45,0
7982-VCELR,Credit card (automatic),94.8,3565.65,0
1343-EHPYB,Electronic check,103.4,6603.0,0
6035-BXTTY,Bank transfer (automatic),54.65,1830.1,0
6885-PKOAM,Credit card (automatic),85.75,6223.8,0
7520-HQWJU,Bank transfer (automatic),67.45,4508.65,0
9639-BUJXT,Mailed check,20.5,1328.15,0
5924-SNGKP,Credit card (automatic),20.25,865.0,0
0021-IKXGC,Electronic check,72.1,72.1,0
2034-GDRCN,Electronic check,90.4,168.2,0
8966-SNIZF,Bank transfer (automatic),19.45,1303.5,0
6243-OZGFH,Electronic check,44.95,996.85,0
4654-DLAMQ,Bank transfer (automatic),97.0,6430.9,0
0513-RBGPE,Credit card (automatic),62.8,2278.75,0
5160-UXJED,Mailed check,44.6,681.4,0
4115-NZRKS,Electronic check,89.15,574.35,0
0219-YTZUE,Bank transfer (automatic),84.8,371.9,0
0623-IIHUG,Electronic check,41.9,840.1,0
4572-DVCGN,Bank transfer (automatic),80.25,846.0,0
3351-NGXYI,Electronic check,54.1,889.0,0
8984-EYLLL,Electronic check,105.25,6823.4,0
9057-MSWCO,Credit card (automatic),30.75,805.1,0
9833-TGFHX,Electronic check,97.1,4016.75,0
9294-TDIPC,Mailed check,20.2,83.75,0
5229-DTFYB,Bank transfer (automatic),98.8,3959.15,0
0104-PPXDV,Credit card (automatic),50.3,2878.55,0
5176-LMJXE,Mailed check,20.55,945.7,0
3583-KRKMD,Bank transfer (automatic),75.9,1373.05,0
1010-DIAUQ,Bank transfer (automatic),96.5,492.55,0
9069-LGEUL,Bank transfer (automatic),59.95,1406.0,0
7302-ZHMHP,Mailed check,19.15,19.15,0
9571-EDEBV,Credit card (automatic),98.65,6962.85,0
3520-FJGCV,Credit card (automatic),112.6,8126.65,0
6563-VRERX,Mailed check,20.6,690.25,0
0259-GBZSH,Electronic check,85.65,181.5,0
6122-EFVKN,Mailed check,35.75,830.8,0
2805-EDJPQ,Credit card (automatic),99.75,5608.4,0
6862-CQUMB,Credit card (automatic),96.1,3646.8,0
7156-MXBJE,Credit card (automatic),85.1,3662.25,0
6158-HDPXZ,Mailed check,25.35,25.35,0
9601-BRXPO,Bank transfer (automatic),104.95,2566.5,0
2863-IMQDR,Electronic check,89.65,5308.7,0
5686-CMAWK,Electronic check,86.75,1410.25,0
5651-CRHKQ,Bank transfer (automatic),86.2,3339.05,0
6905-NIQIN,Mailed check,50.65,50.65,0
8204-YJCLA,Bank transfer (automatic),64.8,4732.35,0
5167-ZFFMM,Credit card (automatic),90.85,90.85,0
6583-SZVGP,Bank transfer (automatic),108.1,5067.45,0
4895-TMWIR,Mailed check,19.95,214.75,0
0533-BNWKF,Electronic check,85.45,4874.7,0
1708-PBBOA,Electronic check,54.75,2348.45,0
8782-LKFPK,Mailed check,90.4,4063.0,0
5522-JBWMO,Electronic check,44.0,44.0,0
3597-MVHJT,Bank transfer (automatic),95.6,2595.25,0
9774-NRNAU,Bank transfer (automatic),84.8,2309.55,0
0224-RLWWD,Electronic check,44.3,89.3,0
9967-ATRFS,Mailed check,19.9,367.55,0
3951-NJCVI,Electronic check,95.05,3944.5,0
2977-CEBSX,Credit card (automatic),90.05,5965.95,0
0177-PXBAT,Bank transfer (automatic),109.9,3694.7,0
6599-CEBNN,Credit card (automatic),73.95,2524.45,0
2519-ERQOJ,Electronic check,54.6,1803.7,0
5876-QMYLD,Mailed check,20.05,415.1,0
2277-AXSDC,Bank transfer (automatic),19.75,624.15,0
9442-JTWDL,Credit card (automatic),20.05,237.7,0
0979-PHULV,Credit card (automatic),99.45,7007.6,0
3067-SVMTC,Bank transfer (automatic),55.9,3848.8,0
5495-GPSRW,Mailed check,19.7,419.4,0
7606-BPHHN,Credit card (automatic),19.8,1468.75,0
4742-DRORA,Bank transfer (automatic),95.4,5812.0,0
0111-KLBQG,Mailed check,93.95,2861.45,0
4800-VHZKI,Mailed check,19.9,19.9,0
7989-CHGTL,Mailed check,19.6,19.6,0
0334-GDDSO,Electronic check,81.35,233.7,0
4163-NCJAK,Bank transfer (automatic),24.45,1066.15,0
5233-AOZUF,Electronic check,74.95,2149.05,0
5973-EJGDP,Electronic check,87.35,4473.0,0
1996-DBMUS,Bank transfer (automatic),70.65,3545.05,0
7916-VCCPB,Bank transfer (automatic),73.25,1195.75,0
4686-GEFRM,Bank transfer (automatic),98.7,6858.9,0
5249-QYHEX,Mailed check,24.8,1024.7,0
0578-SKVMF,Electronic check,83.3,1845.9,0
5564-NEMQO,Bank transfer (automatic),75.3,75.3,0
2233-FAGXV,Mailed check,24.3,132.25,0
5605-IYGFG,Bank transfer (automatic),69.85,515.45,0
7663-ZTEGJ,Credit card (automatic),100.55,2830.45,0
3935-TBRZZ,Mailed check,25.7,1110.5,0
8111-BKVDS,Bank transfer (automatic),40.7,449.3,0
2055-SIFSS,Bank transfer (automatic),51.65,2838.55,0
2806-MLNTI,Bank transfer (automatic),105.1,5376.4,0
8734-DKSTZ,Electronic check,85.95,858.6,0
4360-PNRQB,Bank transfer (automatic),75.6,1395.05,0
6152-ONASV,Bank transfer (automatic),58.25,3975.7,0
9063-ZGTUY,Mailed check,19.4,1182.55,0
7781-HVGMK,Credit card (automatic),65.2,4784.45,0
2181-UAESM,Electronic check,53.45,119.5,0
2957-LOLHO,Bank transfer (automatic),45.4,518.9,0
6048-NJXHX,Electronic check,19.75,899.45,0
2320-SLKMB,Credit card (automatic),44.45,1183.8,0
4980-URKXC,Bank transfer (automatic),20.85,720.05,0
4376-KFVRS,Credit card (automatic),114.05,8468.2,0
5886-VLQVU,Bank transfer (automatic),89.85,3161.2,0
3577-AMVUX,Mailed check,55.05,55.05,0
0771-WLCLA,Electronic check,112.95,1882.55,0
5628-RKIFK,Credit card (automatic),101.55,5070.4,0
0206-TBWLC,Mailed check,114.65,6049.5,0
2937-FTHUR,Electronic check,64.8,1166.7,0
1910-FMXJM,Electronic check,80.4,2937.65,0
7752-XUSCI,Electronic check,105.9,6396.45,0
4110-PFEUZ,Mailed check,69.55,69.55,0
0732-OCQOC,Bank transfer (automatic),25.05,1270.25,0
5168-MSWXT,Electronic check,94.75,759.55,0
1090-ESELR,Bank transfer (automatic),105.5,7611.55,0
8592-PLTMQ,Mailed check,24.7,1642.75,0
5760-WRAHC,Mailed check,69.75,1545.4,0
8847-GEOOQ,Bank transfer (automatic),60.2,3582.4,0
0256-LTHVJ,Electronic check,81.05,2227.1,0
4785-FCIFB,Mailed check,24.4,1417.9,0
8313-NDOIA,Electronic check,104.15,2494.65,0
5149-CUZUJ,Bank transfer (automatic),92.9,2768.35,0
0942-KOWSM,Bank transfer (automatic),80.8,2369.3,0
4237-CLSMM,Mailed check,20.0,38.0,0
1452-VOQCH,Electronic check,75.1,75.1,0
4719-UMSIY,Mailed check,19.65,100.9,0
6614-VBEGU,Bank transfer (automatic),69.45,1614.05,0
0880-TKATG,Electronic check,101.15,385.9,0
3811-VBYBZ,Electronic check,99.8,673.25,0
1480-BKXGA,Bank transfer (automatic),116.05,8404.9,0
2996-XAUVF,Mailed check,40.05,2799.75,0
9076-AXYIK,Electronic check,102.1,6538.45,0
5968-XQIVE,Electronic check,89.7,6588.95,0
8896-RAZCR,Mailed check,19.9,868.1,0
4640-UHDOS,Electronic check,55.95,734.35,0
4933-IKULF,Mailed check,20.65,330.6,0
3583-EKAPL,Electronic check,55.0,55.0,0
1304-BCCFO,Mailed check,70.05,564.4,0
4104-PVRPS,Mailed check,53.6,1315.35,0
9399-APLBT,Electronic check,74.7,74.7,0
2359-KMGLI,Electronic check,80.25,1861.5,0
3780-DDGSE,Electronic check,76.05,2747.2,0
4431-EDMIQ,Electronic check,75.7,554.05,0
0306-JAELE,Electronic check,96.1,453.4,0
6227-HWPWX,Bank transfer (automatic),69.0,994.8,0
0486-LGCCH,Mailed check,19.65,225.75,0
0447-BEMNG,Bank transfer (automatic),45.3,2145.0,0
4612-SSVHJ,Electronic check,81.45,1671.6,0
5168-MQQCA,Bank transfer (automatic),108.5,8003.8,0
5949-XIKAE,Electronic check,83.55,680.05,0
7971-HLVXI,Credit card (automatic),84.5,6130.85,0
9094-AZPHK,Electronic check,100.15,1415.0,0
3649-JPUGY,Bank transfer (automatic),88.6,6201.95,0
4472-LVYGI,Bank transfer (automatic),52.55,0.0,1
8372-JUXUI,Electronic check,74.35,74.35,0
3552-CTCYF,Bank transfer (automatic),104.8,6597.25,0
6778-YSNIH,Electronic check,59.0,114.15,0
0388-EOPEX,Electronic check,74.4,139.4,0
5756-OZRIO,Bank transfer (automatic),64.05,3902.6,0
6579-JPICP,Mailed check,20.4,20.4,0
8205-OTCHB,Bank transfer (automatic),43.75,903.6,0
4134-BSXLX,Mailed check,60.9,1785.65,0
0505-SPOOW,Bank transfer (automatic),19.8,1397.65,0
6235-VDHOM,Electronic check,28.45,131.05,0
7783-YKGDV,Bank transfer (automatic),99.7,1238.45,0
4374-YMUSQ,Credit card (automatic),116.25,3899.05,0
4513-CXYIX,Credit card (automatic),80.7,5676.0,0
3957-HHLMR,Bank transfer (automatic),65.2,4543.15,0
7803-XOCCZ,Bank transfer (automatic),84.05,4326.8,0
5736-YEJAX,Credit card (automatic),79.45,5502.55,0
5609-CEBID,Electronic check,94.1,1782.4,0
8981-FJGLA,Mailed check,78.0,851.8,0
7218-HKQFK,Electronic check,94.2,167.5,0
4636-QRJKY,Electronic check,80.5,502.85,0
1135-LMECX,Mailed check,19.85,19.85,0
4332-MUOEZ,Credit card (automatic),94.3,1818.3,0
8535-SFUTN,Electronic check,106.45,6300.15,0
5956-VKDTT,Electronic check,74.35,334.8,0
8677-HDZEE,Bank transfer (automatic),105.45,5916.95,0
2475-MROZF,Credit card (automatic),95.0,2852.4,0
9412-GHEEC,Bank transfer (automatic),104.8,4131.95,0
3482-ABPKK,Mailed check,54.3,1546.3,0
6705-LXORM,Electronic check,70.05,302.6,0
0257-ZESQC,Bank transfer (automatic),75.2,1929.35,0
7531-GQHME,Credit card (automatic),20.05,265.45,0
5174-ITUMV,Electronic check,105.4,6989.45,0
4109-CYRBD,Electronic check,51.6,1442.0,0
0913-XWSCN,Bank transfer (automatic),85.5,4713.4,0
6825-UYPFK,Bank transfer (automatic),75.6,1758.6,0
8397-MVTAZ,Electronic check,100.05,3480.0,0
0750-EBAIU,Electronic check,91.25,4738.3,0
8606-CIQUL,Credit card (automatic),115.75,8399.15,0
3571-DPYUH,Credit card (automatic),94.7,5430.35,0
7601-GNDYK,Mailed check,19.6,686.95,0
0356-OBMAC,Bank transfer (automatic),99.9,5706.3,0
8067-NIOYM,Credit card (automatic),21.1,490.65,0
1403-GYAFU,Credit card (automatic),20.05,1360.25,0
4234-XTNEA,Electronic check,79.95,174.45,0
1297-VQDRP,Credit card (automatic),107.15,7379.8,0
9282-IZGQK,Electronic check,85.0,85.0,0
5348-CAGXB,Electronic check,89.55,1021.75,0
0621-HJWXJ,Bank transfer (automatic),81.55,5029.05,0
5844-QVTAT,Mailed check,58.45,1955.4,0
8905-IAZPF,Credit card (automatic),95.65,6744.2,0
5394-MEITZ,Bank transfer (automatic),80.6,4946.7,0
6859-QNXIQ,Bank transfer (automatic),113.1,8248.5,0
2782-LFZVW,Mailed check,58.95,601.6,0
2866-IKBTM,Mailed check,19.55,19.55,0
1342-JPNKI,Bank transfer (automatic),86.05,834.1,0
2817-NTQDO,Credit card (automatic),45.55,597.0,0
7129-AZJDE,Bank transfer (automatic),78.95,2647.2,0
6986-IJDHX,Mailed check,86.3,3266.0,0
2560-PPCHE,Bank transfer (automatic),105.05,6744.25,0
4676-MQUEA,Bank transfer (automatic),101.9,5265.5,0
8138-EALND,Mailed check,19.75,311.6,0
3580-HYCSP,Bank transfer (automatic),110.3,7966.9,0
1352-HNSAW,Bank transfer (automatic),115.6,8220.4,0
2075-PUEPR,Bank transfer (automatic),19.35,1153.25,0
1982-FEBTD,Credit card (automatic),25.6,514.75,0
5301-GAUUY,Bank transfer (automatic),80.35,2596.15,0
5791-KAJFD,Bank transfer (automatic),68.75,3808.0,0
2654-VBVPB,Bank transfer (automatic),19.9,19.9,0
1154-HYWWO,Mailed check,70.6,2708.2,0
2501-XWWTZ,Electronic check,70.2,760.05,0
3716-UVSPD,Electronic check,49.3,49.3,0
6815-ABQFQ,Electronic check,107.25,6033.3,0
7343-EOBEU,Mailed check,23.6,89.05,0
3701-SFMUH,Credit card (automatic),69.7,516.15,0
6103-LIANB,Credit card (automatic),99.5,5861.75,0
7319-VENRZ,Bank transfer (automatic),64.3,445.95,0
5846-NEQVZ,Credit card (automatic),70.85,4973.4,0
6967-QIQRV,Electronic check,101.9,1667.25,0
5781-RFZRP,Credit card (automatic),73.5,5357.75,0
0939-YAPAF,Electronic check,100.25,3527.6,0
0308-IVGOK,Credit card (automatic),40.4,422.6,0
7293-LSCDV,Credit card (automatic),19.25,1103.25,0
7025-WCBNE,Bank transfer (automatic),59.6,2754.0,0
5756-JYOJT,Credit card (automatic),64.9,697.25,0
4710-FDUIZ,Credit card (automatic),100.3,5614.45,0
6030-REHUX,Electronic check,110.85,3204.4,0
9548-LIGTA,Mailed check,81.05,4747.65,0
5150-LJNSR,Bank transfer (automatic),98.05,3082.1,0
8270-RKSAP,Electronic check,70.5,597.9,0
6522-YRBXD,Electronic check,94.55,3365.4,0
2640-LYMOV,Mailed check,19.65,38.8,0
1218-VKFPE,Mailed check,19.0,233.55,0
3627-FHKBK,Mailed check,75.3,75.3,0
2865-TCHJW,Electronic check,89.2,346.2,0
1423-BMPBQ,Mailed check,19.0,19.0,0
2393-DIVAI,Mailed check,20.0,61.7,0
5192-EBGOV,Electronic check,85.7,85.7,0
4568-KNYWR,Credit card (automatic),63.25,3342.45,0
8752-IMQOS,Mailed check,20.1,85.1,0
0742-LAFQK,Electronic check,99.15,7422.1,0
0795-LAFGP,Electronic check,90.4,6668.05,0
0619-OLYUR,Credit card (automatic),111.9,8071.05,0
5512-IDZEI,Electronic check,24.9,1174.8,0
0459-SPZHJ,Credit card (automatic),83.5,5435.0,0
0215-BQKGS,Credit card (automatic),84.3,2438.6,0
9244-ZVAPM,Mailed check,45.6,45.6,0
0719-SYFRB,Mailed check,61.65,713.75,0
8208-EUMTE,Mailed check,54.85,916.15,0
5172-MIGPM,Mailed check,65.55,237.2,0
1710-RCXUS,Credit card (automatic),90.35,4614.55,0
0374-FIUCA,Credit card (automatic),20.4,1414.45,0
5839-SUYVZ,Credit card (automatic),74.55,1170.5,0
5173-ZXXXL,Mailed check,19.95,47.7,0
1096-ADRUX,Bank transfer (automatic),74.25,4859.25,0
2001-MCUUW,Electronic check,108.65,4903.2,0
2731-GJRDG,Bank transfer (automatic),109.55,3608.0,0
4723-BEGSG,Credit card (automatic),86.65,6094.25,0
6516-NKQBO,Credit card (automatic),81.0,3084.9,0
8672-OAUPW,Credit card (automatic),47.85,2356.75,0
8207-DMRVL,Bank transfer (automatic),114.55,8306.05,0
3419-SNJJD,Bank transfer (automatic),105.25,6786.4,0
6543-CPZMK,Electronic check,29.95,248.95,0
4765-OXPPD,Mailed check,65.0,663.05,0
2804-ETQDK,Mailed check,20.55,1357.1,0
6689-VRRTK,Credit card (automatic),109.8,4860.35,0
7138-GIRSH,Bank transfer (automatic),69.5,3418.2,0
9396-ZSFLL,Mailed check,48.85,631.4,0
6464-KEXXH,Credit card (automatic),25.25,186.3,0
7134-MJPDY,Credit card (automatic),102.85,6976.75,0
5240-CAOYT,Bank transfer (automatic),87.55,4884.85,0
4059-IIEBK,Bank transfer (automatic),78.55,522.95,0
4881-JVQOD,Bank transfer (automatic),34.55,362.6,0
0516-UXRMT,Electronic check,92.05,5755.8,0
4851-BQDNX,Electronic check,85.05,3355.65,0
5148-HKFIR,Mailed check,19.7,406.95,0
1009-IRMNA,Bank transfer (automatic),20.0,137.6,0
3003-CMDUU,Electronic check,95.15,2395.7,0
5016-IBERQ,Electronic check,84.25,1968.1,0
6797-UCJHZ,Credit card (automatic),104.6,6819.45,0
2469-DTSGX,Electronic check,111.65,7943.45,0
4554-YGZIH,Credit card (automatic),90.05,4547.25,0
5099-BAILX,Bank transfer (automatic),110.75,4687.9,0
9931-KGHOA,Bank transfer (automatic),55.0,2473.95,0
1775-KWJKQ,Credit card (automatic),89.85,6562.9,0
7665-VIGUD,Mailed check,20.35,176.3,0
9411-TPQQV,Bank transfer (automatic),54.55,2236.2,0
7207-RMRDB,Electronic check,105.5,6985.65,0
7954-MLBUN,Bank transfer (automatic),99.45,3109.9,0
2077-DDHJK,Credit card (automatic),70.9,4911.35,0
4913-EHYUI,Bank transfer (automatic),104.55,5794.65,0
0195-IESCP,Electronic check,85.25,855.3,0
9574-BOSMD,Bank transfer (automatic),25.4,1620.2,0
4580-TMHJU,Electronic check,56.15,2499.3,0
0970-ETWGE,Electronic check,89.55,89.55,0
4908-XAXAY,Bank transfer (automatic),89.85,4287.2,0
8404-VLQFB,Electronic check,25.25,394.85,0
1626-ERCMM,Electronic check,94.55,1899.65,0
0887-HJGAR,Mailed check,45.7,45.7,0
2391-IPLOP,Electronic check,69.65,3442.15,0
5644-PDMZC,Electronic check,89.5,161.5,0
3509-GWQGF,Credit card (automatic),70.0,1732.6,0
9576-ANLXO,Bank transfer (automatic),69.55,222.3,0
2024-BASKD,Mailed check,74.6,74.6,0
5845-BZZIB,Mailed check,20.1,655.3,0
1140-UKVZG,Mailed check,24.8,475.25,0
4160-AMJTL,Electronic check,19.65,164.3,0
5183-SNMJQ,Credit card (automatic),95.1,865.1,0
8100-PNJMH,Credit card (automatic),88.85,6132.7,0
7838-LAZFO,Bank transfer (automatic),78.8,3597.5,0
4464-JCOLN,Mailed check,19.85,35.9,0
2085-JVGAD,Bank transfer (automatic),20.35,697.65,0
5650-VDUDS,Mailed check,24.25,96.05,0
8095-WANWK,Mailed check,45.25,428.7,0
3030-ZKIWL,Mailed check,20.05,20.05,0
9565-FLVCG,Mailed check,69.55,4459.15,0
8755-OGKNA,Bank transfer (automatic),19.5,1167.6,0
2800-VEQXM,Mailed check,74.75,238.1,0
7538-GWHML,Electronic check,69.65,145.15,0
5533-RJFTJ,Bank transfer (automatic),30.2,1453.1,0
3859-CVCET,Mailed check,45.65,191.05,0
0214-JHPFW,Bank transfer (automatic),57.8,4039.3,0
5642-MHDQT,Bank transfer (automatic),19.85,1039.45,0
3088-FVYWK,Credit card (automatic),25.55,1336.1,0
3276-HDUEG,Mailed check,75.05,75.05,0
9092-GDZKO,Credit card (automatic),24.85,493.4,0
0823-HSCDJ,Electronic check,49.15,2550.9,0
3729-OWRVL,Electronic check,110.35,7246.15,0
2324-AALNO,Bank transfer (automatic),24.55,1203.95,0
0822-GAVAP,Electronic check,34.7,62.25,0
5760-IFJOZ,Mailed check,107.95,313.6,0
2826-UWHIS,Bank transfer (automatic),81.4,3775.85,0
1448-PWKYE,Electronic check,80.0,80.0,0
7501-IWUNG,Bank transfer (automatic),73.8,4616.05,0
4957-TREIR,Credit card (automatic),64.4,195.65,0
7251-LJBQN,Credit card (automatic),103.75,4188.4,0
8040-MNRTF,Mailed check,71.1,71.1,0
1536-HBSWP,Electronic check,49.9,49.9,0
5313-FPXWG,Bank transfer (automatic),24.6,1266.4,0
0067-DKWBL,Electronic check,49.25,91.1,0
0946-FKYTX,Mailed check,30.1,1623.4,0
5076-YVXCM,Bank transfer (automatic),83.4,4149.45,0
8262-COGGB,Mailed check,20.45,20.45,0
6663-JOCQO,Bank transfer (automatic),75.25,2344.5,0
9620-QJREV,Credit card (automatic),20.55,1013.05,0
2276-YDAVZ,Credit card (automatic),75.1,270.7,0
2682-KEVRP,Mailed check,20.05,417.0,0
2480-JZOSN,Mailed check,20.65,20.65,0
0078-XZMHT,Bank transfer (automatic),85.15,6316.2,0
5896-NPFWW,Electronic check,50.15,168.15,0
9978-HYCIN,Bank transfer (automatic),84.95,4018.05,0
8338-QIUNR,Credit card (automatic),66.5,4811.6,0
1525-LNLOJ,Bank transfer (automatic),63.3,4189.7,0
9450-TRJUU,Electronic check,83.15,2848.45,0
1766-GKNMI,Electronic check,84.9,2516.2,0
6942-LBFDP,Mailed check,20.55,33.6,0
1456-TWCGB,Mailed check,49.25,208.45,0
7133-VBDCG,Bank transfer (automatic),79.85,2015.35,0
7596-ZYWBB,Mailed check,59.6,3739.8,0
8329-UTMVM,Bank transfer (automatic),104.65,2964.0,0
3014-WJKSM,Credit card (automatic),75.3,2263.4,0
3347-YJZZE,Credit card (automatic),80.1,2211.8,0
1029-QFBEN,Mailed check,19.55,19.55,0
7929-DMBCV,Mailed check,81.0,1683.7,0
9661-JALZV,Credit card (automatic),24.7,1519.0,0
5433-KYGHE,Mailed check,86.0,1164.05,0
4312-KFRXN,Mailed check,25.4,1710.9,0
5575-TPIZQ,Credit card (automatic),89.15,4245.55,0
0114-IGABW,Bank transfer (automatic),58.25,4145.9,0
9944-AEXBM,Bank transfer (automatic),85.65,2664.3,0
1853-ARAAQ,Credit card (automatic),50.35,1277.5,0
6952-OMNWB,Credit card (automatic),80.35,5589.3,0
4697-LUPSU,Mailed check,20.2,34.75,0
8434-VGEQQ,Credit card (automatic),20.55,1305.95,0
4952-YSOGZ,Electronic check,85.95,381.3,0
1589-AGTLK,Electronic check,45.35,141.5,0
5244-IRFIH,Electronic check,94.5,3105.55,0
6549-YMFAW,Mailed check,21.25,204.55,0
4950-HKQTE,Mailed check,26.25,605.9,0
6786-OBWQR,Electronic check,80.85,356.1,0
2684-EIWEO,Credit card (automatic),91.7,2758.15,0
2753-JMMCV,Credit card (automatic),74.2,4805.65,0
6439-GTPCA,Electronic check,87.25,3941.7,0
6621-YOBKI,Mailed check,20.35,92.75,0
1216-JWVUX,Electronic check,75.5,1901.05,0
7564-GHCVB,Bank transfer (automatic),79.05,5730.7,0
1173-NOEYG,Bank transfer (automatic),90.15,2423.4,0
7595-EHCDL,Credit card (automatic),50.6,1653.45,0
6647-ZEDXT,Credit card (automatic),110.45,3327.05,0
2521-NPUZR,Credit card (automatic),101.0,7085.5,0
1307-TVUFB,Bank transfer (automatic),79.35,3344.1,0
7503-MIOGA,Bank transfer (automatic),89.85,6697.35,0
4381-MHQDC,Mailed check,65.0,2879.9,0
6923-JHPMP,Electronic check,80.45,137.1,0
5138-WVKYJ,Electronic check,98.55,1008.55,0
4018-PPNDW,Mailed check,24.1,1551.6,0
1635-FJFCC,Credit card (automatic),44.05,202.15,0
2499-AJYUA,Credit card (automatic),110.8,7882.25,0
6919-ELBGL,Bank transfer (automatic),114.95,8196.4,0
3966-HRMZA,Mailed check,75.05,202.9,0
6425-JWTDV,Mailed check,19.25,855.1,0
8405-IGQFX,Credit card (automatic),90.05,5817.0,0
8224-IVVPA,Mailed check,56.7,1652.95,0
9477-LGWQI,Credit card (automatic),80.15,5600.15,0
1410-RSCMR,Credit card (automatic),71.35,515.75,0
3115-CZMZD,Mailed check,20.25,0.0,1
0139-IVFJG,Electronic check,90.35,190.5,0
6683-VLCTZ,Electronic check,98.55,1842.8,0
5730-DBDSI,Bank transfer (automatic),19.7,1253.8,0
0030-FNXPP,Mailed check,19.85,57.2,0
2189-WWOEW,Bank transfer (automatic),85.9,1269.55,0
5684-FJVYR,Bank transfer (automatic),90.35,6563.4,0
4013-GUXND,Mailed check,20.8,20.8,0
1894-IGFSG,Electronic check,89.25,1907.85,0
7379-POKDZ,Electronic check,70.3,208.85,0
1266-NZYUI,Bank transfer (automatic),66.85,4758.8,0
7969-FFOWG,Mailed check,19.9,1292.6,0
4718-DHSMV,Mailed check,35.8,363.15,0
5175-WLYXL,Mailed check,78.85,1600.25,0
7817-OMJNA,Bank transfer (automatic),20.4,275.7,0
8728-SKJLR,Electronic check,74.25,3089.1,0
3137-NYQQI,Mailed check,64.8,1175.6,0
7706-DZNKK,Credit card (automatic),20.45,237.3,0
0236-HFWSV,Electronic check,93.35,1444.65,0
3900-AQPHZ,Mailed check,19.9,19.9,0
5842-POCOP,Mailed check,88.9,454.15,0
2037-XJFUP,Electronic check,95.8,3036.75,0
8823-RLPWL,Credit card (automatic),110.65,8065.65,0
9505-SQFSW,Mailed check,40.3,92.5,0
7314-OXENN,Electronic check,82.0,184.65,0
3758-CKOQL,Credit card (automatic),107.0,6152.3,0
0322-CHQRU,Electronic check,45.35,89.5,0
5676-CFLYY,Credit card (automatic),73.35,5154.5,0
7521-AFHAB,Mailed check,44.8,220.45,0
0285-INHLN,Credit card (automatic),54.75,1510.3,0
4678-DVQEO,Electronic check,52.2,52.2,0
5125-CNDSP,Bank transfer (automatic),40.6,2588.95,0
0691-IFBQW,Electronic check,110.0,4874.8,0
4992-LTJNE,Bank transfer (automatic),55.3,3983.6,0
2202-OUTMO,Bank transfer (automatic),60.85,2003.6,0
0810-BDHAW,Electronic check,78.4,1832.4,0
0229-LFJAF,Bank transfer (automatic),69.65,4908.25,0
7131-ZQZNK,Credit card (automatic),59.85,3590.2,0
3442-ZHHCC,Credit card (automatic),76.9,5023.0,0
5726-CVNYA,Mailed check,19.85,146.6,0
9871-ELEYA,Credit card (automatic),67.65,2339.3,0
4257-GAESD,Credit card (automatic),45.0,298.7,0
5173-WXOQV,Mailed check,64.2,143.65,0
2040-OBMLJ,Credit card (automatic),81.7,2548.65,0
6286-ZHAOK,Bank transfer (automatic),25.55,507.4,0
3807-XHCJH,Electronic check,20.0,20.0,0
3009-JWMPU,Electronic check,96.75,6125.4,0
5671-RQRLP,Credit card (automatic),75.65,5411.4,0
1450-GALXR,Electronic check,98.5,1058.25,0
8859-AXJZP,Mailed check,23.8,903.8,0
3174-AKMAS,Credit card (automatic),64.2,3009.5,0
3138-BKYAV,Electronic check,85.35,489.45,0
9926-PJHDQ,Bank transfer (automatic),76.8,5468.45,0
7382-DFJTU,Credit card (automatic),55.2,1058.1,0
2798-NYLMZ,Credit card (automatic),108.55,7616.0,0
4289-DTDKW,Electronic check,101.3,4113.1,0
1820-TQVEV,Electronic check,69.55,69.55,0
2239-JALAW,Bank transfer (automatic),103.25,6017.65,0
4853-RULSV,Credit card (automatic),104.0,7250.15,0
8098-TDCBU,Electronic check,25.25,1108.2,0
3551-GAEGL,Bank transfer (automatic),30.4,938.65,0
4785-NKHCX,Bank transfer (automatic),20.05,94.15,0
3196-NVXLZ,Mailed check,84.6,2088.05,0
6275-YDUVO,Mailed check,86.2,178.7,0
0036-IHMOT,Bank transfer (automatic),103.7,5656.75,0
0115-TFERT,Electronic check,111.2,2317.1,0
4178-EGMON,Credit card (automatic),88.0,5986.45,0
4220-TINQT,Electronic check,106.35,6751.35,0
5318-YKDPV,Credit card (automatic),79.15,3566.6,0
7975-TZMLR,Electronic check,103.1,4889.3,0
0295-QVKPB,Credit card (automatic),63.95,318.1,0
4335-BSMJS,Credit card (automatic),25.8,1563.95,0
2311-QYMUQ,Credit card (automatic),89.45,1430.25,0
3643-AHCFP,Bank transfer (automatic),95.6,644.35,0
9146-JRIOX,Mailed check,25.55,372.45,0
3104-OWCGK,Electronic check,90.95,5453.4,0
5337-IIWKZ,Electronic check,44.85,1442.6,0
9101-BWFSS,Electronic check,108.55,5610.7,0
9650-VBUOG,Credit card (automatic),25.05,963.95,0
3487-EARAT,Credit card (automatic),74.1,5222.3,0
2672-TGEFF,Electronic check,88.8,3340.55,0
9231-ZJYAM,Electronic check,78.85,292.8,0
4250-WAROZ,Electronic check,93.25,5774.55,0
8184-WMOFI,Credit card (automatic),71.4,4487.3,0
6982-SSHFK,Mailed check,44.4,44.4,0
6092-QZVPP,Credit card (automatic),79.2,2854.95,0
4625-LAMOB,Credit card (automatic),20.4,905.55,0
0727-BMPLR,Electronic check,100.0,5509.3,0
0392-BZIUW,Credit card (automatic),105.0,7589.8,0
1038-ZAGBI,Bank transfer (automatic),19.8,229.6,0
6549-NNDYT,Bank transfer (automatic),30.85,394.1,0
3027-ZTDHO,Electronic check,89.9,89.9,0
0422-OHQHQ,Mailed check,20.55,295.95,0
6916-HIJSE,Bank transfer (automatic),84.85,5459.2,0
2316-ESMLS,Credit card (automatic),33.15,444.75,0
9778-OGKQZ,Credit card (automatic),92.0,6782.15,0
7408-OFWXJ,Credit card (automatic),89.8,6510.45,0
6007-TCTST,Bank transfer (automatic),115.8,8476.5,0
2252-NKNSI,Mailed check,85.15,4461.85,0
8713-IGZSO,Mailed check,24.85,62.0,0
7905-TVXTA,Electronic check,64.35,352.65,0
7695-PKLCZ,Credit card (automatic),20.5,1424.9,0
2382-BCKQJ,Electronic check,100.15,6413.65,0
8374-UULRV,Credit card (automatic),86.05,6309.65,0
2207-NHRJK,Electronic check,50.8,50.8,0
3224-DFQNQ,Electronic check,89.0,5898.6,0
5275-PMFUT,Credit card (automatic),64.8,4719.75,0
4795-UXVCJ,Credit card (automatic),19.8,457.3,0
9777-IQHWP,Bank transfer (automatic),93.4,5822.3,0
0947-MUGVO,Electronic check,73.65,1463.5,0
9944-HKVVB,Electronic check,95.1,307.4,0
4124-MMETB,Credit card (automatic),94.65,2104.55,0
3671-SHRSP,Mailed check,80.6,319.15,0
0979-MOZQI,Bank transfer (automatic),39.0,2337.45,0
2732-ISEZX,Mailed check,20.5,104.3,0
3313-QKNKB,Electronic check,85.55,5084.65,0
0323-XWWTN,Mailed check,26.4,121.25,0
1937-OTUKY,Bank transfer (automatic),98.2,7015.9,0
1573-LGXBA,Credit card (automatic),97.55,5598.0,0
1764-VUUMT,Credit card (automatic),19.95,1269.1,0
5073-WXOYN,Electronic check,50.8,3027.4,0
4713-ZBURT,Bank transfer (automatic),99.7,4634.35,0
3050-GBUSH,Credit card (automatic),34.8,113.95,0
0207-MDKNV,Electronic check,105.1,1582.75,0
7876-AEHIG,Bank transfer (automatic),60.15,3077.0,0
7945-HLKEA,Electronic check,64.75,4039.5,0
9342-VNIMQ,Bank transfer (automatic),54.65,1665.2,0
9851-KIELU,Electronic check,110.1,1043.3,0
3523-BRGUW,Credit card (automatic),19.3,504.2,0
3908-BLSYF,Electronic check,83.9,497.55,0
3199-NPKCN,Electronic check,111.25,7511.65,0
5170-PTRKA,Credit card (automatic),35.8,1782.0,0
4661-NJEUX,Mailed check,20.05,20.05,0
2123-AGEEN,Electronic check,84.35,609.65,0
1258-YMZNM,Bank transfer (automatic),110.5,2857.6,0
0048-LUMLS,Credit card (automatic),91.2,3247.55,0
7549-MYGPK,Electronic check,100.55,6215.35,0
5898-IGSLP,Electronic check,89.3,2823.0,0
3804-RVTGV,Bank transfer (automatic),103.85,5017.9,0
6259-WJQLC,Credit card (automatic),81.1,2619.25,0
9227-LUNBG,Electronic check,24.6,24.6,0
7997-EASSD,Credit card (automatic),81.2,4965.1,0
0730-KOAVE,Credit card (automatic),94.3,2679.7,0
8975-SKGRX,Bank transfer (automatic),116.1,8310.55,0
0678-RLHVP,Electronic check,105.55,5682.25,0
4315-MURBD,Bank transfer (automatic),98.9,1120.95,0
2267-FPIMA,Credit card (automatic),94.4,4914.9,0
1051-GEJLJ,Mailed check,19.5,27.55,0
9734-YWGEX,Credit card (automatic),98.3,923.5,0
2719-BDAQO,Electronic check,93.85,1625.65,0
5285-MVEHD,Credit card (automatic),105.6,6068.65,0
0379-DJQHR,Credit card (automatic),81.35,5398.6,0
0781-LKXBR,Electronic check,100.5,918.6,0
5543-QDCRY,Electronic check,56.4,234.85,0
0297-RBCSG,Bank transfer (automatic),65.35,1231.85,0
4694-PHWFW,Mailed check,19.95,170.9,0
0835-JKADZ,Electronic check,111.25,7984.15,0
1907-UBQFC,Electronic check,72.85,688.65,0
7508-SMHXL,Credit card (automatic),89.0,1288.3,0
3865-YIOTT,Bank transfer (automatic),106.1,7848.5,0
5993-BQHEA,Credit card (automatic),20.05,267.0,0
6024-RUGGH,Bank transfer (automatic),25.2,1798.9,0
6513-EECDB,Electronic check,73.55,73.55,0
3956-CJUST,Bank transfer (automatic),75.4,1643.55,0
4079-WWQQQ,Bank transfer (automatic),65.55,4807.45,0
6103-BOCOU,Electronic check,80.7,2193.0,0
5149-TGWDZ,Mailed check,104.55,2239.4,0
7471-WNSUF,Bank transfer (automatic),24.15,1505.9,0
8942-DBMHZ,Mailed check,20.45,255.35,0
4301-VVZKA,Electronic check,75.4,1189.4,0
9199-PWQVC,Credit card (automatic),79.7,4786.15,0
4824-GUCBY,Electronic check,81.7,1820.9,0
5393-HJZSM,Bank transfer (automatic),76.3,2404.15,0
7074-IEVOJ,Electronic check,79.4,205.05,0
9625-QSTYE,Electronic check,81.15,952.3,0
0862-PRCBS,Credit card (automatic),103.75,7039.45,0
8812-ZRHFP,Electronic check,86.45,2538.05,0
5146-CBVOE,Bank transfer (automatic),75.1,1212.85,0
0454-OKRCT,Bank transfer (automatic),80.6,2651.1,0
5787-KXGIY,Credit card (automatic),19.3,1304.8,0
4750-ZRXIU,Electronic check,84.6,360.1,0
4198-VFOEA,Mailed check,33.6,435.45,0
6630-UJZMY,Electronic check,83.25,308.05,0
5709-LVOEQ,Mailed check,80.85,0.0,1
6400-BWQKW,Electronic check,79.05,434.5,0
2692-AQCPF,Credit card (automatic),108.05,7118.9,0
0347-UBKUZ,Mailed check,19.9,320.45,0
0835-DUUIQ,Bank transfer (automatic),21.05,531.55,0
0811-GSDTP,Electronic check,30.15,382.2,0
7567-ECMCM,Credit card (automatic),79.85,2001.0,0
6115-ZTBFQ,Bank transfer (automatic),65.5,4919.7,0
6353-BRMMA,Bank transfer (automatic),104.1,5645.8,0
6680-WKXRZ,Bank transfer (automatic),74.4,215.8,0
6231-WFGFH,Mailed check,20.5,77.6,0
9904-EHEVJ,Mailed check,91.35,2896.55,0
7028-DVOIQ,Electronic check,99.05,3395.8,0
6169-PPETC,Bank transfer (automatic),20.5,759.35,0
4208-UFFGW,Mailed check,44.95,85.15,0
8584-KMVXD,Electronic check,75.6,535.55,0
8467-WYNSR,Mailed check,55.1,1253.15,0
0851-DFJKB,Electronic check,58.95,955.15,0
5382-SOYZL,Electronic check,95.1,2162.6,0
9448-REEVD,Credit card (automatic),44.7,44.7,0
3261-CQXOL,Bank transfer (automatic),25.45,1813.35,0
8388-FYNPZ,Electronic check,56.75,245.15,0
4002-BQWPQ,Bank transfer (automatic),81.75,2028.8,0
5651-YLPRD,Electronic check,86.1,2723.75,0
2826-DXLQO,Bank transfer (automatic),29.8,220.45,0
4378-BZYFP,Mailed check,20.5,365.8,0
9489-UTFKA,Bank transfer (automatic),60.9,551.95,0
4849-PYRLQ,Bank transfer (automatic),73.25,4054.2,0
9117-SHLZX,Mailed check,45.7,45.7,0
9889-TMAHG,Credit card (automatic),100.3,832.35,0
4541-RMRLG,Electronic check,19.25,112.3,0
7764-BDPEE,Mailed check,20.85,60.65,0
3429-IFLEM,Credit card (automatic),77.35,5550.1,0
3158-MOERK,Electronic check,96.0,174.8,0
7294-TMAOP,Electronic check,90.55,90.55,0
5002-GCQFH,Bank transfer (automatic),93.85,4733.1,0
0556-FJEGU,Bank transfer (automatic),70.1,4048.95,0
8919-FYFQZ,Electronic check,30.35,1359.7,0
0604-THJFP,Credit card (automatic),75.95,4542.35,0
2834-JRTUA,Electronic check,108.05,7532.15,0
5875-YPQFJ,Electronic check,69.9,69.9,0
5879-SESNB,Electronic check,75.25,888.65,0
6646-QVXLR,Electronic check,103.75,6383.35,0
6461-PPAXN,Bank transfer (automatic),54.95,1916.0,0
3318-ISQFQ,Bank transfer (automatic),19.5,413.0,0
1106-HRLKZ,Mailed check,19.6,808.95,0
2483-XSSMZ,Electronic check,47.85,1886.4,0
8603-IJWDN,Electronic check,86.6,86.6,0
8165-ZJRNM,Bank transfer (automatic),23.75,1679.25,0
9369-XFEHK,Bank transfer (automatic),80.6,2656.5,0
2604-XVDAM,Bank transfer (automatic),43.8,540.95,0
3717-OFRTN,Bank transfer (automatic),19.75,19.75,0
9046-JBFWA,Mailed check,19.15,537.35,0
3280-NMUVX,Credit card (automatic),19.6,678.8,0
1206-EHBDD,Bank transfer (automatic),80.3,4513.65,0
8361-LBRDI,Credit card (automatic),24.35,1423.85,0
4883-KCPZJ,Credit card (automatic),25.25,555.4,0
9108-EQPNQ,Credit card (automatic),26.1,225.55,0
7277-KAMWT,Credit card (automatic),20.0,268.45,0
3842-IYKUE,Credit card (automatic),85.3,2917.5,0
6641-XRPSU,Credit card (automatic),70.0,2416.1,0
1374-DMZUI,Electronic check,94.3,424.45,0
2545-LXYVJ,Bank transfer (automatic),20.7,1492.1,0
3234-VKACU,Electronic check,70.3,132.4,0
8357-EQXFO,Electronic check,95.35,660.9,0
1989-PRJHP,Electronic check,75.5,1893.95,0
8120-JDCAM,Mailed check,69.55,284.9,0
8917-FAEMR,Mailed check,19.85,784.25,0
7047-YXDMZ,Mailed check,20.0,417.7,0
2858-EIMXH,Credit card (automatic),95.85,5016.25,0
9524-EGPJC,Electronic check,90.1,1612.75,0
6993-OHLXR,Electronic check,68.95,119.75,0
8818-XYFCQ,Credit card (automatic),99.55,3204.65,0
6419-ZTTLE,Electronic check,20.75,485.2,0
0929-HYQEW,Mailed check,50.15,160.85,0
6614-YOLAC,Mailed check,58.65,4145.25,0
7426-RHZGU,Bank transfer (automatic),95.9,827.45,0
4065-JJAVA,Electronic check,49.5,49.5,0
4695-VADHF,Electronic check,57.45,990.85,0
3863-IUBJR,Credit card (automatic),53.65,696.35,0
7649-SIJJF,Mailed check,80.1,5585.4,0
9361-YNQWJ,Bank transfer (automatic),24.4,1601.2,0
3748-FVMZZ,Electronic check,40.05,162.45,0
9391-TTOYH,Mailed check,19.5,470.2,0
1452-XRSJV,Credit card (automatic),51.05,2066.0,0
3422-WJOYD,Mailed check,54.35,1426.45,0
8242-SOQUO,Electronic check,84.7,392.5,0
7460-ITWWP,Electronic check,86.1,3861.45,0
7147-AYBAA,Mailed check,70.35,2552.9,0
7868-TMWMZ,Bank transfer (automatic),110.0,6668.35,0
4822-RVYBB,Electronic check,100.6,819.4,0
6732-FZUGP,Credit card (automatic),94.9,4615.25,0
8436-BJUMM,Electronic check,83.75,2070.6,0
4184-TJFAN,Mailed check,88.3,273.75,0
8329-GWVPJ,Bank transfer (automatic),69.75,3557.7,0
1352-VHKAJ,Bank transfer (automatic),71.6,1957.1,0
4145-UQXUQ,Electronic check,92.1,729.95,0
2632-TACXW,Bank transfer (automatic),23.65,1416.75,0
8146-QQKZH,Bank transfer (automatic),81.85,5924.4,0
1767-CJKBA,Mailed check,25.1,1697.7,0
6445-TNRXS,Bank transfer (automatic),114.7,7849.85,0
4581-LNWUM,Electronic check,49.15,649.4,0
4869-EPIUS,Electronic check,80.9,4557.5,0
9948-YPTDG,Electronic check,79.45,3013.05,0
1236-WFCDV,Credit card (automatic),90.45,1266.1,0
1915-OAKWD,Bank transfer (automatic),19.3,360.35,0
7296-PIXQY,Electronic check,70.2,1046.5,0
4883-QICIH,Bank transfer (automatic),69.75,2347.9,0
3354-OADJP,Bank transfer (automatic),54.25,447.75,0
3524-WQDSG,Bank transfer (automatic),99.3,4209.95,0
0810-DHDBD,Credit card (automatic),74.0,3877.65,0
4026-SKKHW,Mailed check,50.25,152.3,0
2829-HYVZP,Mailed check,19.8,572.2,0
8329-IBCTI,Mailed check,19.65,19.65,0
1271-SJBGZ,Electronic check,43.65,526.95,0
3845-JHAMY,Credit card (automatic),35.5,552.7,0
7013-PSXHK,Mailed check,80.75,3208.65,0
5669-SRAIP,Electronic check,39.5,210.75,0
5981-ITEMU,Bank transfer (automatic),97.1,3706.95,0
3486-NPGST,Mailed check,19.55,620.75,0
6941-PMGEP,Electronic check,80.0,412.5,0
1624-WOIWJ,Mailed check,84.7,832.05,0
2074-GKOWZ,Bank transfer (automatic),89.55,185.55,0
0376-YMCJC,Electronic check,90.6,1943.2,0
6100-FJZDG,Bank transfer (automatic),20.05,505.9,0
4829-ZLJTK,Electronic check,112.4,8046.85,0
1730-VFMWO,Bank transfer (automatic),50.2,1815.3,0
7143-BQIBA,Bank transfer (automatic),62.25,612.95,0
3800-LYTRK,Mailed check,55.7,795.15,0
0634-SZPQA,Bank transfer (automatic),90.05,2169.8,0
9646-NMHXE,Mailed check,19.65,973.1,0
7030-NJVDP,Electronic check,89.25,2210.2,0
5536-RTPWK,Bank transfer (automatic),99.05,4853.75,0
8883-GRDWQ,Mailed check,54.0,1055.9,0
6166-ILMNY,Bank transfer (automatic),69.75,144.55,0
3097-NNSPB,Credit card (automatic),49.05,91.1,0
7771-ZONAT,Bank transfer (automatic),56.75,1304.85,0
0655-RBDUG,Bank transfer (automatic),98.05,713.0,0
2111-DWYHN,Mailed check,21.1,21.1,0
4194-WHFCB,Bank transfer (automatic),96.65,5580.8,0
4121-AGSIN,Credit card (automatic),24.5,1497.9,0
4361-BKAXE,Bank transfer (automatic),114.5,4527.45,0
9845-PEEKO,Credit card (automatic),79.2,4590.35,0
0455-XFASS,Electronic check,69.55,200.2,0
0301-KOBTQ,Bank transfer (automatic),20.05,614.45,0
1751-NCDLI,Electronic check,98.85,4564.9,0
4367-NUYAO,Mailed check,25.75,0.0,1
9878-TNQGW,Electronic check,80.95,171.15,0
9170-ARBTB,Credit card (automatic),19.6,1012.4,0
4441-NIHPT,Electronic check,74.3,940.35,0
8999-BOHSE,Bank transfer (automatic),89.7,1047.7,0
7241-AJHFS,Bank transfer (automatic),87.65,2766.4,0
7029-RPUAV,Credit card (automatic),100.45,1622.45,0
4546-FOKWR,Credit card (automatic),74.75,1129.35,0
9036-CSKBW,Bank transfer (automatic),107.45,5680.9,0
5832-TRLPB,Bank transfer (automatic),75.35,2243.9,0
8590-YFFQO,Credit card (automatic),64.95,4523.25,0
8659-IOOPU,Electronic check,100.45,7159.7,0
1338-CECEE,Bank transfer (automatic),68.5,2839.95,0
7439-DKZTW,Electronic check,80.55,80.55,0
4646-QZXTF,Bank transfer (automatic),81.25,580.1,0
4607-CHPCA,Electronic check,90.4,2178.6,0
9742-XOKTS,Electronic check,89.55,6038.55,0
6921-OZMFH,Mailed check,55.7,259.4,0
9578-FOMUK,Electronic check,24.8,324.15,0
4712-UYOOI,Electronic check,20.0,417.65,0
8824-RWFXJ,Mailed check,56.15,168.15,0
7722-CVFXN,Electronic check,105.2,5637.85,0
8717-VCTXJ,Mailed check,19.55,839.4,0
7363-QTBIW,Electronic check,79.75,769.1,0
4159-NAAIX,Bank transfer (automatic),97.45,6253.0,0
0971-QIFJK,Bank transfer (automatic),24.25,1641.8,0
9397-TZSHA,Credit card (automatic),24.6,1678.05,0
3391-JSQEW,Mailed check,50.15,2058.5,0
0343-QLUZP,Bank transfer (automatic),39.6,2424.5,0
9763-PDTKK,Bank transfer (automatic),94.4,387.2,0
2176-LVPNX,Mailed check,89.85,6293.45,0
7627-JKIAZ,Credit card (automatic),78.95,2839.65,0
3312-UUMZW,Credit card (automatic),98.85,3145.9,0
1271-UODNO,Credit card (automatic),53.85,2200.7,0
8461-EFQYM,Electronic check,24.25,914.4,0
6900-RBKER,Credit card (automatic),89.45,4577.75,0
6891-JPYFF,Credit card (automatic),105.25,4997.5,0
1459-QNFQT,Bank transfer (automatic),59.5,4144.8,0
1047-NNCBF,Credit card (automatic),70.55,1493.55,0
3696-XRIEN,Credit card (automatic),82.5,4179.1,0
4081-DYXAV,Credit card (automatic),44.85,893.55,0
0074-HDKDG,Bank transfer (automatic),61.6,1611.0,0
8791-GFXLZ,Bank transfer (automatic),49.05,593.05,0
8111-SLLHI,Electronic check,105.65,4284.8,0
0927-LCSMG,Mailed check,74.65,544.55,0
9330-DHBFL,Mailed check,66.25,1533.8,0
0098-BOWSO,Electronic check,19.4,529.8,0
3452-ABWRL,Credit card (automatic),86.05,3865.6,0
5859-HZYLF,Credit card (automatic),19.15,515.75,0
8257-RZAHR,Bank transfer (automatic),64.7,941.0,0
5293-WXJAK,Bank transfer (automatic),104.05,1133.65,0
3156-QLHBO,Mailed check,19.25,48.35,0
2208-NQBCT,Electronic check,81.95,2070.05,0
1779-PWPMG,Bank transfer (automatic),114.65,8333.95,0
6621-NRZAK,Credit card (automatic),20.0,1209.25,0
0831-JNISG,Mailed check,19.8,1396.25,0
0774-IFUVM,Bank transfer (automatic),65.15,723.35,0
3082-WQRVY,Mailed check,19.65,228.65,0
9553-DLCLU,Credit card (automatic),88.95,1161.75,0
1641-BYBTK,Mailed check,20.2,98.35,0
2460-NGXBJ,Credit card (automatic),75.2,775.3,0
2446-ZKVAF,Credit card (automatic),56.8,1074.65,0
0841-NULXI,Electronic check,35.55,35.55,0
3522-CDKHF,Bank transfer (automatic),75.5,2324.7,0
1430-SFQSA,Mailed check,35.6,1072.6,0
0411-EZJZE,Electronic check,60.25,170.5,0
7851-WZEKY,Electronic check,95.15,196.9,0
8844-TONUD,Mailed check,96.65,1162.85,0
8807-ARQET,Electronic check,40.35,1677.85,0
8992-CEUEN,Electronic check,18.85,18.85,0
4320-QMLLA,Mailed check,54.85,370.4,0
8777-PVYGU,Mailed check,64.3,3410.6,0
8292-ITGYJ,Bank transfer (automatic),24.65,1138.8,0
6870-ZWMNX,Credit card (automatic),76.1,5264.25,0
0621-CXBKL,Mailed check,18.7,1005.7,0
5268-DSMNQ,Credit card (automatic),97.95,5936.55,0
5334-JLAXU,Credit card (automatic),94.1,5475.9,0
4086-YQSNZ,Electronic check,80.4,224.05,0
6242-MBHPK,Electronic check,95.1,2326.05,0
5868-CZJDR,Mailed check,31.35,31.35,0
9359-UGBTK,Bank transfer (automatic),72.35,4991.5,0
0135-NMXAP,Bank transfer (automatic),89.75,1052.4,0
4782-OSFXZ,Bank transfer (automatic),82.7,5831.2,0
6479-OAUSD,Credit card (automatic),19.9,510.8,0
7129-ACFOG,Electronic check,53.8,283.95,0
4189-NAKJS,Credit card (automatic),51.55,1295.4,0
5562-BETPV,Mailed check,19.65,19.65,0
1282-IHQAC,Credit card (automatic),44.05,3011.65,0
9127-FHJBZ,Electronic check,114.0,8093.15,0
6270-OMFIW,Electronic check,94.4,5610.25,0
1641-RQDAY,Electronic check,100.4,3217.65,0
0107-WESLM,Electronic check,19.85,19.85,0
6994-ORCWG,Mailed check,54.25,773.2,0
1346-UFHAX,Credit card (automatic),80.0,1029.35,0
3992-YWPKO,Credit card (automatic),109.9,669.45,0
2933-XEUJM,Mailed check,79.2,3593.8,0
0125-LZQXK,Electronic check,101.35,1553.95,0
5461-QKNTN,Electronic check,94.3,3953.15,0
4835-YSJMR,Bank transfer (automatic),49.8,1971.15,0
8399-YNDCH,Bank transfer (automatic),60.05,1236.15,0
3164-YAXFY,Electronic check,53.75,3196.0,0
0887-WBJVH,Electronic check,93.45,4872.2,0
4660-IRIBM,Mailed check,87.9,1500.5,0
5673-FSSMF,Electronic check,60.15,60.15,0
7670-ZBPOQ,Bank transfer (automatic),61.05,3478.75,0
8089-UZWLX,Bank transfer (automatic),104.05,7413.55,0
0080-OROZO,Electronic check,99.25,3532.0,0
3916-NRPAP,Credit card (automatic),85.7,256.75,0
6807-SIWJI,Electronic check,104.85,3887.25,0
8221-HVAYI,Credit card (automatic),69.15,2490.15,0
1579-KLYDT,Electronic check,90.45,593.45,0
5232-NXPAY,Mailed check,74.45,3510.3,0
8967-SZQAS,Electronic check,50.45,765.45,0
4468-KAZHE,Electronic check,60.0,1259.35,0
0455-ENTCR,Electronic check,85.25,5538.35,0
8944-AILEF,Credit card (automatic),19.45,340.85,0
5542-NKVRU,Bank transfer (automatic),20.75,844.45,0
7126-RBHSD,Electronic check,78.9,1348.95,0
5370-IIVVL,Credit card (automatic),104.5,3778.0,0
6789-HJBWG,Electronic check,49.4,611.65,0
3927-NLNRY,Bank transfer (automatic),94.25,4867.95,0
9087-EYCPR,Mailed check,25.0,1505.05,0
6791-YBNAK,Credit card (automatic),25.55,467.85,0
6358-LYNGM,Electronic check,74.9,74.9,0
6077-BDPXA,Electronic check,70.15,194.2,0
0013-MHZWF,Credit card (automatic),69.4,571.45,0
5494-HECPR,Electronic check,80.25,80.25,0
8268-YDIXR,Electronic check,93.15,5253.95,0
9824-BEMCV,Electronic check,69.0,1149.65,0
1373-ORVIZ,Electronic check,66.35,740.8,0
4291-SHSBH,Electronic check,69.55,521.35,0
6980-IMXXE,Bank transfer (automatic),20.2,1412.65,0
9866-QEVEE,Bank transfer (automatic),86.0,1532.45,0
9897-KXHCM,Electronic check,80.3,250.05,0
0040-HALCW,Credit card (automatic),20.4,1090.6,0
0784-GTUUK,Credit card (automatic),23.75,1446.8,0
7979-CORPM,Credit card (automatic),90.55,2282.55,0
2294-DMMUS,Credit card (automatic),70.45,4300.45,0
0872-JCPIB,Bank transfer (automatic),65.75,1111.2,0
3055-MJDSB,Mailed check,24.6,190.1,0
9091-WTUUY,Mailed check,69.25,4447.75,0
1618-CFHME,Electronic check,75.9,143.35,0
3165-HDOEW,Mailed check,45.85,45.85,0
6581-NQCBA,Electronic check,49.95,810.2,0
7115-IRDHS,Bank transfer (automatic),24.65,1830.05,0
8496-DMZUK,Bank transfer (automatic),90.4,2820.65,0
2040-VZIKE,Mailed check,100.85,4847.35,0
9068-VPWQQ,Credit card (automatic),75.35,4729.3,0
0178-SZBHO,Electronic check,87.2,4017.45,0
0384-RVBPI,Credit card (automatic),64.4,1398.6,0
1689-MRZQR,Electronic check,78.3,2564.3,0
1299-AURJA,Bank transfer (automatic),24.7,1685.9,0
4525-VZCZG,Electronic check,105.85,5826.65,0
1543-LLLFT,Mailed check,98.3,6066.55,0
5835-BEQEU,Electronic check,76.95,228.4,0
2788-CJQAQ,Mailed check,19.45,270.2,0
5565-FILXA,Electronic check,96.15,1529.2,0
0319-QZTCO,Credit card (automatic),58.7,168.6,0
2120-SMPEX,Mailed check,20.15,536.35,0
0096-FCPUF,Mailed check,64.5,1888.45,0
0668-OGMHD,Electronic check,28.5,629.35,0
5552-ZNFSJ,Electronic check,45.3,45.3,0
2223-KAGMX,Bank transfer (automatic),19.4,289.3,0
6507-ZJSUR,Electronic check,90.45,2117.25,0
9408-HRXRK,Electronic check,105.15,4730.9,0
5593-SUAOO,Bank transfer (automatic),83.15,2033.05,0
7321-PKUYW,Electronic check,90.15,987.95,0
2833-SLKDQ,Mailed check,45.05,45.05,0
6766-HFKLA,Bank transfer (automatic),103.2,5744.35,0
7595-EUIVN,Electronic check,75.8,75.8,0
7617-EYGLW,Electronic check,19.45,19.45,0
2026-TGDHM,Electronic check,79.3,523.15,0
9220-ZNKJI,Credit card (automatic),88.8,4805.3,0
4030-VPZBD,Electronic check,30.9,59.05,0
2226-ICFDO,Credit card (automatic),85.9,6110.75,0
0723-VSOBE,Electronic check,34.2,1596.6,0
5529-GIBVH,Mailed check,20.15,1046.2,0
4187-CINZD,Credit card (automatic),95.25,4424.2,0
9992-UJOEL,Mailed check,50.3,92.75,0
4741-WWJQZ,Electronic check,80.15,194.55,0
6625-UTXEW,Electronic check,51.25,612.1,0
6818-WOBHJ,Bank transfer (automatic),89.6,6127.6,0
6244-BESBM,Credit card (automatic),95.2,6671.7,0
1004-NOZNR,Credit card (automatic),94.8,5264.3,0
1251-STYSZ,Electronic check,80.25,303.7,0
2612-PHGOX,Bank transfer (automatic),76.1,4818.8,0
2408-TZMJL,Electronic check,110.15,6448.05,0
8480-PPONV,Bank transfer (automatic),115.55,7159.05,0
8780-IHCRN,Credit card (automatic),24.65,1574.5,0
4598-ZADCK,Electronic check,53.6,2879.2,0
1257-SXUXQ,Mailed check,19.45,86.05,0
9681-KYGYB,Electronic check,88.2,4159.45,0
7182-OVLBJ,Bank transfer (automatic),101.15,6638.35,0
5095-ETBRJ,Mailed check,56.8,3112.05,0
7005-CYUIL,Electronic check,99.4,7168.25,0
4821-WQOYN,Credit card (automatic),20.1,1326.25,0
4730-AWNAU,Credit card (automatic),60.7,2234.55,0
3452-FLHYD,Bank transfer (automatic),20.95,495.15,0
2388-LAESQ,Bank transfer (automatic),114.85,8317.95,0
9531-NSBMR,Bank transfer (automatic),19.25,679.8,0
6260-ONULR,Mailed check,62.8,62.8,0
4389-UEFCZ,Electronic check,105.5,7544.0,0
8711-LOBKY,Mailed check,19.85,1188.25,0
9134-CEQMF,Electronic check,89.5,676.7,0
8985-OOPOS,Credit card (automatic),74.1,74.1,0
8800-ZKRFW,Electronic check,107.5,3242.5,0
2616-FLVQC,Mailed check,19.55,1240.15,0
9968-FFVVH,Bank transfer (automatic),68.8,4111.35,0
3108-PCCGG,Credit card (automatic),84.45,5899.85,0
7993-PYKOF,Electronic check,75.0,632.95,0
8390-FESFV,Bank transfer (automatic),84.5,5193.2,0
3022-BEXHZ,Bank transfer (automatic),111.2,7530.8,0
5027-XWQHA,Electronic check,44.75,270.95,0
6248-TKCQV,Bank transfer (automatic),80.6,5460.2,0
6729-GDNGC,Bank transfer (automatic),80.7,1614.2,0
6198-ZFIOJ,Electronic check,75.6,402.5,0
5989-OMNJE,Electronic check,57.6,1367.75,0
4566-QVRRW,Electronic check,44.05,483.7,0
1291-CUOCY,Credit card (automatic),110.6,7962.2,0
9795-SHUHB,Credit card (automatic),58.2,3810.8,0
3230-IUALN,Mailed check,81.0,3533.6,0
0042-RLHYP,Bank transfer (automatic),19.7,1396.9,0
8519-IMDHU,Bank transfer (automatic),85.6,1345.55,0
4945-RVMTE,Bank transfer (automatic),59.55,1646.45,0
0201-OAMXR,Credit card (automatic),115.55,8127.6,0
1866-NXPSP,Mailed check,75.55,2680.15,0
3372-KWFBM,Electronic check,86.6,1281.0,0
7831-QGOXH,Electronic check,85.2,1553.9,0
6393-WRYZE,Electronic check,97.65,3207.55,0
3941-XTSKM,Credit card (automatic),45.1,2049.05,0
1661-CZBAU,Bank transfer (automatic),70.95,3629.2,0
6599-RCLCJ,Electronic check,109.55,5124.55,0
9831-BPFRI,Electronic check,89.55,3474.45,0
5158-RIVOP,Credit card (automatic),20.9,202.3,0
9788-YTFGE,Mailed check,19.95,147.5,0
9277-JOOMO,Mailed check,24.6,86.35,0
1907-YLNYW,Electronic check,66.7,579.0,0
1725-MIMXW,Mailed check,19.45,19.45,0
8947-YRTDV,Mailed check,94.8,3131.55,0
3161-ONRWK,Bank transfer (automatic),65.85,3928.3,0
0114-RSRRW,Bank transfer (automatic),19.95,187.75,0
4565-NLZBV,Bank transfer (automatic),24.65,1710.15,0
0031-PVLZI,Mailed check,20.35,76.35,0
7206-GZCDC,Electronic check,69.25,69.25,0
6682-VCIXC,Bank transfer (automatic),51.25,2151.6,0
4791-QRGMF,Bank transfer (automatic),99.5,5961.1,0
6475-VHUIZ,Electronic check,54.25,1221.55,0
3910-MRQOY,Bank transfer (automatic),19.4,1496.45,0
0661-WCQNQ,Credit card (automatic),56.25,1292.2,0
7537-RBWEA,Mailed check,25.15,25.15,0
4656-CAURT,Bank transfer (automatic),23.95,1713.1,0
0121-SNYRK,Mailed check,35.4,1748.9,0
1768-ZAIFU,Electronic check,25.2,25.2,0
4671-LXRDQ,Mailed check,45.0,96.45,0
3733-LSYCE,Bank transfer (automatic),75.35,1114.55,0
6265-FRMTQ,Bank transfer (automatic),20.4,609.1,0
1934-SJVJK,Mailed check,20.15,20.15,0
3838-OZURD,Credit card (automatic),105.0,7133.25,0
1371-DWPAZ,Credit card (automatic),56.05,0.0,1
9269-CQOOL,Credit card (automatic),54.7,169.45,0
2017-CCBLH,Mailed check,20.0,141.6,0
7690-KPNCU,Credit card (automatic),73.05,4688.65,0
0536-BGFMZ,Mailed check,20.5,563.05,0
2293-IJWPS,Credit card (automatic),100.75,5985.0,0
2845-HSJCY,Electronic check,87.25,1258.6,0
5469-NUJUR,Mailed check,19.95,373.5,0
1184-PJVDB,Electronic check,79.95,857.2,0
2625-TRCZQ,Electronic check,49.65,2553.35,0
4102-HLENU,Mailed check,65.65,4322.85,0
7266-GSSJX,Electronic check,20.45,250.8,0
7722-VJRQD,Bank transfer (automatic),60.95,4549.05,0
7073-QETQY,Electronic check,20.35,1359.5,0
9415-DPEWS,Electronic check,88.35,1639.3,0
5624-RYAMH,Electronic check,19.5,178.85,0
0196-JTUQI,Credit card (automatic),75.2,633.85,0
7130-YXBRO,Bank transfer (automatic),111.45,5315.1,0
9272-LSVYH,Mailed check,70.15,735.5,0
7943-RQCHR,Electronic check,94.75,889.9,0
3793-MMFUH,Electronic check,95.05,1290.0,0
3249-ZPQRG,Electronic check,78.45,330.05,0
2568-BRGYX,Electronic check,70.2,237.95,0
3084-DOWLE,Bank transfer (automatic),92.0,6474.4,0
1084-MNSMJ,Credit card (automatic),85.5,4421.95,0
7721-JXEAW,Bank transfer (automatic),41.05,2452.7,0
7249-WBIYX,Electronic check,85.6,813.85,0
4238-HFHSN,Electronic check,82.15,4904.85,0
6250-CGGUN,Electronic check,84.4,4484.05,0
5478-JJVZK,Mailed check,60.9,2033.85,0
7596-IIWYC,Bank transfer (automatic),20.25,538.2,0
6567-HOOPW,Electronic check,79.2,79.2,0
9793-WECQC,Mailed check,95.3,2192.9,0
4291-HPAXL,Mailed check,19.85,19.85,0
8999-YPYBV,Mailed check,84.35,3858.05,0
1839-FBNFR,Bank transfer (automatic),19.85,854.8,0
3164-AALRN,Mailed check,70.0,347.4,0
3071-MVJCD,Bank transfer (automatic),82.3,5815.15,0
1697-BCSHV,Bank transfer (automatic),66.8,3970.4,0
0562-KBDVM,Bank transfer (automatic),44.6,3058.15,0
1131-SUEKT,Bank transfer (automatic),98.45,6145.2,0
3717-OEAUQ,Mailed check,70.7,129.2,0
4538-WNTMJ,Mailed check,24.95,1165.9,0
3334-CTHOL,Bank transfer (automatic),49.95,49.95,0
4704-ERYFC,Electronic check,69.25,1554.0,0
9432-RUVSL,Credit card (automatic),102.5,4904.25,0
8060-HIWJJ,Credit card (automatic),86.55,5632.55,0
7684-XSZIY,Bank transfer (automatic),24.3,1643.25,0
9089-UOWJG,Credit card (automatic),58.35,740.55,0
8621-MNIHH,Electronic check,94.25,3217.55,0
8039-ACLPL,Credit card (automatic),68.75,4888.2,0
9885-AIBVB,Electronic check,85.8,2440.25,0
1934-MKPXS,Credit card (automatic),20.1,620.55,0
2592-YKDIF,Mailed check,20.35,20.35,0
2272-JKMSI,Electronic check,110.8,6840.95,0
0471-LVHGK,Electronic check,73.0,3001.2,0
9518-RWHZL,Credit card (automatic),100.05,6254.2,0
8714-CTZJW,Credit card (automatic),82.85,319.6,0
3569-EDBPQ,Electronic check,84.35,1938.05,0
3131-NWVFJ,Mailed check,19.55,294.5,0
7521-YXVZY,Mailed check,19.95,58.3,0
5419-CONWX,Credit card (automatic),99.8,442.85,0
6240-EURKS,Electronic check,35.0,553.0,0
2373-NTKOD,Electronic check,66.25,546.45,0
1970-KKFWL,Bank transfer (automatic),23.3,797.1,0
6960-HVYXR,Electronic check,76.0,76.0,0
9337-SRRNI,Credit card (automatic),25.3,1673.8,0
0895-UADGO,Mailed check,44.55,343.45,0
5678-VFNEQ,Credit card (automatic),104.1,7412.25,0
5977-CKHON,Bank transfer (automatic),92.55,4039.0,0
7024-OHCCK,Electronic check,93.85,170.85,0
2692-BUCFV,Bank transfer (automatic),101.45,2948.6,0
7861-UVUFT,Electronic check,84.3,1308.4,0
1830-GGFNM,Credit card (automatic),94.55,6078.75,0
5302-BDJNT,Electronic check,95.5,3418.2,0
5223-UZAVK,Credit card (automatic),100.3,6603.8,0
4859-ZSRDZ,Credit card (automatic),55.5,3166.9,0
5651-WYIPH,Credit card (automatic),49.85,865.75,0
9350-VLHMB,Bank transfer (automatic),89.55,6373.1,0
3498-LZGQZ,Mailed check,19.15,1177.05,0
8785-CJSHH,Electronic check,99.8,5985.75,0
5357-TZHPP,Credit card (automatic),84.4,732.5,0
3870-SPZSI,Credit card (automatic),113.05,7869.05,0
0680-DFNNY,Electronic check,101.1,1504.05,0
7560-QRBXH,Mailed check,19.95,936.7,0
7077-XJMET,Electronic check,74.15,741.4,0
8752-GHJFU,Electronic check,92.0,6585.2,0
6896-SRVYQ,Electronic check,73.85,3122.4,0
7767-UXAGJ,Electronic check,50.45,50.45,0
4652-ODEVH,Mailed check,24.45,1088.25,0
6510-UPNKS,Credit card (automatic),24.8,615.35,0
6718-BDGHG,Bank transfer (automatic),64.85,2908.2,0
9046-DQMTP,Bank transfer (automatic),20.75,739.9,0
6439-LAJXL,Mailed check,68.95,593.85,0
1571-SAVHK,Mailed check,99.95,1132.75,0
9052-VKDUW,Credit card (automatic),109.4,7227.45,0
9546-CQJSU,Electronic check,91.4,193.6,0
1666-JZPZT,Mailed check,49.0,1291.35,0
5777-KJIRB,Mailed check,50.25,2023.55,0
0506-LVNGN,Credit card (automatic),75.55,349.65,0
7677-SJJJK,Credit card (automatic),19.9,153.95,0
2480-EJWYP,Bank transfer (automatic),97.8,5458.8,0
3253-HKOKL,Electronic check,100.3,5244.45,0
7055-HNEOJ,Mailed check,55.8,154.55,0
5514-YQENT,Electronic check,111.15,4507.15,0
3211-AAPKX,Mailed check,98.55,2031.95,0
8445-DNBAE,Electronic check,50.05,50.05,0
2951-QOQTK,Credit card (automatic),80.8,332.45,0
2958-NHPPS,Electronic check,20.85,473.9,0
6806-YDEUL,Bank transfer (automatic),19.5,106.8,0
1735-XMJVH,Mailed check,19.35,152.6,0
6890-PFRQX,Mailed check,69.5,1199.4,0
0222-CNVPT,Credit card (automatic),48.8,2555.05,0
5899-OUVKV,Electronic check,94.5,2979.2,0
8681-ICONS,Mailed check,20.65,654.85,0
1621-YNCJH,Credit card (automatic),106.05,3834.4,0
3473-XIIIT,Electronic check,100.0,1534.75,0
6362-QHAFM,Electronic check,108.3,4586.15,0
7893-IXHRQ,Electronic check,20.55,20.55,0
3070-BDOQC,Electronic check,99.65,5941.05,0
2952-QAYZF,Electronic check,85.3,424.15,0
6234-PFPXL,Credit card (automatic),95.9,2234.95,0
9824-QCJPK,Mailed check,20.0,666.75,0
4763-PGDPO,Electronic check,70.4,281.0,0
4283-IVYCI,Mailed check,64.95,547.8,0
1866-OBPNR,Credit card (automatic),74.6,74.6,0
8205-MQUGY,Electronic check,49.2,571.15,0
8970-ANWXO,Mailed check,73.75,1756.6,0
9480-BQJEI,Bank transfer (automatic),92.3,5731.45,0
5394-SVGJV,Bank transfer (automatic),98.8,3475.55,0
6979-TNDEU,Mailed check,19.2,156.85,0
9777-WJJPR,Credit card (automatic),88.65,2683.2,0
9283-LZQOH,Credit card (automatic),74.4,896.75,0
7079-QRCBC,Electronic check,98.75,2407.3,0
9495-SKLKD,Bank transfer (automatic),95.95,4456.65,0
6048-UWKAL,Credit card (automatic),105.4,6998.95,0
5067-DGXLL,Mailed check,20.25,36.8,0
5469-CTCWN,Electronic check,106.0,6547.7,0
9851-QXEEQ,Electronic check,104.7,4346.4,0
6281-FKEWS,Electronic check,49.05,2265.0,0
8898-KASCD,Mailed check,35.55,1309.15,0
9242-TKFSV,Credit card (automatic),65.1,4754.3,0
9290-SHCMB,Electronic check,96.85,1235.55,0
0743-HNPFG,Credit card (automatic),69.75,3562.5,0
2277-BKJKN,Electronic check,99.2,7213.75,0
9809-IMGCQ,Electronic check,96.7,2082.95,0
5208-HFSBT,Credit card (automatic),55.05,102.75,0
5035-PGZXH,Electronic check,106.8,5914.4,0
8695-WDYEA,Mailed check,51.25,51.25,0
6543-JXSOO,Mailed check,57.75,1282.85,0
8016-ZMGMO,Bank transfer (automatic),70.85,4738.85,0
8605-ITULD,Mailed check,19.55,19.55,0
3254-YRILK,Electronic check,88.2,1775.8,0
6416-YJTTB,Bank transfer (automatic),79.5,795.65,0
2667-WYLWJ,Mailed check,19.75,145.0,0
4472-VESGY,Bank transfer (automatic),98.15,4993.4,0
3195-TQDZX,Electronic check,20.25,61.45,0
3128-YOVTD,Bank transfer (automatic),79.15,4018.55,0
0529-ONKER,Electronic check,75.65,1146.65,0
1728-CXQBE,Electronic check,94.25,6081.4,0
7041-TXQJH,Credit card (automatic),40.2,1478.85,0
5014-GSOUQ,Mailed check,19.95,243.65,0
5724-BIDBU,Electronic check,55.35,2633.95,0
0481-SUMCB,Bank transfer (automatic),102.15,4735.35,0
1769-GRUIK,Electronic check,71.1,1247.75,0
5240-IJOQT,Electronic check,74.7,74.7,0
8819-WFGGJ,Bank transfer (automatic),54.1,3794.5,0
7427-AUFPY,Credit card (automatic),19.65,1008.7,0
2811-POVEX,Bank transfer (automatic),88.45,2130.55,0
1092-GANHU,Electronic check,76.65,1313.55,0
7898-PDWQE,Credit card (automatic),80.4,5727.15,0
9972-EWRJS,Bank transfer (automatic),19.25,1372.9,0
9314-IJWSQ,Electronic check,84.8,1203.9,0
0661-XEYAN,Mailed check,25.8,25.8,0
5799-JRCZO,Credit card (automatic),19.5,1215.1,0
1921-KYSAY,Electronic check,68.6,2877.05,0
6198-RTPMF,Electronic check,92.6,1579.7,0
2924-KHUVI,Electronic check,100.55,5514.95,0
1925-GMVBW,Credit card (automatic),20.55,96.1,0
7881-EVUAD,Electronic check,42.6,72.4,0
6184-DYUOB,Mailed check,19.6,55.25,0
9207-ZPANB,Electronic check,67.45,2443.3,0
5766-XQXMQ,Bank transfer (automatic),68.85,1970.5,0
9327-QSDED,Mailed check,43.55,335.4,0
1656-DRSMG,Credit card (automatic),109.85,7002.95,0
3012-VFFMN,Mailed check,20.65,158.95,0
2984-AFWNC,Electronic check,95.4,293.15,0
0640-YJTPY,Bank transfer (automatic),21.0,1493.75,0
8096-LOIST,Electronic check,56.2,1093.4,0
9764-REAFF,Bank transfer (automatic),18.4,1057.85,0
3703-VAVCL,Credit card (automatic),90.0,190.05,0
7107-UBYKY,Electronic check,25.75,882.55,0
4881-GQJTW,Credit card (automatic),19.6,300.4,0
8519-QJGJD,Electronic check,75.35,1025.95,0
7876-DNYAP,Credit card (automatic),19.8,1436.95,0
7905-NJMXS,Electronic check,64.2,475.0,0
2882-WDTBA,Bank transfer (automatic),75.75,5388.15,0
2091-GPPIQ,Electronic check,78.95,5730.15,0
6326-MTTXK,Electronic check,100.85,819.55,0
5071-FBJFS,Electronic check,50.3,217.1,0
2796-UUZZO,Credit card (automatic),80.3,4896.35,0
2429-AYKKO,Bank transfer (automatic),19.85,1434.1,0
9798-OPFEM,Electronic check,21.1,937.1,0
0330-IVZHA,Electronic check,69.95,330.15,0
3794-NFNCH,Mailed check,50.0,1474.9,0
5193-QLVZB,Bank transfer (automatic),104.75,6536.5,0
7114-AEOZE,Bank transfer (automatic),19.85,1128.1,0
2886-KEFUM,Electronic check,107.5,6873.75,0
5522-NYKPB,Electronic check,85.9,2199.05,0
4237-RLAQD,Mailed check,45.85,45.85,0
9957-YODKZ,Electronic check,80.8,457.1,0
6518-KZXCB,Mailed check,25.25,566.5,0
2245-ADZFJ,Bank transfer (automatic),80.55,2471.6,0
7776-QGYJC,Bank transfer (automatic),81.5,3107.3,0
9313-QOLTZ,Mailed check,20.9,518.3,0
9651-GTSAQ,Bank transfer (automatic),106.1,5769.75,0
3186-BAXNB,Electronic check,91.7,91.7,0
4672-FOTSD,Electronic check,67.25,832.3,0
0637-YLETY,Credit card (automatic),95.6,1555.65,0
9818-XQCUV,Mailed check,20.35,45.3,0
7338-ERIVA,Bank transfer (automatic),45.05,1790.6,0
1157-BQCUW,Electronic check,74.95,74.95,0
8259-NFJTV,Mailed check,34.65,246.6,0
3223-DWFIO,Electronic check,69.35,261.65,0
2660-EMUBI,Electronic check,95.35,898.35,0
6968-GMKPR,Electronic check,81.55,4509.5,0
4751-ERMAN,Bank transfer (automatic),75.4,5480.25,0
1436-ZMJAN,Credit card (automatic),67.8,653.15,0
3292-PBZEJ,Electronic check,111.4,1183.05,0
0799-DDIHE,Electronic check,46.3,639.45,0
3070-FNFZQ,Bank transfer (automatic),20.4,478.75,0
2812-SFXMJ,Mailed check,20.05,20.05,0
7675-OZCZG,Electronic check,45.0,127.1,0
5014-WUQMG,Electronic check,96.1,4391.45,0
5312-TSZVC,Mailed check,19.65,270.6,0
2003-CKLOR,Electronic check,99.5,6710.5,0
0993-OSGPT,Bank transfer (automatic),60.65,3975.9,0
9254-RBFON,Bank transfer (automatic),98.6,1704.95,0
1205-WNWPJ,Mailed check,59.5,415.95,0
9391-EOYLI,Electronic check,80.45,950.2,0
7108-DGVUU,Bank transfer (automatic),71.7,1497.05,0
2782-JEEBU,Mailed check,36.0,780.15,0
5127-BZENZ,Bank transfer (automatic),65.2,3512.15,0
2720-FVBQP,Credit card (automatic),48.95,273.25,0
9906-NHHVC,Bank transfer (automatic),53.5,3517.9,0
4522-XRWWI,Credit card (automatic),80.45,3375.9,0
3766-EJLFL,Bank transfer (automatic),109.05,7508.55,0
5939-SXWHM,Bank transfer (automatic),26.3,1245.05,0
8152-UOBNY,Electronic check,106.8,5347.95,0
7351-KYHQH,Electronic check,64.95,493.65,0
7643-RCHXS,Electronic check,19.35,1263.85,0
8246-SHFGA,Credit card (automatic),21.1,385.55,0
8387-MOJJT,Credit card (automatic),77.95,3384.0,0
0620-XEFWH,Mailed check,18.85,84.2,0
6485-QXWWE,Bank transfer (automatic),26.0,1638.7,0
2761-OCIAX,Electronic check,74.7,165.4,0
7321-VGNKU,Electronic check,70.35,120.25,0
5327-CNLUQ,Bank transfer (automatic),96.9,4473.45,0
7552-KEYGT,Bank transfer (automatic),19.55,520.55,0
5816-JMLGY,Bank transfer (automatic),80.4,5717.85,0
3068-OMWZA,Electronic check,88.8,88.8,0
2927-QRRQV,Electronic check,94.65,4312.5,0
6032-KRXXO,Electronic check,90.25,2755.35,0
7459-RRWQZ,Bank transfer (automatic),64.65,994.55,0
6265-SXWBU,Credit card (automatic),95.75,6511.25,0
7941-RCJOW,Credit card (automatic),19.55,1218.65,0
6374-NTQLP,Credit card (automatic),104.1,7447.7,0
4154-AQUGT,Bank transfer (automatic),89.05,1169.35,0
2387-KDZQY,Mailed check,20.1,279.5,0
3584-WKTTW,Electronic check,111.55,5720.35,0
3399-BMLVW,Credit card (automatic),60.5,3121.45,0
1971-DTCZB,Bank transfer (automatic),90.95,6468.6,0
3092-IGHWF,Electronic check,87.4,5918.8,0
3374-PZLXD,Mailed check,19.7,675.6,0
3813-DHBBB,Bank transfer (automatic),50.95,3521.7,0
2812-REYAT,Bank transfer (automatic),20.05,923.1,0
6518-PPLMZ,Mailed check,19.4,1110.35,0
4939-KYYPY,Electronic check,59.45,1611.65,0
8017-LXHFA,Electronic check,94.75,2293.6,0
5930-GBIWP,Credit card (automatic),81.5,5553.25,0
6022-KOUQO,Bank transfer (automatic),29.05,44.75,0
6352-TWCAU,Electronic check,86.45,3029.1,0
2361-UPSND,Mailed check,70.6,3231.05,0
6035-RIIOM,Bank transfer (automatic),97.2,5129.45,0
2929-QNSRW,Electronic check,98.25,5508.35,0
1262-OPMFY,Bank transfer (automatic),75.75,655.9,0
9504-DSHWM,Bank transfer (automatic),59.2,1191.2,0
5035-BVCXS,Mailed check,75.9,866.4,0
6267-DCFFZ,Electronic check,90.05,2627.2,0
3533-UVMOM,Bank transfer (automatic),70.95,4741.45,0
2439-LYPMQ,Electronic check,102.6,4009.2,0
4248-QPAVC,Bank transfer (automatic),85.35,1463.45,0
1899-VXWXM,Credit card (automatic),106.1,5082.8,0
1478-VPOAD,Electronic check,43.8,43.8,0
9995-HOTOH,Electronic check,59.0,3707.6,0
2988-PLAHS,Electronic check,69.95,220.45,0
1371-OJCEK,Bank transfer (automatic),24.35,1133.7,0
4999-IEZLT,Credit card (automatic),29.45,1983.15,0
8883-ANODQ,Credit card (automatic),84.4,5746.75,0
4690-LLKUA,Electronic check,45.05,770.6,0
2351-RRBUE,Mailed check,20.65,134.05,0
5980-BDHPY,Bank transfer (automatic),87.1,6230.1,0
1498-DQNRX,Mailed check,19.85,573.05,0
9469-WEJBT,Electronic check,90.35,3419.3,0
3331-HQDTW,Mailed check,109.8,3587.25,0
9490-DFPMD,Electronic check,84.65,3541.35,0
2581-VKIRT,Mailed check,65.5,3801.3,0
5442-XSDCW,Bank transfer (automatic),79.5,868.5,0
7426-WEIJX,Electronic check,80.95,4859.1,0
2851-MMUTZ,Mailed check,56.15,1439.35,0
3049-NDXFL,Mailed check,85.8,85.8,0
8580-AECUZ,Electronic check,79.1,79.1,0
3307-TLCUD,Mailed check,34.4,592.75,0
6625-FLENO,Mailed check,20.75,1185.95,0
2967-MXRAV,Mailed check,18.8,18.8,0
7963-GQRMY,Mailed check,44.3,134.5,0
8189-HBVRW,Electronic check,90.8,4921.2,0
4163-KIUHY,Electronic check,25.6,901.25,0
1228-FZFRV,Credit card (automatic),105.95,5341.8,0
3500-NSDOA,Credit card (automatic),70.8,4859.95,0
1171-TYKUR,Electronic check,25.4,1139.2,0
3761-FLYZI,Bank transfer (automatic),108.8,7082.45,0
2058-DCJBE,Electronic check,69.75,324.6,0
5364-XYIRR,Electronic check,94.65,4812.75,0
4829-AUOAX,Bank transfer (automatic),96.05,4399.5,0
1219-NNDDO,Electronic check,76.85,663.55,0
8388-DMKAE,Mailed check,20.25,174.65,0
4403-BWPAY,Credit card (automatic),24.8,321.7,0
9659-QEQSY,Electronic check,115.65,5125.5,0
5405-ZMYXQ,Credit card (automatic),74.6,548.9,0
5047-LHVLY,Mailed check,50.15,50.15,0
1442-OKRJE,Bank transfer (automatic),103.15,7031.3,0
4737-AQCPU,Credit card (automatic),72.1,5016.65,0
9158-VCTQB,Bank transfer (automatic),113.6,4594.95,0
2808-CHTDM,Mailed check,25.1,611.45,0
6311-UEUME,Electronic check,78.9,2384.15,0
0793-TWELN,Electronic check,80.15,319.85,0
3283-WCWXT,Mailed check,25.4,153.3,0
1060-ENTOF,Credit card (automatic),105.4,7035.6,0
0999-QXNSA,Mailed check,45.75,344.2,0
5451-MHQOF,Mailed check,24.45,1431.65,0
4836-WNFNO,Credit card (automatic),25.0,1849.2,0
9225-BZLNZ,Electronic check,85.25,6083.1,0
0354-VXMJC,Credit card (automatic),19.6,426.65,0
4422-QVIJA,Mailed check,50.15,1655.35,0
9365-SRSZE,Electronic check,70.55,1943.9,0
6839-ITVZJ,Electronic check,60.05,1616.15,0
8332-OSJDW,Mailed check,26.4,314.95,0
4735-BJKOU,Mailed check,20.15,804.85,0
0274-JKUJR,Mailed check,58.85,465.7,0
5740-YHGTW,Credit card (automatic),97.55,6669.05,0
8917-SZTTJ,Credit card (automatic),19.65,1161.75,0
1696-MZVAU,Credit card (automatic),25.25,947.75,0
7359-WWYJV,Credit card (automatic),114.45,8375.05,0
0375-HVGXO,Electronic check,34.7,34.7,0
4906-ZHGPK,Electronic check,70.7,3770.0,0
8593-WHYHV,Electronic check,85.3,264.8,0
3795-GWTRD,Credit card (automatic),75.55,4707.85,0
1298-PHBTI,Electronic check,84.8,6152.4,0
6223-DHJGV,Mailed check,20.65,958.1,0
6961-MJKBO,Bank transfer (automatic),20.45,943.0,0
6097-EQISJ,Credit card (automatic),102.45,6615.15,0
4423-YLHDV,Bank transfer (automatic),104.4,2200.25,0
8158-WPEZG,Electronic check,35.65,425.1,0
0107-YHINA,Electronic check,99.75,99.75,0
4918-FYJNT,Electronic check,90.45,5044.8,0
0727-BNRLG,Credit card (automatic),97.65,6743.55,0
4854-CIDCF,Electronic check,73.85,196.4,0
8640-SDGKB,Electronic check,74.4,299.7,0
3280-MRDOF,Credit card (automatic),69.1,2093.9,0
6435-SRWBJ,Electronic check,82.75,417.75,0
9964-WBQDJ,Credit card (automatic),24.4,1725.4,0
6303-KFWSL,Electronic check,55.25,1620.2,0
1702-CCFNJ,Bank transfer (automatic),61.35,3169.55,0
8932-CZHRQ,Credit card (automatic),76.75,5233.25,0
0386-CWRGM,Mailed check,19.4,967.85,0
5515-RUGKN,Credit card (automatic),54.75,438.05,0
0404-AHASP,Credit card (automatic),19.7,1421.9,0
7279-NMVJC,Bank transfer (automatic),19.9,323.15,0
2081-VEYEH,Electronic check,107.95,318.6,0
6407-UTSLV,Bank transfer (automatic),83.8,163.7,0
4116-TZAQJ,Credit card (automatic),74.25,639.65,0
9060-HJJRW,Credit card (automatic),56.4,2928.5,0
2587-YNLES,Mailed check,20.1,100.35,0
7398-SKNQZ,Electronic check,94.9,273.2,0
5935-FCCNB,Electronic check,94.2,1608.15,0
1958-RNRKS,Electronic check,49.9,1441.95,0
5136-RGMZO,Electronic check,71.05,2168.15,0
8345-MVDYC,Bank transfer (automatic),81.65,3618.7,0
8226-BXGES,Bank transfer (automatic),89.45,5692.65,0
3877-JRJIP,Electronic check,59.85,59.85,0
8375-DKEBR,Electronic check,69.6,69.6,0
9705-IOVQQ,Electronic check,99.0,5969.3,0
1015-OWJKI,Mailed check,19.05,19.05,0
7511-YMXVQ,Electronic check,45.4,418.8,0
2040-XBAVJ,Bank transfer (automatic),114.45,8100.55,0
7551-JOHTI,Mailed check,19.5,19.5,0
8887-IPQNC,Mailed check,44.25,313.45,0
8646-JCOMS,Bank transfer (automatic),90.55,6130.95,0
9804-ICWBG,Electronic check,69.9,69.9,0
1222-KJNZD,Bank transfer (automatic),20.4,745.3,0
0106-GHRQR,Bank transfer (automatic),71.4,1212.1,0
5318-IXUZF,Bank transfer (automatic),87.15,183.75,0
3768-VHXQO,Credit card (automatic),24.85,1583.5,0
8952-WCVCD,Bank transfer (automatic),104.45,4162.05,0
2418-TPEUN,Credit card (automatic),19.8,1119.9,0
3963-RYFNS,Bank transfer (automatic),116.45,8013.55,0
3198-VELRD,Bank transfer (automatic),84.75,264.85,0
8540-ZQGEA,Credit card (automatic),20.05,1102.4,0
1320-REHCS,Electronic check,110.75,5832.0,0
4137-JOPHL,Bank transfer (automatic),89.7,4304.5,0
9436-ZBZCT,Electronic check,89.95,1178.4,0
7801-CEDNV,Credit card (automatic),48.7,1421.75,0
2057-BOYKM,Bank transfer (automatic),96.6,6827.5,0
3658-QQJYD,Credit card (automatic),74.3,4698.05,0
1803-BGNBD,Electronic check,54.3,654.5,0
0134-XWXCE,Bank transfer (automatic),74.85,3268.05,0
6950-TWMYB,Bank transfer (automatic),79.95,4362.05,0
5848-FHRFC,Bank transfer (automatic),20.05,1386.9,0
2243-FNMMI,Mailed check,19.4,415.4,0
2511-MORQY,Bank transfer (automatic),54.9,2614.1,0
5356-KZCKT,Credit card (automatic),24.45,1513.6,0
9470-XCCEM,Bank transfer (automatic),89.65,3161.6,0
6519-CFDBX,Electronic check,45.4,80.95,0
3902-MIVLE,Mailed check,75.7,4676.7,0
0409-WTMPL,Credit card (automatic),110.65,6526.65,0
8763-KIAFH,Mailed check,20.55,583.3,0
3669-WHAFY,Credit card (automatic),115.15,8078.1,0
3055-VTCGS,Credit card (automatic),58.55,3503.5,0
3144-KMTWZ,Bank transfer (automatic),93.25,6669.45,0
7279-BUYWN,Electronic check,113.2,4689.5,0
7156-MHUGY,Electronic check,90.5,1201.15,0
7198-GLXTC,Electronic check,79.0,143.65,0
2007-QVGAW,Bank transfer (automatic),19.35,1292.65,0
5207-PLSTK,Mailed check,48.75,48.75,0
2307-FYNNL,Electronic check,109.05,7108.2,0
5605-XNWEN,Bank transfer (automatic),25.0,1802.55,0
2155-AMQRX,Credit card (automatic),54.9,1505.15,0
6181-AXXYF,Credit card (automatic),24.75,1859.1,0
5091-HFAZW,Electronic check,91.15,168.5,0
0516-VRYBW,Bank transfer (automatic),20.15,390.85,0
2519-LBNQL,Electronic check,104.35,6339.45,0
8623-ULFNQ,Electronic check,66.05,1652.4,0
8380-PEFPE,Electronic check,71.65,71.65,0
5687-DKDTV,Mailed check,20.35,77.5,0
1568-LJSZU,Credit card (automatic),92.2,6392.85,0
7530-HDYDS,Credit card (automatic),84.25,3264.5,0
7789-HKSBS,Bank transfer (automatic),105.2,4599.15,0
7416-CKTEP,Bank transfer (automatic),19.6,1134.25,0
2586-CWXVV,Electronic check,30.4,1621.35,0
3096-IZETN,Bank transfer (automatic),78.1,947.3,0
2348-KCJLT,Mailed check,61.5,2722.2,0
8401-EMUWF,Bank transfer (automatic),69.4,3058.3,0
4193-IBKSW,Bank transfer (automatic),24.75,1769.6,0
5377-NDTOU,Mailed check,91.05,6293.75,0
5922-ABDVO,Mailed check,89.65,1761.05,0
2474-LCNUE,Credit card (automatic),73.65,1642.75,0
0839-QNXME,Credit card (automatic),19.4,578.5,0
3506-OVLKD,Bank transfer (automatic),26.2,954.9,0
9172-ANCRX,Electronic check,98.7,973.25,0
6650-VJONK,Bank transfer (automatic),43.85,43.85,0
2178-PMGCJ,Mailed check,69.7,1490.4,0
7492-TAFJD,Mailed check,38.55,280.0,0
2773-MADBQ,Mailed check,53.1,1901.25,0
6016-LVTJQ,Mailed check,20.65,716.4,0
7860-KSUGX,Credit card (automatic),64.45,4720.0,0
8966-KZXXA,Credit card (automatic),25.1,930.95,0
6910-HADCM,Electronic check,76.35,76.35,0
4816-LXZYW,Electronic check,79.15,1676.95,0
9606-PBKBQ,Electronic check,85.0,2642.05,0
5149-QYTTU,Credit card (automatic),95.15,6770.85,0
2070-XYMFH,Mailed check,79.35,1835.3,0
2085-BOJKI,Bank transfer (automatic),96.65,1588.25,0
0817-HSUSE,Electronic check,75.5,75.5,0
5442-PPTJY,Mailed check,19.7,258.35,0
1927-QEWMY,Credit card (automatic),20.5,1502.25,0
1663-MHLHE,Mailed check,19.2,19.2,0
5663-QBGIS,Bank transfer (automatic),98.35,6929.4,0
4450-MDZFX,Bank transfer (automatic),74.35,4453.3,0
6701-DHKWQ,Credit card (automatic),51.35,3244.4,0
7554-AKDQF,Mailed check,45.65,323.45,0
3536-IQCTX,Electronic check,85.3,2661.1,0
4911-BANWH,Credit card (automatic),86.55,2697.4,0
8496-EJAUI,Credit card (automatic),73.85,1424.5,0
0794-YVSGE,Bank transfer (automatic),20.3,1401.15,0
5423-BHIXO,Electronic check,54.2,1739.6,0
6908-VVYHM,Electronic check,90.65,5931.0,0
2959-EEXWB,Bank transfer (automatic),50.9,2333.85,0
1839-UMACK,Electronic check,25.05,949.85,0
3030-YDNRM,Electronic check,74.85,572.45,0
7321-KKSDU,Mailed check,20.5,696.8,0
3402-XRIUO,Mailed check,63.55,1381.8,0
3132-TVFDZ,Electronic check,44.85,2572.95,0
8286-AFUYI,Electronic check,47.95,47.95,0
8080-DDEMJ,Electronic check,45.1,45.1,0
8356-WUAOJ,Electronic check,45.0,45.0,0
6365-MTGZX,Electronic check,96.0,2122.45,0
1349-WXNGG,Bank transfer (automatic),20.05,20.05,0
8058-DMYRU,Electronic check,90.05,4931.8,0
9350-ZXYJC,Credit card (automatic),25.3,116.95,0
6990-YNRIO,Bank transfer (automatic),108.65,6937.95,0
8958-JPTRR,Electronic check,24.3,1261.7,0
6959-GQEGV,Electronic check,75.95,3273.8,0
3173-WSSUE,Credit card (automatic),19.7,1415.85,0
1265-HVPZB,Credit card (automatic),66.4,3958.2,0
4115-UMJFQ,Bank transfer (automatic),35.75,2492.25,0
7369-TRPFD,Mailed check,18.8,279.2,0
1098-KFQEC,Credit card (automatic),19.4,1083.0,0
7190-XHTWJ,Mailed check,19.3,755.5,0
0621-TWIEM,Electronic check,45.55,402.6,0
3537-RYBHH,Credit card (automatic),67.45,3252.0,0
2485-ITVKB,Electronic check,35.1,68.75,0
3669-OYSJI,Credit card (automatic),46.2,46.2,0
1612-EOHDH,Electronic check,45.15,45.15,0
6702-OHFWR,Electronic check,43.3,43.3,0
5296-BFCYD,Mailed check,20.1,936.85,0
4510-PYUSH,Credit card (automatic),57.15,2250.65,0
9359-JANWS,Credit card (automatic),58.9,3857.1,0
7517-SAWMO,Electronic check,73.2,1441.1,0
4143-HHPMK,Electronic check,85.35,4338.6,0
3279-DYZQM,Mailed check,19.45,1378.45,0
7054-LGEQW,Mailed check,45.95,45.95,0
0523-VNGTF,Electronic check,50.5,2566.3,0
9575-IWCAZ,Mailed check,25.1,171.0,0
7105-MXJLL,Mailed check,60.7,1597.4,0
7064-FRRSW,Electronic check,99.0,4744.35,0
7940-UQQUG,Bank transfer (automatic),104.4,6721.6,0
0923-PNFUB,Electronic check,83.75,247.25,0
3961-SXAXY,Bank transfer (automatic),44.05,44.05,0
7010-BRBUU,Credit card (automatic),24.1,1734.65,0
3566-HJGPK,Mailed check,45.55,45.55,0
3062-ICYZQ,Electronic check,93.8,4539.35,0
9938-PRCVK,Bank transfer (automatic),19.7,804.25,0
0973-KYVNF,Credit card (automatic),70.65,5011.15,0
5129-HHMZC,Credit card (automatic),86.45,3574.5,0
9637-CDTKZ,Credit card (automatic),114.1,8086.4,0
3946-JEWRQ,Credit card (automatic),95.2,4563.0,0
7873-CVMAW,Credit card (automatic),88.55,6362.35,0
0463-WZZKO,Credit card (automatic),20.75,67.1,0
3494-JCHRQ,Electronic check,70.05,70.05,0
6474-FVJLC,Electronic check,86.0,165.45,0
4524-QCSSM,Bank transfer (automatic),44.65,1156.55,0
5832-EXGTT,Mailed check,60.2,1834.15,0
8840-DQLGN,Bank transfer (automatic),100.5,3653.35,0
2039-JONDJ,Bank transfer (automatic),55.45,1477.65,0
7217-JYHOQ,Credit card (automatic),70.3,1706.45,0
6695-FRVEC,Bank transfer (automatic),60.4,3953.7,0
4547-LYTDD,Electronic check,72.65,1194.3,0
9894-QMIMJ,Bank transfer (automatic),55.8,1327.85,0
8069-YQQAJ,Mailed check,31.1,419.7,0
6770-XUAGN,Electronic check,21.0,21.0,0
4193-ORFCL,Mailed check,45.1,45.1,0
1636-NTNCO,Credit card (automatic),50.95,207.35,0
3466-WAESX,Electronic check,69.1,1083.7,0
9281-PKKZE,Electronic check,43.95,2007.85,0
3638-VBZTA,Bank transfer (automatic),86.5,5882.75,0
7459-IMVYU,Electronic check,69.95,2657.55,0
7776-QWNFX,Bank transfer (automatic),50.4,1527.5,0
6689-TCZHQ,Electronic check,78.95,378.4,0
8563-OYMQY,Credit card (automatic),90.95,1612.2,0
0754-EEBDC,Mailed check,19.9,76.65,0
5777-ZPQNC,Electronic check,20.15,260.7,0
1951-IEYXM,Credit card (automatic),90.6,6441.85,0
3318-NMQXL,Electronic check,92.0,266.8,0
3143-ILDAL,Electronic check,94.45,5124.6,0
1022-RKXDR,Mailed check,24.85,962.25,0
2361-FJWNO,Credit card (automatic),36.0,1382.9,0
2272-UOINI,Electronic check,78.5,571.05,0
8232-UTFOZ,Credit card (automatic),19.95,1399.35,0
3750-YHRYO,Mailed check,20.65,150.0,0
6637-KYRCV,Electronic check,30.5,167.2,0
5668-MEISB,Credit card (automatic),106.1,7657.4,0
0129-QMPDR,Bank transfer (automatic),20.5,865.05,0
7188-CBBBA,Electronic check,95.5,6153.85,0
5356-CSVSQ,Electronic check,64.6,174.2,0
3221-CJMSG,Credit card (automatic),51.1,1269.6,0
4720-VSTSI,Bank transfer (automatic),84.8,3862.55,0
3219-JQRSL,Credit card (automatic),89.1,6352.4,0
2801-NISEI,Electronic check,54.95,1348.5,0
3946-MHCZW,Mailed check,50.9,50.9,0
4623-ZKHLY,Bank transfer (automatic),20.45,471.55,0
6732-VAILE,Credit card (automatic),85.95,5931.75,0
8201-AAXCB,Electronic check,60.35,1404.65,0
7696-CFTAT,Bank transfer (automatic),19.8,726.1,0
1845-CSBRZ,Bank transfer (automatic),85.35,1961.6,0
2123-VSCOT,Bank transfer (automatic),72.1,4194.85,0
6651-AZVTJ,Electronic check,99.8,4872.45,0
4566-GOLUK,Bank transfer (automatic),107.35,5118.95,0
2484-DGXPZ,Mailed check,19.55,658.95,0
2018-QKYGT,Electronic check,81.05,81.05,0
2792-VPPET,Electronic check,20.5,76.95,0
7409-JURKQ,Bank transfer (automatic),111.8,5809.75,0
3247-MHJKM,Mailed check,20.2,20.2,0
1964-SVLEA,Mailed check,19.7,415.9,0
4587-NUKOX,Electronic check,79.1,246.5,0
7297-DVYGA,Bank transfer (automatic),19.85,996.95,0
2239-CGBUZ,Bank transfer (automatic),60.5,3145.15,0
0854-UYHZD,Mailed check,19.55,265.3,0
7243-LCGGZ,Mailed check,20.9,20.9,0
8267-KFGYD,Mailed check,21.05,21.05,0
4890-VMUAV,Electronic check,71.5,4576.3,0
9261-WDCAF,Mailed check,54.65,189.1,0
3764-MNMOI,Credit card (automatic),19.2,908.15,0
7442-YGZFK,Credit card (automatic),49.8,49.8,0
0420-BWTPW,Mailed check,25.5,215.2,0
8229-BUJHX,Bank transfer (automatic),20.5,1500.95,0
7449-HVPIV,Credit card (automatic),90.4,5099.15,0
5504-WSIUR,Bank transfer (automatic),90.25,6385.95,0
8183-ONMXC,Electronic check,80.75,159.45,0
8466-PZBLH,Bank transfer (automatic),104.6,6885.75,0
9614-RMGHA,Bank transfer (automatic),91.85,5940.85,0
8735-IJJEG,Credit card (automatic),50.2,668.85,0
0564-MUUQK,Bank transfer (automatic),95.5,1916.2,0
5054-IEXZT,Electronic check,75.35,75.35,0
5834-ASPWA,Electronic check,75.45,75.45,0
0701-RFGFI,Bank transfer (automatic),95.4,4613.95,0
0019-EFAEP,Bank transfer (automatic),101.3,7261.25,0
5619-PTMIK,Electronic check,53.1,2459.8,0
3737-XBQDD,Bank transfer (automatic),84.85,2048.8,0
5882-CMAZQ,Electronic check,34.25,163.55,0
5846-QFDFI,Credit card (automatic),88.6,2888.7,0
4445-KWOKW,Bank transfer (automatic),60.15,2421.6,0
3511-APPBJ,Credit card (automatic),99.95,2292.75,0
7967-HYCDE,Bank transfer (automatic),70.7,553.4,0
2430-RRYUW,Mailed check,54.8,3465.7,0
3948-XHGNA,Bank transfer (automatic),49.55,1210.4,0
3723-BFBGR,Credit card (automatic),54.8,1291.3,0
0565-IYCGT,Credit card (automatic),78.6,5356.45,0
5447-WZAFP,Mailed check,100.3,5200.8,0
5110-CHOPY,Electronic check,53.6,3237.05,0
5445-UTODQ,Electronic check,81.1,576.65,0
4425-OWHWB,Credit card (automatic),19.35,433.75,0
7892-QVYKW,Electronic check,85.6,1868.4,0
9675-ICXCT,Electronic check,80.8,5728.55,0
1024-VRZHF,Electronic check,74.95,825.7,0
4703-MQYKT,Mailed check,19.6,390.4,0
9497-QCMMS,Electronic check,93.55,93.55,0
5692-ICXLW,Electronic check,90.7,2845.15,0
0602-DDUML,Mailed check,69.75,3894.4,0
2208-MPXIO,Bank transfer (automatic),20.0,886.4,0
1960-UYCNN,Electronic check,95.25,1021.55,0
0348-SDKOL,Credit card (automatic),102.1,5885.4,0
3190-FZATL,Mailed check,19.95,268.4,0
7336-RLLRH,Mailed check,80.85,2204.35,0
4373-MAVJG,Bank transfer (automatic),90.9,1259.0,0
8901-HJXTF,Mailed check,29.2,309.1,0
7710-JSYOA,Bank transfer (automatic),93.3,6398.05,0
5419-KLXBN,Bank transfer (automatic),89.15,2257.75,0
3424-NMNBO,Electronic check,108.85,6287.25,0
9885-MFVSU,Credit card (automatic),46.35,1662.05,0
4514-GFCFI,Electronic check,84.75,1350.15,0
0607-MVMGC,Credit card (automatic),78.75,3600.65,0
3365-SAIGS,Electronic check,83.55,1329.15,0
9828-AOQLM,Electronic check,45.7,45.7,0
8022-BECSI,Mailed check,19.6,422.5,0
8000-REIQB,Electronic check,69.95,69.95,0
9993-LHIEB,Mailed check,67.85,4627.65,0
0266-CLZKZ,Bank transfer (automatic),105.65,6717.9,0
7615-ESMYF,Electronic check,44.6,97.1,0
3858-VOBET,Electronic check,74.95,1710.45,0
7020-OZKXZ,Credit card (automatic),75.5,637.4,0
3977-QCRSL,Mailed check,20.15,117.95,0
0017-DINOC,Credit card (automatic),45.2,2460.55,0
1447-PJGGA,Electronic check,95.25,5464.65,0
8565-CLBZW,Mailed check,89.85,2165.05,0
9139-WQQDY,Mailed check,100.45,4941.8,0
0224-HJAPT,Electronic check,47.15,223.15,0
8086-OVPWV,Electronic check,80.2,181.1,0
9430-FRQOC,Mailed check,87.1,341.45,0
7639-OPLNG,Bank transfer (automatic),79.25,5731.85,0
3074-GQWYX,Bank transfer (automatic),75.9,357.75,0
1492-QGCLU,Electronic check,85.7,4616.1,0
6845-RGTYS,Electronic check,98.75,4533.7,0
7328-OWMOM,Credit card (automatic),20.1,589.25,0
4418-LZMSV,Bank transfer (automatic),61.8,750.1,0
5155-AZQPB,Mailed check,49.9,1410.25,0
8861-HGGKB,Electronic check,86.45,830.85,0
1087-GRUYI,Bank transfer (automatic),20.4,743.5,0
7065-YUNRY,Mailed check,45.3,45.3,0
7694-VLBWQ,Electronic check,104.1,7040.85,0
2546-KZAAT,Mailed check,75.4,3865.45,0
0181-RITDD,Mailed check,108.15,6825.65,0
5989-PGKJB,Electronic check,86.25,1340.1,0
4795-KTRTH,Electronic check,81.0,371.65,0
8272-ONJLV,Electronic check,95.7,1184.0,0
1488-PBLJN,Bank transfer (automatic),116.85,8477.7,0
0308-GIQJT,Bank transfer (automatic),105.75,7382.85,0
3778-FOAQW,Mailed check,20.15,456.85,0
4452-ROHMO,Mailed check,19.6,331.6,0
6481-OGDOO,Credit card (automatic),90.6,6056.15,0
3090-LETTY,Bank transfer (automatic),60.95,134.6,0
5349-AZPEW,Mailed check,25.05,125.5,0
3753-TSEMP,Electronic check,88.15,1390.6,0
8305-VHZBZ,Mailed check,20.2,20.2,0
9720-JJJOR,Bank transfer (automatic),60.3,2511.3,0
8100-HZZLJ,Electronic check,63.95,2737.05,0
8775-ERLNB,Electronic check,74.3,74.3,0
8309-IEYJD,Mailed check,70.6,70.6,0
9172-JITSM,Electronic check,90.8,2361.8,0
6298-QDFNH,Electronic check,79.35,1730.35,0
7398-HPYZQ,Bank transfer (automatic),90.55,6404.0,0
3546-GHEAE,Mailed check,19.45,165.35,0
7361-YPXFS,Bank transfer (automatic),64.45,1867.6,0
6557-BZXLQ,Electronic check,69.65,1043.3,0
2550-QHZGP,Mailed check,19.5,128.6,0
7519-JTWQH,Bank transfer (automatic),110.5,7455.45,0
2538-OIMXF,Mailed check,24.7,24.7,0
8543-MSDMF,Electronic check,77.4,206.15,0
9961-JBNMK,Bank transfer (automatic),96.8,2030.3,0
1170-SASML,Bank transfer (automatic),85.4,5869.4,0
4872-JCVCA,Bank transfer (automatic),47.6,3377.8,0
5346-BZCHP,Mailed check,19.4,1346.2,0
2038-LLMLM,Electronic check,103.85,4946.05,0
6173-ITPWD,Bank transfer (automatic),83.35,4065.0,0
9734-UYXQI,Electronic check,49.4,106.55,0
1216-BGTSP,Credit card (automatic),108.45,4964.7,0
4138-NAXED,Bank transfer (automatic),81.0,4085.75,0
2189-UXTKY,Electronic check,79.2,1742.75,0
0744-BIKKF,Bank transfer (automatic),86.65,6224.8,0
7483-IQWIB,Electronic check,92.95,3415.25,0
5248-KWLAR,Electronic check,90.35,6325.25,0
4958-GZWIY,Electronic check,48.7,340.25,0
7996-MHXLW,Credit card (automatic),25.15,1683.6,0
7833-PKIHD,Bank transfer (automatic),76.4,3966.3,0
7061-OVMIM,Bank transfer (automatic),19.55,608.5,0
5153-RTHKF,Electronic check,85.35,2896.6,0
1852-QSWCD,Mailed check,24.8,1514.85,0
4832-VRBMR,Bank transfer (automatic),103.15,6792.45,0
9079-LWTFD,Mailed check,100.75,4669.2,0
6356-ELRKD,Electronic check,95.6,95.6,0
8624-GIOUT,Credit card (automatic),59.75,2934.3,0
3392-EHMNK,Credit card (automatic),94.1,6302.8,0
5986-WWXDV,Bank transfer (automatic),19.35,779.2,0
3061-BCKYI,Mailed check,19.9,283.75,0
6179-GJPSO,Credit card (automatic),108.15,4600.7,0
7901-TBKJX,Electronic check,101.05,5594.0,0
7228-PAQPD,Credit card (automatic),59.1,772.85,0
3177-LASXD,Electronic check,71.35,71.35,0
7746-QYVCO,Mailed check,55.85,857.8,0
5804-HYIEZ,Electronic check,106.05,7554.05,0
9919-FZDED,Credit card (automatic),84.1,5981.65,0
5934-TSSAU,Credit card (automatic),75.3,1702.9,0
3486-KHMLI,Mailed check,24.7,467.15,0
4897-QSUYC,Mailed check,20.15,20.15,0
1084-UQCHV,Bank transfer (automatic),69.75,69.75,0
8290-YWKHZ,Electronic check,93.2,2931.0,0
2955-BJZHG,Electronic check,80.85,1400.85,0
3806-DXQOM,Electronic check,33.65,137.85,0
6784-XYJAE,Electronic check,55.8,1941.5,0
3933-DQPWX,Credit card (automatic),39.7,1932.75,0
6661-EIPZC,Credit card (automatic),29.5,1423.05,0
8957-THMOA,Credit card (automatic),20.15,970.85,0
2251-PYLPB,Credit card (automatic),79.55,5810.9,0
5555-RNPGT,Credit card (automatic),24.8,223.9,0
1057-FOGLZ,Mailed check,19.65,391.7,0
9300-RENDD,Electronic check,79.95,79.95,0
0761-AETCS,Electronic check,19.3,19.3,0
8087-LGYHQ,Electronic check,94.05,811.65,0
4137-BTIKL,Mailed check,90.75,174.75,0
2190-BCXEC,Credit card (automatic),78.85,3126.85,0
6227-FBDXH,Bank transfer (automatic),99.5,6841.45,0
2153-MREFK,Electronic check,99.2,3754.6,0
2911-WDXMV,Credit card (automatic),80.55,1406.65,0
7206-PQBBZ,Electronic check,70.2,834.7,0
3106-ULWFW,Credit card (automatic),85.2,627.4,0
0925-VYDLG,Electronic check,75.25,242.0,0
4547-FZJWE,Credit card (automatic),59.45,3157.0,0
7422-WNBTY,Electronic check,93.35,3092.0,0
0842-IWYCP,Bank transfer (automatic),44.95,2168.9,0
3521-HTQTV,Bank transfer (automatic),26.1,980.35,0
3744-ZBHON,Electronic check,20.2,65.95,0
3373-DIUUN,Mailed check,21.25,711.9,0
8383-SGHJU,Electronic check,59.4,1952.8,0
7607-QKKTJ,Credit card (automatic),95.0,4368.85,0
7707-PYBBH,Mailed check,61.9,2647.1,0
8984-HPEMB,Electronic check,118.65,8477.6,0
4349-GFQHK,Electronic check,54.35,54.35,0
4139-DETXS,Bank transfer (automatic),64.45,4528.0,0
9779-DPNEJ,Electronic check,80.15,1790.65,0
9805-FILKB,Bank transfer (automatic),20.2,845.6,0
5793-YOLJN,Mailed check,21.0,1210.3,0
0673-IGUQO,Mailed check,20.45,20.45,0
4123-FCVCB,Mailed check,75.85,854.45,0
8819-IMISP,Electronic check,80.45,2429.1,0
7802-EFKNY,Electronic check,24.95,100.4,0
8311-UEUAB,Electronic check,75.5,5229.45,0
5858-EAFCZ,Mailed check,44.45,44.45,0
8035-BUYVG,Electronic check,42.35,1716.45,0
1163-ONYEY,Credit card (automatic),74.55,3023.55,0
9787-XVQIU,Electronic check,75.3,75.3,0
8945-MUQUF,Electronic check,94.8,4837.6,0
5656-MJEFC,Credit card (automatic),48.15,2032.3,0
6082-OQFBA,Mailed check,19.65,436.9,0
8051-HJRLT,Electronic check,70.55,70.55,0
8974-OVACP,Mailed check,20.15,20.15,0
4010-YLMVT,Credit card (automatic),106.6,5893.95,0
1379-FRVEB,Electronic check,91.0,1430.05,0
8612-GXIDD,Bank transfer (automatic),25.4,313.0,0
6288-CHQJB,Bank transfer (automatic),69.95,3871.85,0
8160-HOWOX,Electronic check,66.85,458.1,0
3023-GFLBR,Credit card (automatic),86.15,2745.7,0
6648-INWPS,Electronic check,20.15,341.35,0
4223-BKEOR,Mailed check,64.85,1336.8,0
4079-VTGLK,Electronic check,74.85,2181.75,0
1763-WQFUK,Mailed check,50.5,147.75,0
1391-UBDAR,Electronic check,72.9,818.45,0
8894-JVDCV,Credit card (automatic),115.05,7133.45,0
2023-VQFDL,Electronic check,19.0,348.8,0
1345-GKDZZ,Mailed check,19.55,128.6,0
2014-MKGMH,Electronic check,101.1,4674.4,0
5628-FCGYG,Electronic check,84.1,1737.45,0
2560-WBWXF,Bank transfer (automatic),24.15,1498.85,0
0248-IPDFW,Electronic check,50.1,50.1,0
7978-DKUQH,Electronic check,74.6,1797.75,0
4335-UPJSI,Mailed check,19.75,498.1,0
0524-IAVZO,Electronic check,85.0,2624.25,0
2737-YNGYW,Electronic check,80.55,184.1,0
1784-EZDKJ,Bank transfer (automatic),106.8,5498.8,0
9297-FVVDH,Electronic check,84.5,4845.4,0
8007-YYPWD,Bank transfer (automatic),25.05,369.1,0
7101-HRBLJ,Bank transfer (automatic),83.7,6096.9,0
5159-YFPKQ,Electronic check,75.8,160.75,0
6635-CPNUN,Credit card (automatic),96.6,2684.35,0
4021-RQSNY,Electronic check,98.5,3004.15,0
5453-YBTWV,Credit card (automatic),101.1,6994.8,0
5039-LZRQT,Mailed check,20.2,273.25,0
2931-VUVJN,Electronic check,94.05,5483.9,0
9061-TIHDA,Electronic check,95.25,1233.65,0
8699-ASUFO,Mailed check,74.4,527.9,0
6418-PIQSP,Mailed check,81.0,4985.9,0
8220-OCUFY,Electronic check,60.25,1258.35,0
3995-WFCSM,Electronic check,60.85,111.4,0
1895-QTKDO,Credit card (automatic),43.95,43.95,0
2038-OEQZH,Electronic check,86.05,308.1,0
1178-PZGAB,Credit card (automatic),20.25,383.65,0
7927-AUXBZ,Electronic check,85.15,2555.9,0
2626-VEEWG,Credit card (automatic),19.4,1284.2,0
2878-RMWXY,Credit card (automatic),102.65,7550.3,0
1657-DYMBM,Credit card (automatic),19.9,1110.05,0
7311-MQJCH,Electronic check,19.55,99.6,0
7375-WMVMT,Credit card (automatic),95.5,6707.15,0
1136-XGEQU,Credit card (automatic),84.15,4164.4,0
2530-FMFXO,Electronic check,103.2,5873.75,0
6844-DZKRF,Credit card (automatic),50.2,109.25,0
4695-WJZUE,Electronic check,88.55,179.25,0
7619-ODSGN,Electronic check,54.75,1338.15,0
5970-GHJAW,Credit card (automatic),19.95,862.4,0
8879-XUAHX,Electronic check,116.25,8564.75,0
3689-MOZGR,Electronic check,31.2,926.2,0
4195-PNGZS,Bank transfer (automatic),24.45,1718.2,0
5003-XZWWO,Credit card (automatic),84.2,5956.85,0
3988-RQIXO,Electronic check,91.3,91.3,0
7622-FWGEW,Bank transfer (automatic),85.65,4824.45,0
6922-NCEDI,Mailed check,21.2,1238.65,0
2514-GINMM,Electronic check,79.5,79.5,0
9891-NQDBD,Mailed check,25.55,672.2,0
6131-IUNXN,Mailed check,20.2,382.2,0
8548-AWOFC,Electronic check,63.85,4264.6,0
9798-DRYDS,Mailed check,61.95,1070.7,0
8532-UEFWH,Mailed check,25.75,1345.85,0
6296-DDOOR,Electronic check,58.2,1045.25,0
7951-VRDVK,Bank transfer (automatic),85.85,3003.55,0
5931-FLJJF,Mailed check,70.1,467.55,0
4815-YOSUK,Credit card (automatic),104.9,7537.5,0
2659-VXMWZ,Electronic check,111.3,7482.1,0
0380-NEAVX,Electronic check,99.85,3343.15,0
3207-OYBWH,Bank transfer (automatic),95.25,5427.05,0
4285-GYRQC,Electronic check,86.25,587.1,0
7216-EWTRS,Electronic check,100.8,100.8,0
4365-MSDYN,Bank transfer (automatic),19.55,161.15,0
7036-TYDEC,Electronic check,104.0,7028.5,0
5802-ADBRC,Mailed check,104.4,5232.9,0
8076-FEZKJ,Mailed check,19.5,225.85,0
5197-YPYBZ,Credit card (automatic),25.25,274.7,0
8337-MSSXB,Electronic check,86.3,1180.95,0
4312-GVYNH,Bank transfer (automatic),49.85,3370.2,0
8495-LJDFO,Bank transfer (automatic),108.95,7111.3,0
0839-JTCUD,Credit card (automatic),89.9,5958.85,0
5494-WOZRZ,Credit card (automatic),82.0,5999.85,0
1302-UHBDD,Electronic check,89.95,1648.45,0
2234-EOFPT,Bank transfer (automatic),79.35,5753.25,0
8619-IJNDK,Credit card (automatic),64.05,4492.9,0
8378-LKJAF,Credit card (automatic),101.15,3956.7,0
8182-BJDSI,Electronic check,89.95,2625.55,0
2528-HFYZX,Electronic check,76.45,1233.4,0
1153-GNOLC,Electronic check,39.1,1309.0,0
3298-QEICA,Mailed check,34.6,813.45,0
0788-DXBFY,Electronic check,19.55,1108.8,0
3597-YASZG,Bank transfer (automatic),104.45,7349.35,0
3496-LFSZU,Electronic check,70.5,294.2,0
5242-UOWHD,Mailed check,20.35,929.2,0
2482-CZGBB,Electronic check,70.0,740.0,0
6479-SZPLM,Credit card (automatic),19.45,754.5,0
8097-VBQTZ,Mailed check,69.9,3883.3,0
4500-HKANN,Mailed check,59.7,1414.2,0
9917-KWRBE,Credit card (automatic),78.35,3211.2,0
3420-ZDBMA,Mailed check,71.45,371.6,0
2212-LYASK,Credit card (automatic),45.85,1246.4,0
1393-IMKZG,Electronic check,95.85,95.85,0
8069-RHUXK,Credit card (automatic),35.7,2545.7,0
3398-GCPMU,Credit card (automatic),89.55,6448.85,0
2908-WGAXL,Credit card (automatic),24.95,1468.9,0
3378-AJRAO,Electronic check,24.85,1013.6,0
1013-QCWAM,Electronic check,100.8,6690.75,0
0866-QLSIR,Mailed check,64.4,2088.75,0
6050-FFXES,Bank transfer (automatic),105.35,7240.65,0
7181-BQYBV,Electronic check,102.45,102.45,0
0362-RAOQO,Credit card (automatic),19.65,830.25,0
9554-DFKIC,Bank transfer (automatic),54.45,1588.7,0
5527-ACHSO,Mailed check,70.5,829.3,0
0829-DDVLK,Credit card (automatic),20.1,302.45,0
1399-UBQIU,Electronic check,69.35,712.25,0
1813-JLKWR,Bank transfer (automatic),19.8,1336.65,0
0336-PIKEI,Bank transfer (automatic),74.4,5360.75,0
7322-OCWHC,Bank transfer (automatic),93.05,6735.05,0
9537-VHDTA,Mailed check,51.2,51.2,0
4957-TIALW,Credit card (automatic),65.6,1010.0,0
2054-PJOCK,Credit card (automatic),80.55,4847.05,0
9150-HEPMB,Mailed check,52.7,3019.7,0
9030-QGZNL,Mailed check,20.85,161.65,0
6204-IEUXJ,Credit card (automatic),80.1,217.55,0
3126-WQMGH,Credit card (automatic),52.15,2583.75,0
4529-CKBCL,Electronic check,80.2,146.05,0
2506-CLAKW,Bank transfer (automatic),98.15,567.45,0
7176-WRTNX,Bank transfer (automatic),114.95,7711.25,0
1583-IHQZE,Mailed check,112.95,1384.75,0
5732-IKGQH,Bank transfer (automatic),104.45,5481.25,0
9239-GZHZE,Credit card (automatic),113.65,8124.2,0
7205-BAIAD,Bank transfer (automatic),20.6,827.3,0
0151-ONTOV,Mailed check,70.9,70.9,0
4140-MUHUG,Electronic check,86.85,220.95,0
0093-EXYQL,Electronic check,91.55,3673.6,0
8064-RAVOH,Electronic check,49.85,49.85,0
0219-QAERP,Credit card (automatic),19.8,576.65,0
0320-JDNQG,Electronic check,99.85,2331.3,0
7180-PISOG,Electronic check,74.5,74.5,0
9168-INPSZ,Electronic check,104.15,4495.65,0
3571-RFHAR,Electronic check,109.15,6941.2,0
0015-UOCOJ,Electronic check,48.2,340.35,0
5334-AFQJB,Credit card (automatic),25.1,1789.9,0
2754-SDJRD,Credit card (automatic),100.15,908.55,0
9578-VRMNM,Credit card (automatic),65.2,1043.35,0
1587-FKLZB,Credit card (automatic),99.5,6822.15,0
6140-QNRQQ,Mailed check,71.55,71.55,0
8963-JLGJT,Mailed check,55.9,157.55,0
4307-KTUMW,Electronic check,93.9,5029.2,0
1465-LNTLJ,Credit card (automatic),64.4,581.7,0
5440-FLBQG,Bank transfer (automatic),108.4,7318.2,0
2135-DQWAQ,Mailed check,85.3,420.45,0
4056-QHXHZ,Mailed check,107.45,7576.7,0
7470-MCQTK,Bank transfer (automatic),48.75,633.4,0
7488-MXJIV,Electronic check,85.65,321.65,0
7401-JIXNM,Credit card (automatic),91.3,4965.0,0
9339-FIIJL,Bank transfer (automatic),85.95,6151.9,0
2027-FECZV,Electronic check,106.7,1253.9,0
2672-DZUOY,Electronic check,25.15,25.15,0
4706-DGAHW,Electronic check,45.2,45.2,0
3870-MQAMG,Electronic check,110.35,5893.15,0
6670-MFRPK,Credit card (automatic),79.2,5420.65,0
6177-PEVRA,Credit card (automatic),55.5,2627.35,0
4800-CZMPC,Credit card (automatic),103.25,5037.55,0
4813-HQMGZ,Electronic check,90.25,743.75,0
7579-KKLOE,Mailed check,91.25,6589.6,0
7377-DMMRI,Electronic check,47.8,92.45,0
8402-EIVQS,Credit card (automatic),100.9,6733.15,0
4947-DSMXK,Bank transfer (automatic),97.7,3410.0,0
7245-NIIWQ,Electronic check,69.85,199.85,0
0002-ORFBO,Mailed check,65.6,593.3,0
3324-OIRTO,Bank transfer (automatic),104.65,7288.4,0
5414-OFQCB,Credit card (automatic),90.45,5229.8,0
4967-WPNCF,Bank transfer (automatic),63.7,4464.8,0
8552-OBVRU,Electronic check,104.5,5068.05,0
8499-BRXTD,Mailed check,20.1,401.85,0
9154-QDGTH,Credit card (automatic),104.3,4451.85,0
8197-BFWVU,Bank transfer (automatic),93.25,6688.95,0
2577-GVSIL,Bank transfer (automatic),73.45,2661.1,0
9367-OIUXP,Mailed check,20.7,73.05,0
6770-UAYGJ,Mailed check,25.25,1211.65,0
6463-HHXJR,Bank transfer (automatic),100.5,7030.65,0
7928-VJYAB,Electronic check,90.6,1020.2,0
1187-WILMM,Credit card (automatic),89.4,5597.65,0
9776-OJUZI,Bank transfer (automatic),95.45,6223.3,0
1306-RPWXZ,Credit card (automatic),20.45,1024.65,0
8949-JTMAY,Credit card (automatic),98.6,2933.2,0
2774-LVQUS,Electronic check,83.05,1258.3,0
3097-PYWXL,Electronic check,19.95,82.9,0
2266-SJNAT,Credit card (automatic),109.15,7789.6,0
0869-PAPRP,Credit card (automatic),85.7,2067.0,0
4238-JSSWH,Bank transfer (automatic),102.05,3452.55,0
2972-YDYUW,Electronic check,94.7,5468.95,0
1104-FEJAM,Electronic check,64.4,1802.15,0
2809-ILCYT,Mailed check,26.8,733.55,0
5499-ECUTN,Credit card (automatic),66.05,3021.45,0
4981-FLTMF,Bank transfer (automatic),65.2,3687.85,0
9121-PHQSR,Credit card (automatic),85.05,1391.15,0
3113-IWHLC,Mailed check,55.8,274.35,0
3211-ILJTT,Bank transfer (automatic),70.4,1214.05,0
4612-THJBS,Bank transfer (automatic),104.75,5510.65,0
4277-BWBML,Bank transfer (automatic),19.95,1322.85,0
4094-NSEDU,Electronic check,94.25,1973.75,0
0234-TEVTT,Credit card (automatic),45.0,2196.3,0
4304-TSPVK,Bank transfer (automatic),114.9,7843.55,0
1552-AAGRX,Bank transfer (automatic),106.4,3211.9,0
2637-FKFSY,Mailed check,46.1,130.15,0
9796-MVYXX,Mailed check,39.7,692.35,0
7874-ECPQJ,Bank transfer (automatic),20.05,85.5,0
0020-INWCK,Credit card (automatic),95.75,6849.4,0
7089-RKVSZ,Mailed check,24.4,203.95,0
2683-JXWQQ,Bank transfer (automatic),33.6,2117.2,0
9548-ZMVTX,Bank transfer (automatic),90.45,6565.85,0
8739-XNIKG,Electronic check,84.0,424.75,0
9755-JHNMN,Bank transfer (automatic),67.4,3306.85,0
3981-QSVQI,Bank transfer (automatic),19.7,168.9,0
2789-HQBOU,Electronic check,80.35,253.8,0
9424-CMPOG,Mailed check,19.6,197.4,0
5067-WJEUN,Bank transfer (automatic),54.2,3838.2,0
3450-WXOAT,Credit card (automatic),45.2,2065.15,0
9251-WNSOD,Mailed check,75.1,5064.45,0
6974-DAFLI,Electronic check,19.7,1140.05,0
2616-UUTFK,Bank transfer (automatic),72.75,2447.45,0
7064-JHXCE,Credit card (automatic),20.05,1263.9,0
5103-MHMHY,Mailed check,45.95,45.95,0
7989-AWGEH,Electronic check,39.2,1838.15,0
4373-VVHQL,Electronic check,44.75,44.75,0
4559-UWIHT,Electronic check,82.65,1185.0,0
7268-IGMFD,Bank transfer (automatic),93.9,1743.9,0
1846-XWOQN,Electronic check,70.15,70.15,0
0235-KGSLC,Credit card (automatic),85.55,85.55,0
6650-BWFRT,Credit card (automatic),117.15,8529.5,0
9570-KYEUA,Credit card (automatic),99.25,6549.45,0
6993-YGFJV,Bank transfer (automatic),112.55,7806.5,0
2712-SYWAY,Electronic check,25.7,25.7,0
0730-BGQGF,Credit card (automatic),90.3,6287.3,0
5498-IBWPI,Credit card (automatic),49.4,3251.85,0
9101-NTIXF,Mailed check,19.4,50.6,0
0013-SMEOE,Bank transfer (automatic),109.7,7904.25,0
9314-QDMDW,Electronic check,61.25,729.95,0
9308-ANMVE,Electronic check,55.3,2654.05,0
2884-GBPFB,Electronic check,70.3,2416.55,0
3757-NJYBX,Bank transfer (automatic),106.35,3520.75,0
3413-DHLPB,Bank transfer (automatic),103.75,5969.95,0
7649-PHJVR,Mailed check,19.5,226.8,0
6114-TCFID,Credit card (automatic),39.5,1082.75,0
3787-TRIAL,Electronic check,26.05,565.75,0
2573-GYRUU,Credit card (automatic),91.05,4370.75,0
5156-UMKOW,Mailed check,29.65,90.05,0
1247-QBVSH,Mailed check,50.2,2169.4,0
6734-GMPVK,Electronic check,105.3,550.6,0
9822-OAOVB,Electronic check,55.45,55.45,0
6161-ERDGD,Electronic check,85.45,6300.85,0
1226-JZNKR,Electronic check,19.8,160.05,0
7318-EIVKO,Electronic check,59.25,436.6,0
3771-PZOBW,Credit card (automatic),90.7,1781.35,0
5136-KCKGI,Mailed check,103.7,3467.0,0
8231-BSWXX,Credit card (automatic),79.05,5552.5,0
6486-LHTMA,Electronic check,90.7,2835.5,0
4083-BFNYK,Credit card (automatic),95.0,3591.25,0
3722-WPXTK,Electronic check,88.35,88.35,0
7389-KBFIT,Mailed check,30.25,63.75,0
7176-WIONM,Bank transfer (automatic),49.85,617.15,0
5141-ZUVBH,Bank transfer (automatic),93.0,870.25,0
1089-HDMKP,Electronic check,54.55,601.25,0
7623-HKYRK,Mailed check,19.7,111.65,0
0310-SUCIN,Bank transfer (automatic),84.8,6046.1,0
5197-PYEPU,Credit card (automatic),94.45,3923.8,0
2929-ERCFZ,Electronic check,94.2,777.3,0
7548-SEPYI,Electronic check,96.25,512.45,0
8835-VSDSE,Electronic check,70.7,141.45,0
6619-RPLQZ,Mailed check,20.85,892.15,0
3275-RHRNE,Credit card (automatic),60.0,1682.05,0
3503-TYDAY,Electronic check,80.45,3398.9,0
6901-GOGZG,Electronic check,84.95,4984.85,0
1623-NLDOT,Mailed check,33.55,1445.3,0
7021-XSNYE,Credit card (automatic),49.65,305.55,0
9621-OUPYD,Bank transfer (automatic),20.2,507.9,0
9898-KZQDZ,Credit card (automatic),94.55,3640.45,0
8982-NHAVY,Bank transfer (automatic),100.5,2673.45,0
4307-KWMXE,Electronic check,35.75,389.8,0
0141-YEAYS,Bank transfer (automatic),86.45,2401.05,0
2450-ZKEED,Bank transfer (automatic),53.8,651.55,0
3694-DELSO,Credit card (automatic),38.55,156.1,0
3893-JRNFS,Bank transfer (automatic),39.9,2796.35,0
9603-OAIHC,Electronic check,70.05,70.05,0
1133-KXCGE,Mailed check,20.1,407.05,0
5236-PERKL,Bank transfer (automatic),112.95,6465.0,0
0142-GVYSN,Electronic check,20.3,511.25,0
1049-FYSYG,Credit card (automatic),35.65,646.05,0
7854-FOKSF,Electronic check,35.9,35.9,0
2519-FAKOD,Bank transfer (automatic),99.25,3777.15,0
8406-LNMHF,Credit card (automatic),82.95,4903.15,0
1821-BUCWY,Mailed check,55.65,1653.85,0
8263-JQAIK,Mailed check,24.45,47.5,0
0023-UYUPN,Electronic check,25.2,1306.3,0
8314-DPQHL,Mailed check,50.8,463.6,0
1465-WCZVT,Mailed check,19.65,60.65,0
9481-SFCQY,Credit card (automatic),59.8,824.85,0
6360-SVNWV,Credit card (automatic),73.55,2094.65,0
0567-GGCAC,Electronic check,61.4,438.9,0
7089-IVVAZ,Bank transfer (automatic),103.35,847.3,0
8884-MRNSU,Bank transfer (automatic),19.9,329.75,0
2171-UDMFD,Credit card (automatic),19.45,674.55,0
9050-IKDZA,Mailed check,81.5,162.55,0
2205-YMZZJ,Electronic check,84.8,546.95,0
9802-CAQUT,Credit card (automatic),109.55,7887.25,0
1254-IZEYF,Electronic check,99.95,3186.65,0
0187-WZNAB,Mailed check,74.4,1972.35,0
9492-TOKRI,Credit card (automatic),90.0,1527.35,0
1475-VWVDO,Electronic check,74.9,490.55,0
9221-OTIVJ,Electronic check,104.85,1531.4,0
1357-MVDOZ,Bank transfer (automatic),59.65,683.25,0
7602-MVRMB,Bank transfer (automatic),110.45,8058.85,0
3325-FUYCG,Electronic check,106.1,2847.4,0
5908-QMGOE,Credit card (automatic),74.2,1133.9,0
1197-BVMVG,Electronic check,74.45,294.45,0
5406-KGRMX,Electronic check,24.55,1719.15,0
8481-YYXWG,Electronic check,89.35,461.7,0
5968-HYJRZ,Mailed check,24.55,1160.45,0
5198-EFNBM,Electronic check,90.65,5199.8,0
7516-GMHUV,Credit card (automatic),105.05,5163.3,0
7140-ADSMJ,Credit card (automatic),20.45,162.3,0
2230-XTUWL,Mailed check,19.55,883.35,0
7706-YLMQA,Bank transfer (automatic),19.7,1341.5,0
2585-KTFRE,Bank transfer (automatic),70.45,70.45,0
7994-UYIVZ,Bank transfer (automatic),85.65,659.45,0
2609-IAICY,Electronic check,77.15,77.15,0
1740-CSDJP,Bank transfer (automatic),35.25,35.25,0
7717-BICXI,Mailed check,20.55,1205.05,0
6559-RAKOZ,Electronic check,97.95,4917.9,0
2636-OHFMN,Electronic check,48.55,201.0,0
4716-MRVEN,Mailed check,20.0,599.3,0
2143-LJULT,Credit card (automatic),25.25,1733.15,0
1323-OOEPC,Credit card (automatic),98.4,5149.5,0
3200-MNQTF,Credit card (automatic),70.9,4677.1,0
6164-HXUGH,Mailed check,19.85,119.3,0
5630-IXDXV,Electronic check,106.35,4849.1,0
0320-DWVTU,Mailed check,99.5,5424.25,0
9135-MGVPY,Mailed check,84.7,5878.9,0
1212-GLHMD,Mailed check,86.05,244.85,0
7878-JGDKK,Mailed check,44.55,220.75,0
1088-AUUZZ,Credit card (automatic),75.85,4261.2,0
0397-GZBBC,Bank transfer (automatic),93.85,5574.75,0
6614-YWYSC,Bank transfer (automatic),25.0,1501.75,0
9588-OZDMQ,Electronic check,45.0,89.75,0
7641-EUYET,Electronic check,100.7,4541.2,0
6476-EPYZR,Mailed check,20.5,255.5,0
9921-ZVRHG,Electronic check,80.45,1072.0,0
1174-FGIFN,Electronic check,90.45,2509.25,0
6620-HVDUJ,Bank transfer (automatic),60.45,1440.75,0
4701-MLJPN,Electronic check,55.25,1715.65,0
1032-MAELW,Electronic check,78.45,5333.35,0
7641-TQFHN,Mailed check,100.55,3895.35,0
1552-TKMXS,Credit card (automatic),20.35,869.9,0
9206-GVPEQ,Electronic check,54.45,706.85,0
8622-ZLFKO,Electronic check,90.75,512.25,0
1596-BBVTG,Credit card (automatic),75.35,2636.05,0
6188-UXBBR,Credit card (automatic),20.25,814.75,0
2333-KWEWW,Credit card (automatic),20.05,388.6,0
5702-SKUOB,Mailed check,19.6,93.45,0
1134-YWTYF,Electronic check,53.8,1389.85,0
6061-GWWAV,Mailed check,70.2,2894.55,0
0679-TDGAK,Electronic check,75.5,4025.6,0
6585-WCEWR,Electronic check,20.35,1354.4,0
9067-YGSCA,Credit card (automatic),26.05,1856.4,0
9067-SQTNS,Bank transfer (automatic),20.6,926.0,0
8433-WXGNA,Electronic check,75.7,189.2,0
1776-SPBWV,Bank transfer (automatic),20.1,682.1,0
8735-SDUFN,Bank transfer (automatic),24.3,1778.7,0
9668-PUGNU,Electronic check,24.5,1816.2,0
9405-GPBBG,Credit card (automatic),110.5,7069.25,0
1926-QUZNN,Bank transfer (automatic),25.25,1841.2,0
3707-GNWHM,Mailed check,74.25,74.25,0
7016-NVRIC,Bank transfer (automatic),90.1,2656.7,0
5829-NVSQN,Bank transfer (automatic),68.75,1689.45,0
9565-AXSMR,Mailed check,19.2,1054.75,0
8922-LIEGH,Electronic check,89.7,2187.55,0
8869-LIHMK,Bank transfer (automatic),115.1,7334.05,0
8245-UMPYT,Electronic check,96.4,1581.2,0
5186-SAMNZ,Bank transfer (automatic),69.5,69.5,0
0447-RXSGD,Bank transfer (automatic),99.65,2404.85,0
4927-WWOOZ,Electronic check,91.45,171.45,0
5788-YPOEG,Mailed check,84.75,2839.45,0
5373-SFODM,Credit card (automatic),85.25,3132.75,0
0661-KBKPA,Mailed check,78.75,3942.45,0
9081-WWXKP,Credit card (automatic),20.25,873.4,0
0784-ZQJZX,Credit card (automatic),19.9,1529.65,0
3133-PZNSR,Credit card (automatic),97.75,6991.6,0
5766-ZJYBB,Mailed check,19.4,19.4,0
8931-GJJIQ,Electronic check,83.3,803.3,0
4277-PVRAN,Bank transfer (automatic),80.1,679.3,0
0022-TCJCI,Credit card (automatic),62.7,2791.5,0
0722-SVSFK,Electronic check,100.4,715.0,0
3612-YVGSJ,Credit card (automatic),24.45,1681.6,0
9825-YCXWZ,Bank transfer (automatic),101.1,4016.2,0
5397-NSKQG,Credit card (automatic),50.9,3281.65,0
8565-HBFNN,Credit card (automatic),107.2,7317.1,0
2000-DHJUY,Bank transfer (automatic),92.2,6474.45,0
0203-HHYIJ,Bank transfer (automatic),25.3,676.35,0
8670-ERCJH,Bank transfer (automatic),113.4,8164.1,0
7758-UJWYS,Electronic check,40.55,1325.85,0
2050-ONYDQ,Credit card (automatic),26.0,1654.85,0
7055-JCGNI,Credit card (automatic),111.95,7795.95,0
0739-UUAJR,Credit card (automatic),53.8,3952.45,0
4826-DXMUP,Mailed check,72.1,2495.15,0
0952-KMEEH,Mailed check,98.15,1230.25,0
7285-KLOTR,Electronic check,78.85,876.75,0
0654-PQKDW,Bank transfer (automatic),70.75,4263.45,0
7175-NTIXE,Credit card (automatic),76.15,1992.95,0
7963-SHNDT,Mailed check,39.1,1982.1,0
9796-BPKIW,Credit card (automatic),69.95,562.7,0
0188-GWFLE,Mailed check,20.05,33.7,0
8129-GMVGI,Mailed check,20.05,1090.1,0
2882-DDZPG,Bank transfer (automatic),19.45,227.45,0
3547-LQRIK,Electronic check,26.9,1250.85,0
9137-NOQKA,Electronic check,19.2,37.2,0
5843-TTHGI,Mailed check,50.0,892.7,0
1849-RJYIG,Electronic check,60.0,487.75,0
8868-GAGIO,Mailed check,84.55,3713.95,0
4061-UKJWL,Mailed check,45.45,141.7,0
5380-XPJNZ,Mailed check,20.05,678.2,0
8263-QMNTJ,Electronic check,115.55,8425.3,0
8178-EYZUO,Electronic check,93.7,4154.8,0
3230-JCNZS,Credit card (automatic),99.0,7061.65,0
0277-ORXQS,Bank transfer (automatic),50.55,3364.55,0
5130-IEKQT,Mailed check,105.95,2655.25,0
3230-WYKIR,Credit card (automatic),82.0,1425.45,0
7996-BPXHY,Bank transfer (automatic),25.0,332.5,0
3227-WLKLI,Bank transfer (automatic),91.55,5963.95,0
0407-BDJKB,Electronic check,95.75,5742.9,0
2266-FUBDZ,Mailed check,19.35,278.85,0
8237-ULIXL,Credit card (automatic),24.85,1871.85,0
9600-UDOPK,Credit card (automatic),94.05,2866.45,0
8216-AZUUZ,Electronic check,100.4,4303.65,0
9153-BTBVV,Bank transfer (automatic),25.0,1753.0,0
4074-SJFFA,Mailed check,54.75,54.75,0
3269-ATYWD,Bank transfer (automatic),95.65,3759.05,0
5186-PEIZU,Bank transfer (automatic),19.25,617.65,0
1074-AMIOH,Bank transfer (automatic),108.25,5935.1,0
4910-GMJOT,Electronic check,94.6,94.6,0
0354-WYROK,Electronic check,98.9,2911.3,0
4361-FEBGN,Credit card (automatic),20.15,982.95,0
7748-UMTRK,Electronic check,101.3,2974.5,0
0380-ZCSBI,Credit card (automatic),20.0,198.7,0
7145-FEJWU,Electronic check,105.3,1275.65,0
6463-MVYRY,Bank transfer (automatic),69.85,4003.0,0
3969-JQABI,Credit card (automatic),65.25,3791.6,0
9624-EGDEQ,Mailed check,19.8,813.3,0
1051-EQPZR,Mailed check,19.6,780.25,0
5849-ASHZJ,Credit card (automatic),20.05,552.9,0
5780-INQIK,Electronic check,49.4,408.25,0
7576-OYWBN,Electronic check,76.05,231.8,0
4526-ZJJTM,Bank transfer (automatic),88.4,2191.15,0
8384-FZBJK,Electronic check,100.6,5611.7,0
3750-RNQKR,Mailed check,19.45,246.25,0
0962-CQPWQ,Bank transfer (automatic),20.3,1296.15,0
3096-YXENJ,Bank transfer (automatic),107.65,7082.85,0
1265-BCFEO,Bank transfer (automatic),80.45,5662.25,0
5837-LXSDN,Credit card (automatic),58.85,1215.45,0
5945-AZYHT,Electronic check,109.6,7854.15,0
8325-QRPZR,Electronic check,75.15,525.0,0
6384-VMJHP,Credit card (automatic),73.0,5265.2,0
2262-SLNVK,Electronic check,70.1,70.1,0
7730-CLDSV,Bank transfer (automatic),98.65,7129.45,0
1135-HIORI,Electronic check,111.45,7266.95,0
0164-APGRB,Electronic check,114.9,8496.7,0
6481-ESCNL,Bank transfer (automatic),100.55,2878.75,0
1790-NESIO,Mailed check,20.4,261.3,0
1550-EENBN,Electronic check,104.35,3205.6,0
5539-TMZLF,Electronic check,69.75,69.75,0
4323-SADQS,Electronic check,34.5,279.25,0
4446-BZKHU,Electronic check,105.55,6281.45,0
5202-IVJNU,Credit card (automatic),30.1,1131.3,0
5976-JCJRH,Electronic check,70.3,738.2,0
8198-RKSZG,Credit card (automatic),80.45,1137.05,0
0137-OCGAB,Mailed check,80.2,80.2,0
3351-NQLDI,Credit card (automatic),94.35,6341.45,0
9297-EONCV,Bank transfer (automatic),91.35,6697.2,0
7593-JNWRU,Bank transfer (automatic),44.6,260.8,0
4588-YBNIB,Mailed check,19.6,19.6,0
1069-QJOEE,Electronic check,19.9,505.45,0
3336-JORSO,Electronic check,110.45,3655.45,0
7799-DSEWS,Electronic check,68.35,1299.8,0
8766-PAFNE,Credit card (automatic),79.1,5564.85,0
5315-CKEQK,Electronic check,51.0,1381.8,0
3130-ICDUP,Credit card (automatic),80.55,188.1,0
0820-FNRNX,Mailed check,66.7,1077.05,0
0880-FVFWF,Electronic check,86.4,4922.4,0
4611-ANLQC,Electronic check,50.05,2911.5,0
4213-HKBJO,Credit card (automatic),25.7,826.1,0
2792-LSHWX,Mailed check,83.4,83.4,0
5028-GZLDO,Credit card (automatic),70.7,140.7,0
0014-BMAQU,Credit card (automatic),84.65,5377.8,0
6861-XWTWQ,Electronic check,99.25,665.45,0
9018-PCIOK,Mailed check,64.75,3617.1,0
4837-QUSFT,Bank transfer (automatic),100.15,6643.5,0
6877-TJMBR,Electronic check,84.8,84.8,0
9953-ZMKSM,Mailed check,25.25,1559.3,0
0907-HQNTS,Credit card (automatic),113.0,7987.6,0
7665-NKLAV,Credit card (automatic),40.65,1547.35,0
6769-DCQLI,Bank transfer (automatic),105.0,5426.85,0
2433-KMEAS,Electronic check,54.45,1127.35,0
4391-LNRXK,Bank transfer (automatic),94.95,2142.8,0
8250-ZNGGW,Credit card (automatic),59.9,287.85,0
2195-ZRVAX,Electronic check,85.3,4045.65,0
3550-SAHFP,Electronic check,83.35,2757.85,0
2011-TRQYE,Credit card (automatic),33.5,600.0,0
8562-GHPPI,Credit card (automatic),19.8,19.8,0
5893-PYOLZ,Credit card (automatic),81.8,4534.45,0
4986-MXSFP,Mailed check,20.0,40.9,0
6131-FOYAS,Electronic check,59.6,2094.9,0
3027-YNWZU,Credit card (automatic),25.0,1584.8,0
5609-IMCGG,Credit card (automatic),84.35,1302.65,0
4873-ILOLJ,Electronic check,90.35,2238.5,0
4727-MCYZG,Mailed check,55.55,55.55,0
9481-WHGWY,Credit card (automatic),75.35,5437.75,0
2725-KXXWT,Electronic check,90.75,90.75,0
9565-DJPIB,Mailed check,89.6,365.65,0
4328-VUFWD,Electronic check,59.3,2209.15,0
3301-LSLWQ,Electronic check,66.1,1912.15,0
7473-ZBDSN,Mailed check,18.8,255.55,0
3166-PNEOF,Credit card (automatic),86.45,5175.3,0
5639-NTUPK,Credit card (automatic),52.1,670.65,0
8780-YRMTT,Mailed check,47.4,3177.25,0
8348-HFYIV,Electronic check,49.25,90.35,0
5140-FOMCQ,Credit card (automatic),109.15,6557.75,0
6242-SGYTS,Credit card (automatic),94.95,5791.85,0
8166-ORCHU,Electronic check,93.55,3055.5,0
8414-OOEEL,Credit card (automatic),79.5,5196.1,0
8454-AATJP,Credit card (automatic),115.05,8405.0,0
6849-WLEYG,Mailed check,19.75,19.75,0
4659-NZRUF,Electronic check,95.15,1789.25,0
4531-AUZNK,Mailed check,95.15,5000.05,0
4191-XOVOM,Electronic check,105.4,6713.2,0
2150-OEGBV,Bank transfer (automatic),20.1,562.6,0
8429-XIBUM,Bank transfer (automatic),101.35,2317.1,0
1855-CFULU,Mailed check,20.05,91.45,0
4878-BUNFV,Mailed check,20.7,828.85,0
1872-EBWSC,Mailed check,20.35,617.35,0
2608-BHKFN,Credit card (automatic),70.05,266.9,0
7026-YMSBE,Mailed check,19.7,625.05,0
7341-LXCAF,Electronic check,74.65,301.4,0
6997-UVGOX,Bank transfer (automatic),85.45,6029.9,0
9674-EHPPG,Credit card (automatic),40.4,1842.7,0
9462-MJUAW,Mailed check,50.4,206.6,0
8128-YVJRG,Mailed check,79.65,604.7,0
5440-VHLUL,Bank transfer (automatic),105.2,7386.05,0
5781-BKHOP,Bank transfer (automatic),100.65,7334.05,0
4283-FUTGF,Electronic check,79.85,1471.75,0
5213-TWWJU,Electronic check,91.0,2626.15,0
1569-TTNYJ,Electronic check,78.75,412.1,0
8628-MFKAX,Credit card (automatic),116.75,8277.05,0
2397-BRLOM,Credit card (automatic),80.45,583.45,0
7629-WIXZF,Electronic check,59.1,369.25,0
5445-GLVOT,Electronic check,49.8,1049.05,0
3976-HXHCE,Bank transfer (automatic),19.3,1414.8,0
2466-NEJOJ,Credit card (automatic),19.65,169.75,0
0254-KCJGT,Credit card (automatic),81.4,4354.45,0
5472-CVMDX,Mailed check,38.9,2719.2,0
6461-SZMCV,Bank transfer (automatic),87.95,6365.35,0
8150-QUDFX,Mailed check,19.85,51.6,0
9508-ILZDG,Electronic check,96.35,3190.25,0
2346-DJQTB,Electronic check,24.15,812.5,0
1697-LYYYX,Credit card (automatic),19.1,1143.8,0
1942-OQFRW,Electronic check,44.0,44.0,0
4749-VFKVB,Mailed check,50.1,50.1,0
9640-ZSLDC,Credit card (automatic),60.6,3297.0,0
4231-LZUYM,Bank transfer (automatic),25.65,1887.0,0
7598-UAASY,Electronic check,76.4,151.8,0
7938-OUHIO,Electronic check,98.7,293.65,0
8510-AWCXC,Electronic check,100.8,1308.1,0
6128-AQBMT,Electronic check,53.95,2215.4,0
3594-BDSOA,Credit card (automatic),20.4,482.8,0
0431-APWVY,Bank transfer (automatic),90.1,2598.95,0
5133-VRSAB,Mailed check,29.35,216.45,0
5996-DAOQL,Mailed check,20.45,20.45,0
6838-YAUVY,Bank transfer (automatic),95.1,5064.85,0
0484-JPBRU,Bank transfer (automatic),25.25,996.45,0
7883-ROJOC,Mailed check,44.9,839.65,0
0244-LGNFY,Bank transfer (automatic),92.65,6733.0,0
7274-CGTOD,Bank transfer (automatic),43.7,2618.3,0
4295-YURET,Credit card (automatic),72.6,4084.35,0
3426-NIYYL,Electronic check,51.55,765.5,0
8225-BTJAU,Electronic check,79.25,793.55,0
4635-EJYPD,Mailed check,18.95,613.95,0
1866-ZSLJM,Credit card (automatic),20.5,402.85,0
4636-TVXVG,Bank transfer (automatic),19.95,1244.8,0
4236-UJPWO,Electronic check,24.5,46.4,0
9392-XBGTD,Mailed check,20.6,581.85,0
3387-VATUS,Bank transfer (automatic),94.85,462.8,0
6402-SSEJG,Electronic check,61.05,1540.2,0
1143-NMNQJ,Electronic check,85.7,169.8,0
1169-SAOCL,Bank transfer (automatic),106.65,5168.1,0
1110-KYLGQ,Credit card (automatic),108.25,6780.1,0
9929-PLVPA,Credit card (automatic),20.4,94.5,0
3518-PZXZQ,Mailed check,55.3,55.3,0
2371-JUNGC,Mailed check,20.25,208.0,0
7693-QPEFS,Bank transfer (automatic),72.95,3829.75,0
0924-BJCRC,Electronic check,89.45,5294.6,0
5074-FBGHB,Credit card (automatic),104.65,6889.8,0
2351-BKRZW,Bank transfer (automatic),75.2,3254.35,0
4455-BFSPD,Bank transfer (automatic),101.15,6383.9,0
0415-MOSGF,Mailed check,44.4,44.4,0
1724-BQUHA,Electronic check,89.5,477.7,0
3948-KXDUF,Bank transfer (automatic),68.75,4447.55,0
2323-ARSVR,Electronic check,111.05,7321.05,0
0815-MFZGM,Credit card (automatic),99.0,4135.0,0
4826-XTSOH,Electronic check,86.05,86.05,0
5480-XTFFL,Mailed check,21.0,697.7,0
8295-FHIVV,Mailed check,19.4,168.65,0
2495-INZWQ,Electronic check,44.55,174.3,0
9086-YJYXS,Bank transfer (automatic),77.2,2753.8,0
1179-INLAT,Mailed check,19.45,69.25,0
7909-FIOIY,Mailed check,24.85,434.8,0
4139-SUGLD,Bank transfer (automatic),35.4,1077.5,0
6857-VWJDT,Mailed check,95.65,95.65,0
6351-SCJKT,Mailed check,41.35,107.25,0
5468-BPMMO,Electronic check,19.6,851.2,0
5624-BQSSA,Mailed check,20.95,20.95,0
0197-PNKNK,Bank transfer (automatic),84.45,5848.6,0
2439-QKJUL,Mailed check,20.25,109.8,0
1194-SPVSP,Bank transfer (automatic),19.65,19.65,0
9534-NSXEM,Credit card (automatic),20.65,595.5,0
2408-WITXK,Electronic check,34.7,329.8,0
8929-KSWIH,Bank transfer (automatic),99.3,2513.5,0
2250-IVBWA,Electronic check,81.05,5135.35,0
1810-MVMAI,Electronic check,67.6,2000.2,0
9506-UXUSK,Electronic check,70.15,931.75,0
1229-RCALF,Electronic check,115.0,7396.15,0
3572-UOLYZ,Bank transfer (automatic),84.8,3958.85,0
1429-UYJSV,Mailed check,19.7,260.9,0
5577-OTWWW,Bank transfer (automatic),19.75,297.3,0
6100-QQHEB,Electronic check,92.55,1515.1,0
6366-XIVKZ,Mailed check,63.15,816.8,0
3470-OBUET,Credit card (automatic),74.0,4868.4,0
2770-NSVDG,Electronic check,29.1,688.0,0
9375-MHRRS,Mailed check,50.05,288.35,0
2634-HCZGT,Electronic check,60.05,3229.65,0
7503-QQRVF,Credit card (automatic),74.3,1178.25,0
4860-YZGZM,Electronic check,20.0,185.4,0
6599-GZWCM,Mailed check,74.65,966.25,0
2691-NZETQ,Electronic check,85.35,758.6,0
4404-HIBDJ,Mailed check,74.3,1863.8,0
5533-NHFRF,Electronic check,44.4,265.8,0
7037-MTYVW,Bank transfer (automatic),85.4,3297.0,0
4760-THGOT,Electronic check,94.1,4107.3,0
7295-JOMMD,Bank transfer (automatic),98.1,396.3,0
4016-BJKTZ,Electronic check,108.9,2809.05,0
6584-VQMYT,Mailed check,56.2,1567.55,0
9838-BFCQT,Mailed check,26.1,1851.45,0
2790-XUYMV,Credit card (automatic),85.45,6028.95,0
0581-MDMPW,Credit card (automatic),88.95,2072.75,0
5013-SBUIH,Electronic check,109.65,5551.15,0
1023-BQXZE,Bank transfer (automatic),74.35,4317.35,0
9163-GHAYE,Electronic check,48.85,736.8,0
3904-UKFRE,Electronic check,80.1,336.15,0
5353-WILCI,Electronic check,56.05,1522.65,0
0709-TVGUR,Electronic check,74.55,622.9,0
0058-EVZWM,Bank transfer (automatic),89.8,4959.6,0
6023-YEBUP,Electronic check,100.95,329.95,0
7209-JCUDS,Electronic check,94.9,1048.85,0
7009-PCARS,Bank transfer (automatic),19.1,1001.5,0
0519-DRGTI,Mailed check,20.35,442.6,0
1017-FBQMM,Credit card (automatic),106.05,6703.5,0
3001-CBHLQ,Electronic check,104.9,3351.55,0
1985-MBRYP,Bank transfer (automatic),19.65,779.25,0
6158-DWPZT,Bank transfer (automatic),24.1,259.8,0
9372-TXXPS,Bank transfer (automatic),59.85,3483.45,0
3259-QMXUN,Electronic check,86.1,4890.5,0
1015-JPFYW,Mailed check,19.45,136.75,0
6645-MXQJT,Electronic check,97.1,184.15,0
4360-QRAVE,Electronic check,36.65,1315.0,0
8433-WPJTV,Bank transfer (automatic),103.9,6767.1,0
5804-JMYIO,Mailed check,19.75,757.95,0
3763-GCZHZ,Electronic check,104.05,6890.0,0
6484-LATFU,Mailed check,24.55,1657.4,0
7599-NTMDP,Bank transfer (automatic),48.7,3008.55,0
0772-GYEQQ,Mailed check,88.35,262.05,0
0536-ACXIP,Electronic check,109.55,8165.1,0
0936-NQLJU,Credit card (automatic),20.65,875.55,0
4831-EOBFE,Credit card (automatic),94.65,2649.15,0
1575-KRZZE,Electronic check,55.2,220.65,0
3251-YMVWZ,Bank transfer (automatic),24.05,1301.9,0
4102-OQUPX,Electronic check,74.4,74.4,0
9170-GYZJC,Credit card (automatic),79.9,3326.2,0
4884-LEVMQ,Bank transfer (automatic),20.45,790.0,0
8857-CUPFQ,Mailed check,19.25,1237.65,0
7610-TVOPG,Electronic check,26.35,378.6,0
3638-DIMPH,Electronic check,43.8,592.65,0
1845-ZLLIG,Mailed check,50.15,50.15,0
8559-WNQZS,Mailed check,20.45,20.45,0
3999-QGRJH,Electronic check,69.7,560.85,0
1699-UOTXU,Electronic check,61.4,3638.25,0
2454-RPBRZ,Electronic check,98.1,1060.2,0
0635-WKOLD,Credit card (automatic),70.75,2921.75,0
5993-JSUWV,Bank transfer (automatic),61.15,4017.45,0
4518-FZBSX,Mailed check,20.25,854.9,0
5387-ASZNZ,Credit card (automatic),63.85,4174.35,0
6988-CJEYV,Electronic check,98.7,4920.55,0
2002-MZHWP,Mailed check,20.5,20.5,0
3097-FQTVJ,Mailed check,20.0,810.3,0
5465-BUBFA,Bank transfer (automatic),19.3,772.4,0
7299-GNVPL,Mailed check,84.4,1936.85,0
9743-DQKQW,Electronic check,25.1,79.8,0
1215-VFYVK,Mailed check,48.25,202.25,0
9371-BITHB,Mailed check,19.85,1070.5,0
2265-CYWIV,Electronic check,99.6,347.65,0
9093-FPDLG,Electronic check,94.2,999.9,0
0541-FITGH,Mailed check,62.15,113.1,0
6985-HAYWX,Bank transfer (automatic),79.3,2015.8,0
7508-KBIMB,Credit card (automatic),56.25,1454.25,0
6838-HVLXG,Mailed check,20.3,246.7,0
2277-DJJDL,Electronic check,99.0,6017.9,0
1897-OKVMW,Mailed check,90.6,5817.45,0
5485-ITNPC,Bank transfer (automatic),85.9,5595.3,0
0233-FTHAV,Bank transfer (automatic),79.2,4765.0,0
4644-PIZRT,Bank transfer (automatic),70.35,1201.65,0
8922-NPKBJ,Mailed check,19.35,867.3,0
2740-TVLFN,Electronic check,50.15,50.15,0
7771-CFQRQ,Bank transfer (automatic),63.8,3007.25,0
9512-PHSMG,Mailed check,20.55,252.75,0
6963-EZQEE,Credit card (automatic),88.55,6306.5,0
2452-KDRRH,Credit card (automatic),101.4,6841.05,0
2004-OCQXK,Electronic check,81.95,81.95,0
5027-QPKTE,Electronic check,69.35,451.1,0
4146-SVFUD,Mailed check,44.6,44.6,0
1564-HJUVY,Bank transfer (automatic),63.75,226.2,0
3617-XLSGQ,Bank transfer (automatic),109.25,7082.5,0
7517-LDMPS,Electronic check,84.6,1017.35,0
7244-KXYZN,Credit card (automatic),20.45,527.35,0
5226-NOZFC,Electronic check,85.75,2146.5,0
2672-HUYVI,Electronic check,91.1,455.3,0
1400-WIVLL,Electronic check,107.95,5969.85,0
7508-MYBOG,Electronic check,86.1,1235.55,0
8148-NLEGT,Electronic check,22.95,1014.25,0
0148-DCDOS,Bank transfer (automatic),94.7,2362.1,0
8347-GDTMP,Credit card (automatic),19.45,1225.65,0
9992-RRAMN,Electronic check,85.1,1873.7,0
6746-WAUWT,Credit card (automatic),19.7,386.5,0
0310-MVLET,Electronic check,99.15,6010.05,0
0428-IKYCP,Bank transfer (automatic),87.0,1850.65,0
4550-VBOFE,Electronic check,102.95,7101.5,0
2187-PKZAY,Bank transfer (automatic),79.95,1043.4,0
4003-OCTMP,Electronic check,64.0,1910.75,0
6652-YFFJO,Electronic check,64.9,716.1,0
7225-IILWY,Mailed check,25.75,1686.15,0
5248-RPYWW,Bank transfer (automatic),90.15,6716.45,0
7923-IYJWY,Credit card (automatic),116.1,7839.85,0
3170-GWYKC,Bank transfer (automatic),104.95,6236.75,0
5696-QURRL,Mailed check,45.05,45.05,0
7409-KIUTL,Electronic check,71.0,71.0,0
9830-ECLEN,Mailed check,50.0,2919.85,0
1732-VHUBQ,Bank transfer (automatic),70.55,3309.25,0
0495-RVCBF,Electronic check,79.7,79.7,0
2668-TZSPS,Mailed check,20.45,20.45,0
7854-EDSSA,Electronic check,59.0,1254.7,0
8869-TORSS,Credit card (automatic),60.35,2896.4,0
7446-SFAOA,Bank transfer (automatic),19.85,717.5,0
9522-ZSINC,Electronic check,19.95,253.8,0
8234-GSZYK,Bank transfer (automatic),26.45,1110.05,0
6505-OZNPG,Mailed check,63.4,348.8,0
6164-HAQTX,Bank transfer (automatic),53.95,3888.65,0
0679-IDSTG,Electronic check,69.25,69.25,0
7765-LWVVH,Electronic check,95.1,6843.15,0
1658-TJVOA,Electronic check,74.1,450.9,0
0953-LGOVU,Mailed check,35.5,432.25,0
2115-BFTIW,Mailed check,70.95,1767.35,0
4692-NNQRU,Electronic check,79.2,1742.45,0
7742-MYPGI,Mailed check,48.8,297.35,0
0611-DFXKO,Mailed check,89.0,1820.45,0
7780-OTDSO,Electronic check,99.4,1742.95,0
9619-GSATL,Electronic check,55.45,2444.25,0
5622-UEJFI,Credit card (automatic),25.4,949.8,0
9747-DDZOS,Bank transfer (automatic),73.5,73.5,0
0674-DGMAQ,Electronic check,93.5,2970.8,0
6203-HBZPA,Credit card (automatic),63.9,3334.95,0
0484-FFVBJ,Bank transfer (automatic),64.85,2010.95,0
0301-FIDRB,Bank transfer (automatic),63.8,4684.3,0
4139-JPIAM,Credit card (automatic),44.45,2181.55,0
2181-TIDSV,Bank transfer (automatic),19.95,1303.25,0
2761-XECQW,Mailed check,43.35,371.4,0
1936-CZAKF,Credit card (automatic),49.65,2409.9,0
9453-PATOS,Mailed check,85.1,6155.4,0
0564-JJHGS,Electronic check,95.5,829.1,0
3348-CFRNX,Mailed check,92.35,2602.9,0
4402-FTBXC,Mailed check,89.8,4667.0,0
1428-GTBJJ,Electronic check,74.55,824.75,0
2931-XIQBR,Mailed check,103.05,5153.5,0
0106-UGRDO,Electronic check,116.0,8182.85,0
5542-TBBWB,Electronic check,69.9,69.9,0
1930-QPBVZ,Bank transfer (automatic),95.1,6683.4,0
2606-PKWJB,Mailed check,40.25,1564.05,0
5322-ZSMZY,Mailed check,25.75,755.6,0
8059-UDZFY,Bank transfer (automatic),105.35,3465.05,0
7740-BTPUX,Electronic check,113.6,6292.7,0
5220-AGAAX,Bank transfer (automatic),24.0,1664.3,0
0208-BPQEJ,Bank transfer (automatic),19.4,198.1,0
9435-JMLSX,Bank transfer (automatic),86.1,6045.9,0
3352-ALMCK,Mailed check,102.65,4108.15,0
5312-IRCFR,Electronic check,92.85,5980.75,0
5294-IMHHT,Bank transfer (automatic),97.75,5043.2,0
8802-UNOJF,Mailed check,83.8,1029.75,0
6313-GIDIT,Electronic check,54.45,2854.55,0
6176-YJWAS,Credit card (automatic),97.95,7114.25,0
5310-NOOVA,Electronic check,19.95,907.05,0
4526-EXKKN,Mailed check,24.6,973.95,0
5311-IHLEI,Bank transfer (automatic),50.95,605.75,0
3987-KQDDU,Electronic check,75.6,661.55,0
3404-JNXAX,Electronic check,80.75,4116.9,0
5131-PONJI,Credit card (automatic),90.4,4494.65,0
2845-AFFTX,Electronic check,99.8,4259.3,0
3489-VSFRD,Credit card (automatic),60.25,3282.75,0
3345-JHUEO,Electronic check,20.2,55.7,0
5815-HGGHV,Mailed check,64.15,1274.45,0
5260-UMPWX,Credit card (automatic),20.25,493.95,0
2249-YPRNG,Bank transfer (automatic),105.85,2239.65,0
7410-YTJIK,Mailed check,75.45,480.75,0
4626-GYCZP,Electronic check,93.85,635.6,0
5649-RXQTV,Electronic check,99.0,5038.15,0
2674-MIAHT,Mailed check,80.3,324.2,0
2576-HXMPA,Credit card (automatic),19.55,19.55,0
7587-AOVVU,Electronic check,100.75,2793.55,0
5590-BYNII,Electronic check,100.75,2095.0,0
6898-MDLZW,Mailed check,53.75,648.65,0
3237-AJGEH,Mailed check,31.0,95.05,0
4707-YNOQA,Credit card (automatic),25.6,917.15,0
9357-UJRUN,Electronic check,58.35,1346.9,0
1591-NFNLQ,Credit card (automatic),80.0,4242.35,0
8648-PFRMP,Electronic check,46.35,672.7,0
7663-CUXZB,Electronic check,113.75,6561.25,0
0258-NOKBL,Electronic check,90.4,268.45,0
1163-VIPRI,Electronic check,109.3,7337.55,0
2815-CPTUL,Mailed check,70.25,331.9,0
9348-ROUAI,Credit card (automatic),90.3,5194.05,0
9443-JUBUO,Credit card (automatic),65.25,4478.85,0
0596-BQCEQ,Electronic check,100.15,6283.3,0
1481-ZUWZA,Credit card (automatic),94.5,2659.4,0
3043-TYBNO,Mailed check,60.65,196.9,0
4830-FAXFM,Credit card (automatic),24.1,439.2,0
5906-BFOZT,Mailed check,19.5,19.5,0
2960-NKRSO,Electronic check,85.95,2107.15,0
8996-ZROXE,Electronic check,53.5,3035.8,0
5598-IKHQQ,Credit card (automatic),25.45,1866.45,0
0397-ZXWQF,Bank transfer (automatic),20.5,1430.95,0
5266-PFRQK,Credit card (automatic),20.85,1071.6,0
4674-HGNUA,Credit card (automatic),89.9,6457.15,0
6765-MBQNU,Mailed check,26.0,684.05,0
9786-IJYDL,Mailed check,113.2,3914.05,0
1303-SRDOK,Credit card (automatic),69.05,3842.6,0
3769-MHZNV,Mailed check,20.1,670.35,0
6295-OSINB,Electronic check,109.65,7880.25,0
3308-MHOOC,Mailed check,19.2,19.2,0
2309-OSFEU,Mailed check,33.9,298.45,0
2207-QPJED,Electronic check,90.0,3371.75,0
4177-JPDFU,Mailed check,34.0,442.45,0
2239-CFOUJ,Mailed check,20.4,20.4,0
8046-DNVTL,Credit card (automatic),38.6,2345.55,0
2209-XADXF,Bank transfer (automatic),25.25,25.25,0
6620-JDYNW,Mailed check,60.6,1156.35,0
1891-FZYSA,Electronic check,89.95,6143.15,0
4770-UEZOX,Electronic check,74.75,144.8,0
1038-RQOST,Mailed check,20.6,414.95,0
7613-LLQFO,Electronic check,84.45,1059.55,0
4568-TTZRT,Mailed check,20.4,181.8,0
9513-DXHDA,Electronic check,81.7,2212.55,0
2640-PMGFL,Electronic check,79.5,2180.55,0
3801-HMYNL,Mailed check,89.15,89.15,0
0516-QREYC,Mailed check,20.3,459.95,0
9685-WKZGT,Electronic check,74.95,1036.75,0
6022-UGGSO,Electronic check,74.4,2276.95,0
8084-OIVBS,Mailed check,20.0,211.95,0
8896-BQTTI,Mailed check,25.0,25.0,0
3865-QBWSJ,Mailed check,80.45,3162.65,0
3352-RICWQ,Mailed check,19.75,210.65,0
2160-GPFXD,Credit card (automatic),65.65,3566.7,0
2065-MMKGR,Credit card (automatic),71.0,2080.1,0
5857-TYBCJ,Electronic check,89.2,4040.2,0
1498-NHTLT,Electronic check,86.75,5186.0,0
4484-CGXFK,Electronic check,55.3,196.15,0
1402-PTHGN,Mailed check,61.5,1087.45,0
4176-RELJR,Credit card (automatic),25.1,1672.15,0
6214-EDAKZ,Electronic check,55.15,1206.05,0
5199-FPUSP,Credit card (automatic),34.05,1113.95,0
6377-KSLXC,Mailed check,19.95,107.05,0
1796-JANOW,Mailed check,19.95,38.15,0
0238-WHBIQ,Credit card (automatic),89.7,6339.3,0
8735-NBLWT,Mailed check,20.4,184.1,0
6651-RLGGM,Mailed check,26.3,1688.9,0
6127-ISGTU,Electronic check,84.95,1378.25,0
1614-JBEBI,Mailed check,20.7,137.6,0
8740-XLHDR,Mailed check,43.25,219.0,0
1208-DNHLN,Credit card (automatic),48.35,1067.15,0
1761-AEZZR,Electronic check,79.55,79.55,0
3923-CSIHK,Electronic check,71.05,3444.85,0
5696-EXCYS,Credit card (automatic),19.45,369.05,0
5795-KTGUD,Bank transfer (automatic),110.8,7553.6,0
7120-RFMVS,Electronic check,84.5,84.5,0
7924-GJZFI,Electronic check,69.3,1813.1,0
4702-HDRKD,Bank transfer (automatic),49.35,3321.35,0
8512-WIWYV,Credit card (automatic),20.35,707.5,0
5897-ZYEKH,Electronic check,105.6,7112.15,0
5456-ITGIC,Credit card (automatic),64.45,4641.1,0
7317-GGVPB,Credit card (automatic),108.6,7690.9,0
1406-PUQVY,Electronic check,49.9,49.9,0
1322-AGOQM,Bank transfer (automatic),30.3,1380.1,0
3677-IYRBF,Electronic check,30.4,78.65,0
5692-FPTAH,Mailed check,45.4,45.4,0
9114-AAFQH,Electronic check,65.65,3094.65,0
8715-KKTFG,Bank transfer (automatic),103.3,6518.35,0
1550-LOAHA,Bank transfer (automatic),84.15,2585.95,0
1728-BQDMA,Electronic check,44.45,82.7,0
0268-QKIWO,Electronic check,19.75,58.85,0
0876-WDUUZ,Credit card (automatic),85.4,425.9,0
5117-ZSMHQ,Bank transfer (automatic),89.9,6342.7,0
5151-HQRDG,Mailed check,55.05,2030.75,0
0960-HUWBM,Bank transfer (automatic),104.1,6700.05,0
6465-GSRCL,Bank transfer (automatic),106.6,7244.7,0
0617-FHSGK,Credit card (automatic),75.2,3678.3,0
0263-FJTQO,Credit card (automatic),70.5,3486.65,0
7319-ZNRTR,Electronic check,19.6,411.15,0
2858-MOFSQ,Mailed check,55.85,937.5,0
7503-EPSZW,Mailed check,24.05,1559.15,0
7089-XXAYG,Credit card (automatic),38.1,970.4,0
8118-LSUEL,Electronic check,106.4,2483.5,0
8070-AAWZP,Mailed check,34.25,828.2,0
1666-JXLKU,Electronic check,100.05,3810.55,0
7855-DIWPO,Electronic check,68.65,1493.2,0
5133-POWUA,Mailed check,45.8,45.8,0
5652-MSDEY,Mailed check,75.75,777.3,0
7005-CCBKV,Electronic check,84.4,556.35,0
1810-BOHSY,Credit card (automatic),96.4,4911.05,0
1784-BXEFA,Mailed check,20.55,187.35,0
7351-MHQVU,Credit card (automatic),50.95,307.6,0
9224-VTYID,Mailed check,90.5,4318.35,0
9500-IWPXQ,Electronic check,79.4,4820.55,0
5762-TJXGK,Bank transfer (automatic),58.75,3038.55,0
4504-YOULA,Credit card (automatic),59.45,2136.9,0
5569-IDSEY,Bank transfer (automatic),105.7,7472.15,0
4250-FDVOU,Electronic check,56.25,389.1,0
7284-ZZLOH,Credit card (automatic),53.3,2296.25,0
5277-ZLOOR,Electronic check,85.55,187.45,0
2141-RRYGO,Bank transfer (automatic),68.65,261.25,0
1777-JYQPJ,Mailed check,24.3,38.45,0
6376-GAHQE,Electronic check,77.85,299.2,0
3401-URHDA,Credit card (automatic),59.9,3043.6,0
1599-EAHXY,Credit card (automatic),23.95,1506.4,0
8631-XVRZL,Mailed check,20.15,163.7,0
5052-PNLOS,Bank transfer (automatic),105.35,323.25,0
3853-LYGAM,Bank transfer (automatic),95.65,1640.0,0
6979-ZNSFF,Electronic check,87.05,762.1,0
5751-USDBL,Mailed check,81.0,3846.35,0
5680-LQOGP,Credit card (automatic),82.45,5646.6,0
2386-LAHRK,Mailed check,53.5,53.5,0
8189-DUKMV,Bank transfer (automatic),20.5,79.05,0
6032-IGALN,Mailed check,25.1,25.1,0
9931-DCEZH,Credit card (automatic),54.4,1516.6,0
1898-JSNDC,Credit card (automatic),58.6,2224.5,0
0315-LVCRK,Electronic check,84.8,888.75,0
3911-RSNHI,Credit card (automatic),61.4,4310.35,0
2410-CIYFZ,Mailed check,20.4,42.9,0
4248-HCETZ,Mailed check,79.65,2365.15,0
5505-OVWQW,Mailed check,20.15,353.65,0
7271-AJDTL,Credit card (automatic),94.45,5073.1,0
1867-TJHTS,Bank transfer (automatic),79.8,4526.85,0
0516-WJVXC,Electronic check,54.2,308.25,0
9174-FKWZE,Electronic check,19.45,19.45,0
6860-YRJZP,Electronic check,74.05,678.45,0
4429-WYGFR,Bank transfer (automatic),49.15,1237.3,0
2817-LVCPP,Credit card (automatic),19.4,1023.95,0
5038-ETMLM,Bank transfer (automatic),113.65,8182.75,0
5056-FIMPT,Credit card (automatic),106.0,4532.3,0
4521-WFJAI,Bank transfer (automatic),25.95,1444.05,0
6569-KTMDU,Mailed check,19.1,19.1,0
8809-RIHDD,Electronic check,103.4,7372.65,0
8809-XKHMD,Bank transfer (automatic),100.55,7325.1,0
0396-YCHWO,Electronic check,95.4,3474.2,0
0867-LDTTC,Bank transfer (automatic),75.15,392.65,0
4822-NGOCH,Electronic check,84.45,1058.6,0
9391-DXGGG,Credit card (automatic),89.15,3990.75,0
9844-FELAJ,Electronic check,107.9,7475.85,0
2122-SZZZD,Credit card (automatic),19.5,835.5,0
5307-DZCVC,Credit card (automatic),85.95,2628.6,0
3148-AOIQT,Credit card (automatic),24.95,1718.35,0
8679-JOEVF,Electronic check,59.4,1023.9,0
8395-ETZKQ,Bank transfer (automatic),19.5,1193.55,0
6692-YQHXC,Credit card (automatic),69.95,1205.5,0
3889-VWBID,Bank transfer (automatic),82.85,5776.45,0
5222-JCXZT,Mailed check,19.0,78.9,0
9754-CLVZW,Credit card (automatic),38.85,1025.15,0
1432-FPAXX,Electronic check,30.6,856.35,0
2739-CCZMB,Credit card (automatic),20.35,122.0,0
7080-TNUWP,Bank transfer (automatic),95.0,6602.9,0
0496-AHOOK,Bank transfer (automatic),74.4,1712.9,0
8336-TAVKX,Bank transfer (automatic),78.45,5682.25,0
2468-SJFLM,Mailed check,74.3,74.3,0
3181-VTHOE,Bank transfer (automatic),51.05,3635.15,0
7168-HDQHG,Bank transfer (automatic),19.2,702.9,0
4803-AXVYP,Electronic check,99.55,3734.25,0
3884-HCSWG,Electronic check,70.0,1144.5,0
4567-AKPIA,Bank transfer (automatic),109.1,4454.25,0
5077-DXTCG,Electronic check,45.3,45.3,0
1142-WACZW,Bank transfer (automatic),29.85,75.6,0
7901-HXJVA,Electronic check,76.45,1117.55,0
5649-ANRML,Credit card (automatic),95.1,180.25,0
4892-VLANZ,Mailed check,19.8,19.8,0
5924-IFQTT,Electronic check,72.8,930.05,0
7968-QUXNS,Mailed check,18.95,110.15,0
2919-HBCJO,Bank transfer (automatic),76.65,333.6,0
4236-XPXAV,Mailed check,99.15,465.05,0
8903-WMRNW,Electronic check,101.75,1669.4,0
2452-SNHFZ,Credit card (automatic),75.45,3545.1,0
3629-WEAAM,Mailed check,64.1,504.05,0
6029-CSMJE,Mailed check,25.65,440.2,0
7993-NQLJE,Mailed check,75.1,1151.55,0
9909-DFRJA,Bank transfer (automatic),95.85,2475.35,0
9099-FTUHS,Electronic check,54.4,1249.25,0
0581-BXBUB,Electronic check,72.75,317.75,0
4962-CHQPW,Mailed check,19.85,535.05,0
9467-ROOLM,Mailed check,19.05,461.3,0
3030-YZADT,Mailed check,44.95,431.0,0
7410-KTVFV,Mailed check,49.55,878.35,0
5150-ITWWB,Electronic check,94.85,335.75,0
2253-KPMNB,Bank transfer (automatic),46.25,3121.4,0
1345-ZUKID,Mailed check,19.35,324.8,0
6429-SHBCB,Mailed check,69.6,1394.55,0
9281-OFDMF,Electronic check,90.7,3413.25,0
2603-HVKCG,Electronic check,101.4,3143.65,0
1834-WULEG,Mailed check,20.25,439.75,0
9097-ZUBYC,Bank transfer (automatic),48.8,664.4,0
5148-ORICT,Mailed check,74.35,4759.55,0
4893-GYUJU,Mailed check,19.35,1033.0,0
4578-PHJYZ,Electronic check,68.75,3482.85,0
7272-QDCKA,Electronic check,100.2,2688.45,0
8908-SLFCJ,Credit card (automatic),20.85,435.25,0
8393-DLHGA,Electronic check,95.9,2448.75,0
9766-HGEDE,Mailed check,19.35,307.0,0
6968-MHOMU,Credit card (automatic),45.0,2689.35,0
7395-IGJOS,Bank transfer (automatic),81.5,1329.2,0
5044-XDPYX,Mailed check,25.5,1281.25,0
1814-WFGVS,Mailed check,48.9,3527.0,0
2834-SPCJV,Electronic check,84.1,4348.65,0
3721-WKIIL,Mailed check,19.6,561.15,0
6734-CKRSM,Mailed check,20.0,63.6,0
1265-ZFOSD,Mailed check,81.3,5129.3,0
6568-POCUI,Credit card (automatic),95.2,4285.8,0
7890-VYYWG,Mailed check,36.45,93.7,0
5197-LQXXH,Credit card (automatic),83.3,5894.5,0
9907-SWKKF,Mailed check,25.05,25.05,0
3457-PQBYH,Credit card (automatic),20.3,1160.75,0
7682-AZNDK,Electronic check,89.85,3091.75,0
0587-DMGBH,Electronic check,49.85,365.55,0
5384-ZTTWP,Mailed check,19.8,272.95,0
3745-HRPHI,Bank transfer (automatic),54.65,3632.0,0
7636-OWBPG,Credit card (automatic),29.35,381.2,0
1231-YNDEK,Bank transfer (automatic),19.15,1035.5,0
1407-DIGZV,Mailed check,19.1,52.0,0
6397-JNZZG,Credit card (automatic),55.55,2342.2,0
0570-BFQHT,Electronic check,80.55,653.9,0
4393-OBCRR,Mailed check,20.25,71.2,0
3523-QRQLL,Bank transfer (automatic),69.5,1498.2,0
8564-LDKFL,Bank transfer (automatic),106.0,4178.65,0
3696-DFHHB,Bank transfer (automatic),25.5,1821.8,0
0895-DQHEW,Electronic check,104.3,5278.15,0
4717-GHADL,Mailed check,79.6,4024.2,0
5501-TVMGM,Electronic check,55.25,55.25,0
5879-HMFFH,Bank transfer (automatic),88.05,6520.8,0
6772-WFQRD,Bank transfer (automatic),20.4,854.9,0
3810-DVDQQ,Bank transfer (automatic),117.6,8308.9,0
6972-SNKKW,Mailed check,20.0,109.2,0
3694-GLTJM,Credit card (automatic),19.65,92.05,0
8550-XSXUQ,Credit card (automatic),70.55,3420.5,0
8149-RSOUN,Electronic check,93.85,93.85,0
9055-MOJJJ,Mailed check,65.8,4068.0,0
4359-INNWN,Credit card (automatic),20.05,337.9,0
0585-EGDDA,Electronic check,80.0,3168.75,0
4032-RMHCI,Credit card (automatic),35.4,1412.4,0
0549-CYCQN,Bank transfer (automatic),79.6,3974.7,0
3481-JHUZH,Electronic check,80.25,3439.0,0
7250-EQKIY,Mailed check,50.45,50.45,0
3594-IVHJZ,Mailed check,20.45,42.45,0
6869-FGJJC,Credit card (automatic),79.6,5461.45,0
3896-ZVNET,Mailed check,24.7,571.75,0
8205-VSLRB,Credit card (automatic),77.3,5498.2,0
5960-MVTUK,Electronic check,29.75,96.85,0
6817-WTYHE,Bank transfer (automatic),44.9,111.05,0
3082-VQXNH,Credit card (automatic),29.8,94.4,0
4013-UBXWQ,Electronic check,74.65,521.1,0
4931-TRZWN,Electronic check,71.95,923.85,0
0750-EKNGL,Mailed check,20.75,141.1,0
7669-LCRSD,Mailed check,56.3,628.65,0
3567-PQTSO,Electronic check,105.25,5576.3,0
5519-NPHVG,Electronic check,94.2,1046.1,0
8043-PNYSD,Mailed check,19.55,1245.6,0
9938-EKRGF,Mailed check,84.45,1287.85,0
2703-AMTUL,Mailed check,53.65,1939.35,0
0928-JMXNP,Electronic check,29.9,118.25,0
8173-RXAYP,Mailed check,19.7,452.55,0
4825-XJGDM,Credit card (automatic),43.7,2696.55,0
5402-HTOTQ,Electronic check,55.3,875.35,0
6734-JDTTV,Credit card (automatic),19.85,1267.05,0
7850-THJMU,Credit card (automatic),19.65,494.9,0
3890-RTCMS,Mailed check,49.45,799.0,0
8849-GYOKR,Bank transfer (automatic),106.55,5763.3,0
3148-BLQJT,Mailed check,20.1,20.1,0
3717-FDJFU,Mailed check,20.45,106.9,0
3665-JATSN,Electronic check,39.7,710.05,0
7966-YOTQW,Credit card (automatic),54.5,568.2,0
0461-CVKMU,Electronic check,83.8,1900.25,0
8806-EAGWC,Mailed check,55.15,159.15,0
8853-TZDGH,Bank transfer (automatic),111.6,8012.75,0
7779-LGOVN,Electronic check,86.65,856.65,0
4324-BZCKL,Mailed check,55.55,551.3,0
6924-TDGMT,Mailed check,20.55,184.95,0
9710-ZUSHQ,Bank transfer (automatic),106.75,4056.75,0
1536-YHDOE,Mailed check,62.1,1096.65,0
8123-QBNAZ,Credit card (automatic),104.5,3684.95,0
3629-ZNKXA,Electronic check,101.8,1752.45,0
4827-LTQRJ,Credit card (automatic),110.6,7210.85,0
7711-YIJWC,Bank transfer (automatic),84.9,5264.5,0
5482-VXSXJ,Mailed check,93.2,2157.3,0
7365-BVCJH,Electronic check,24.4,24.4,0
9620-ENEJV,Credit card (automatic),70.55,433.95,0
4183-WCSEP,Electronic check,78.45,2435.15,0
2378-YIZKA,Credit card (automatic),85.0,5607.75,0
5498-TXHLF,Electronic check,87.45,2874.15,0
0689-DSXGL,Bank transfer (automatic),85.8,4433.3,0
6818-DJXAA,Electronic check,91.1,964.35,0
9722-UJOJR,Electronic check,70.75,1974.8,0
0464-WJTKO,Bank transfer (automatic),20.1,1460.85,0
8902-ZEOVF,Mailed check,20.05,951.55,0
6778-EICRF,Mailed check,74.8,1821.2,0
2662-NNTDK,Credit card (automatic),24.8,1600.95,0
4132-KALRO,Mailed check,100.85,399.25,0
3902-FOIGH,Electronic check,101.35,1218.55,0
6772-KSATR,Electronic check,81.7,81.7,0
7112-OPOTK,Electronic check,68.25,2171.15,0
2874-YXVVA,Electronic check,105.1,3634.8,0
1245-HARPS,Mailed check,20.4,292.4,0
4210-QFJMF,Electronic check,79.15,317.25,0
4323-ELYYB,Mailed check,20.0,218.55,0
4293-ETKAP,Bank transfer (automatic),79.4,5071.9,0
6064-PUPMC,Credit card (automatic),57.2,1423.35,0
6504-VBLFL,Electronic check,58.6,3068.6,0
6322-PJJDJ,Electronic check,94.8,4690.65,0
0330-BGYZE,Bank transfer (automatic),102.5,6157.6,0
1085-LDWAM,Credit card (automatic),20.35,1442.65,0
7586-ZATGZ,Electronic check,84.9,3369.05,0
7197-VOJMM,Credit card (automatic),69.2,4671.65,0
3318-OSATS,Electronic check,95.45,3474.05,0
5828-AVIPD,Electronic check,100.95,1875.55,0
1843-TLSGD,Mailed check,20.85,272.35,0
9626-VFRGG,Bank transfer (automatic),88.5,3645.05,0
7075-BNDVQ,Mailed check,35.0,135.75,0
9143-CANJF,Electronic check,55.15,1319.85,0
7284-BUYEC,Credit card (automatic),50.95,229.4,0
2041-JIJCI,Electronic check,64.0,370.25,0
1086-LXKFY,Mailed check,69.1,69.1,0
4900-MSOMT,Bank transfer (automatic),80.2,5714.2,0
2229-VWQJH,Credit card (automatic),49.3,1233.25,0
9194-GFVOI,Credit card (automatic),84.35,3571.6,0
1336-EZFZY,Mailed check,20.05,83.3,0
4282-MSACW,Credit card (automatic),117.2,8035.95,0
1403-LKLIK,Mailed check,20.1,579.4,0
2636-ALXXZ,Electronic check,69.6,69.6,0
7774-OJSXI,Electronic check,103.45,3066.45,0
7786-WBJYI,Bank transfer (automatic),77.95,305.55,0
0136-IFMYD,Electronic check,109.95,7634.25,0
5144-TVGLP,Electronic check,94.75,3653.0,0
9643-AVVWI,Electronic check,80.0,241.3,0
0253-ZTEOB,Electronic check,79.65,3870.3,0
2706-QZIHY,Mailed check,25.2,387.9,0
6061-PQHMK,Credit card (automatic),19.9,527.5,0
9885-CSMWE,Electronic check,78.45,78.45,0
6137-MFAJN,Electronic check,44.8,2104.55,0
9122-UMROB,Mailed check,20.3,20.3,0
4232-JGKIY,Electronic check,19.2,19.2,0
2402-TAIRZ,Electronic check,80.05,3019.1,0
9659-ZTWSM,Bank transfer (automatic),107.35,7051.95,0
9139-TWBAS,Bank transfer (automatic),47.85,1190.5,0
6685-GBWJZ,Credit card (automatic),70.8,4448.8,0
5016-ETTFF,Mailed check,29.5,255.25,0
3866-MDTUB,Electronic check,70.75,146.9,0
2195-VVRJF,Credit card (automatic),59.1,1011.05,0
3913-RDSJZ,Mailed check,25.55,1714.95,0
8058-JMEQO,Electronic check,84.45,762.5,0
4203-QGNZA,Mailed check,20.25,535.35,0
5043-TRZWM,Electronic check,75.55,75.55,0
0697-ZMSWS,Electronic check,85.65,338.9,0
7657-DYEPJ,Credit card (automatic),70.15,2497.35,0
9494-BDNNC,Electronic check,95.3,6273.4,0
1640-PLFMP,Electronic check,70.25,70.25,0
5366-OBVMR,Mailed check,50.3,908.75,0
8276-MQBYC,Electronic check,97.8,4913.3,0
7644-OMVMY,Mailed check,19.85,0.0,1
7593-XFKDI,Mailed check,46.3,46.3,0
4573-JKNAE,Bank transfer (automatic),19.35,212.3,0
0337-CNPZE,Electronic check,106.3,4443.45,0
9817-APLHW,Electronic check,25.0,316.2,0
8380-MQINP,Mailed check,20.3,1079.05,0
0840-DFEZH,Electronic check,75.35,564.65,0
1513-XNPPH,Electronic check,89.4,1095.65,0
8690-ZVLCL,Credit card (automatic),88.0,6161.9,0
6015-VVHHE,Credit card (automatic),83.15,446.05,0
1125-SNVCK,Mailed check,43.8,2106.05,0
0384-LPITE,Credit card (automatic),62.05,2511.55,0
4616-EWBNJ,Bank transfer (automatic),20.1,318.6,0
6347-DCUIK,Mailed check,74.15,811.8,0
1335-HQMKX,Electronic check,101.35,7323.15,0
2545-EBUPK,Electronic check,84.05,186.05,0
6923-AQONU,Mailed check,20.9,454.0,0
2172-EJXVF,Electronic check,105.9,7521.95,0
0897-FEGMU,Electronic check,99.5,1056.95,0
7663-RGWBC,Mailed check,44.15,44.15,0
1120-BMWUB,Mailed check,53.9,834.15,0
9124-LHCJQ,Mailed check,85.45,85.45,0
4536-PLEQY,Credit card (automatic),85.05,999.8,0
7029-IJEJK,Bank transfer (automatic),44.1,2369.7,0
8871-JLMHM,Credit card (automatic),90.2,6297.65,0
2235-ZGKPT,Mailed check,50.85,239.55,0
3891-PUQOD,Electronic check,59.2,59.2,0
5447-VYTKW,Mailed check,53.45,1461.45,0
3623-FQBOX,Mailed check,19.95,416.4,0
0689-NKYLF,Electronic check,83.2,1060.6,0
8659-HDIYE,Credit card (automatic),74.65,4869.35,0
3658-KIBGF,Electronic check,54.9,54.9,0
3474-BAFSJ,Bank transfer (automatic),57.5,3265.95,0
5519-YLDGW,Electronic check,103.9,2254.2,0
3865-ZFZIB,Mailed check,19.65,358.15,0
1855-AGAWH,Electronic check,93.8,2939.8,0
7109-CQYUZ,Mailed check,89.25,4652.4,0
1370-GGAWX,Electronic check,94.15,4408.45,0
4680-KUTAJ,Electronic check,55.6,580.8,0
5307-UVGNB,Bank transfer (automatic),48.7,2495.2,0
4946-EDSEW,Mailed check,19.25,180.3,0
2883-ILGWO,Bank transfer (automatic),104.9,5913.95,0
2516-VQRRV,Mailed check,75.45,158.4,0
7580-UGXNC,Mailed check,54.85,104.2,0
3642-BYHDO,Bank transfer (automatic),19.9,1389.35,0
9629-NHXFW,Mailed check,19.4,19.4,0
2696-RZVZW,Credit card (automatic),25.05,1629.2,0
5766-FTRTS,Mailed check,84.45,6033.1,0
0396-HUJBP,Mailed check,19.3,44.4,0
5178-LMXOP,Electronic check,95.1,95.1,0
8879-ZKJOF,Bank transfer (automatic),79.85,3320.75,0
6285-FTQBF,Credit card (automatic),25.55,1867.7,0
8185-UPYBR,Electronic check,75.5,438.0,0
4585-HETAI,Electronic check,73.75,325.45,0
7526-BEZQB,Electronic check,96.05,1148.1,0
1474-JUWSM,Electronic check,68.4,3972.25,0
3530-CRZSB,Mailed check,20.65,155.9,0
8498-XXGWA,Mailed check,55.15,3673.15,0
9617-INGJY,Mailed check,70.6,70.6,0
0621-TSSMU,Credit card (automatic),19.95,1126.75,0
7234-KMNRQ,Mailed check,19.0,73.45,0
7636-PEPNS,Mailed check,44.1,2413.05,0
4683-WYDOU,Bank transfer (automatic),107.6,6912.7,0
9052-DHNKM,Electronic check,61.55,1581.95,0
6794-HKIAJ,Bank transfer (automatic),90.7,5586.45,0
5578-NKCXI,Credit card (automatic),99.25,5846.65,0
1642-HMARX,Electronic check,91.7,6424.7,0
3096-WPXBT,Credit card (automatic),100.7,6018.65,0
8434-PNQZX,Credit card (automatic),78.45,3373.4,0
5950-AAAGJ,Bank transfer (automatic),84.3,1537.9,0
4299-OPXEJ,Bank transfer (automatic),19.55,1080.55,0
4951-UKAAQ,Electronic check,88.95,355.2,0
9618-LFJRU,Credit card (automatic),20.45,82.85,0
6693-DJWTY,Credit card (automatic),55.6,2016.45,0
0744-GKNGE,Bank transfer (automatic),86.8,5327.25,0
6447-EGDIV,Mailed check,20.95,683.25,0
1167-OYZJF,Bank transfer (automatic),20.05,1263.05,0
2108-YKQTY,Credit card (automatic),50.7,151.3,0
4806-DXQCE,Electronic check,113.65,7714.65,0
4918-QLLIW,Credit card (automatic),53.4,188.7,0
7056-IMHCC,Electronic check,101.9,5549.4,0
4854-SSLTN,Mailed check,59.5,130.5,0
5294-DMSFH,Credit card (automatic),87.8,2621.75,0
4837-PZTIC,Mailed check,41.9,1875.25,0
1625-JAIIY,Electronic check,83.0,5685.8,0
0603-OLQDC,Mailed check,69.85,837.5,0
3272-VUHPV,Bank transfer (automatic),56.3,401.5,0
4176-FXYBO,Electronic check,109.55,6118.95,0
1063-DHQJF,Mailed check,92.15,6480.9,0
8663-UPDGF,Bank transfer (automatic),69.5,1800.05,0
6719-FGEDO,Bank transfer (automatic),97.0,7104.2,0
1837-YQUCE,Bank transfer (automatic),58.35,4214.25,0
2947-DOMLJ,Mailed check,50.6,50.6,0
4112-LUEIZ,Electronic check,89.5,863.1,0
0369-ZGOVK,Bank transfer (automatic),70.4,1992.2,0
4510-HIMLV,Electronic check,69.8,69.8,0
9919-KNPOO,Electronic check,94.3,1948.35,0
8749-JMNKX,Bank transfer (automatic),93.8,4750.95,0
7872-BAAZR,Bank transfer (automatic),19.55,1007.9,0
9391-LMANN,Electronic check,95.95,5036.9,0
2430-USGXP,Electronic check,101.05,2391.8,0
8174-TBVCF,Credit card (automatic),94.8,6859.05,0
1698-XFZCI,Electronic check,107.75,6521.9,0
1877-HKBQX,Mailed check,54.6,617.85,0
4450-DLLMH,Credit card (automatic),71.3,157.75,0
0428-AXXLJ,Bank transfer (automatic),19.5,516.3,0
2746-DIJLO,Credit card (automatic),56.3,2364.0,0
5955-ERIHD,Electronic check,94.7,1687.95,0
0917-EZOLA,Bank transfer (automatic),104.15,7689.95,0
3508-VLHCZ,Credit card (automatic),90.55,6239.05,0
4086-ATNFV,Mailed check,60.8,2042.05,0
0468-YRPXN,Credit card (automatic),98.8,2807.1,0
5996-NRVXR,Credit card (automatic),98.15,4116.8,0
3739-YBWAB,Mailed check,35.35,1317.95,0
7047-FWEYA,Electronic check,103.15,4594.65,0
2000-MPKCA,Electronic check,107.75,6332.75,0
9762-YAQAA,Credit card (automatic),81.4,3213.75,0
5949-EBSQK,Credit card (automatic),61.45,229.55,0
5473-KHBPS,Credit card (automatic),95.7,4976.15,0
0100-DUVFC,Electronic check,104.8,7308.95,0
5397-TUPSH,Bank transfer (automatic),70.95,4555.2,0
8950-MTZNV,Mailed check,44.95,44.95,0
0326-VDYXE,Electronic check,97.65,6982.5,0
6773-LQTVT,Mailed check,35.65,1025.15,0
7274-RTAPZ,Electronic check,90.55,90.55,0
0436-TWFFZ,Mailed check,85.25,5714.2,0
8566-YPRGL,Mailed check,19.5,19.5,0
0311-UNPFF,Bank transfer (automatic),88.8,2274.35,0
6609-MXJHJ,Mailed check,25.1,789.55,0
2669-OIDSD,Credit card (automatic),100.05,4834.0,0
8400-WZICQ,Electronic check,55.7,3131.8,0
3834-XUIFC,Mailed check,85.2,602.55,0
9576-SYUHJ,Electronic check,91.15,3369.25,0
0410-IPFTY,Bank transfer (automatic),83.85,2674.15,0
2831-EBWRN,Electronic check,45.9,199.75,0
9430-NKQLY,Credit card (automatic),25.1,1790.8,0
8414-MYSHR,Electronic check,91.4,449.75,0
0247-SLUJI,Mailed check,19.7,19.7,0
9402-ORRAH,Electronic check,91.5,1400.3,0
6483-OATDN,Credit card (automatic),51.3,411.6,0
1293-HHSHJ,Mailed check,21.1,741.0,0
4840-ORQXB,Electronic check,104.75,5841.35,0
7599-FKVXZ,Bank transfer (automatic),106.15,4512.7,0
3982-DQLUS,Electronic check,85.75,5688.45,0
8610-ZIKJJ,Mailed check,20.3,31.9,0
3756-VNWDH,Electronic check,100.75,6674.65,0
7801-KICAO,Electronic check,74.15,1345.75,0
7673-LPRNY,Electronic check,78.55,1843.05,0
8229-TNIQA,Mailed check,45.3,196.95,0
6060-QBMGV,Credit card (automatic),19.85,1433.8,0
7339-POGZN,Electronic check,50.7,214.55,0
2828-SLQPF,Bank transfer (automatic),45.0,865.85,0
4465-VDKIQ,Electronic check,77.8,1358.6,0
2921-XWDJH,Electronic check,83.45,3147.15,0
6221-AVQYL,Credit card (automatic),73.25,131.05,0
2558-BUOZZ,Bank transfer (automatic),94.8,4535.85,0
9257-AZMTZ,Bank transfer (automatic),20.1,1078.75,0
0003-MKNFE,Mailed check,59.9,542.4,0
0975-UYDTX,Credit card (automatic),90.1,2312.55,0
7743-EXURX,Electronic check,51.05,415.05,0
4682-BLBUC,Electronic check,70.95,3250.45,0
0975-VOOVL,Mailed check,29.2,98.5,0
5968-VXZLG,Bank transfer (automatic),46.6,87.9,0
5569-KGJHX,Bank transfer (automatic),85.35,754.65,0
4988-IQIGL,Electronic check,75.35,75.35,0
5201-FRKKS,Bank transfer (automatic),74.3,1952.25,0
9799-CAYJJ,Electronic check,69.3,153.8,0
7730-IUTDZ,Electronic check,75.2,3198.6,0
0426-TIRNE,Mailed check,20.9,20.9,0
5443-SCMKX,Electronic check,94.3,5610.15,0
8295-KMENE,Mailed check,76.45,4519.5,0
6738-ISCBM,Electronic check,54.0,2440.25,0
9821-BESNZ,Electronic check,104.25,6860.6,0
3678-MNGZX,Bank transfer (automatic),19.95,1377.7,0
1335-NTIUC,Electronic check,24.95,190.25,0
2916-BQZLN,Electronic check,84.75,1651.95,0
4558-CGYCZ,Mailed check,19.75,78.3,0
2368-GAKKQ,Bank transfer (automatic),113.65,7939.25,0
8710-YGLWG,Mailed check,44.9,44.9,0
3199-XGZCY,Electronic check,75.25,576.7,0
3785-KTYSH,Mailed check,24.6,1279.0,0
6814-ZPWFQ,Bank transfer (automatic),25.0,1260.7,0
4063-EIKNQ,Bank transfer (automatic),20.95,267.35,0
6993-YCOBK,Electronic check,110.6,6586.85,0
5206-HPJKM,Credit card (automatic),55.5,934.15,0
7587-RZNME,Electronic check,43.3,123.65,0
0748-RDGGM,Bank transfer (automatic),109.5,7534.65,0
8393-JMVMB,Mailed check,19.45,19.45,0
5019-GQVCR,Electronic check,84.85,3645.6,0
6036-TTFYU,Mailed check,19.6,314.45,0
2550-AEVRU,Electronic check,53.45,3053.0,0
0969-RGKCU,Credit card (automatic),19.8,677.05,0
0378-CJKPV,Credit card (automatic),112.1,7965.95,0
4706-AXVKM,Credit card (automatic),84.8,906.85,0
5889-JTMUL,Electronic check,95.05,4888.7,0
9026-RNUJS,Electronic check,50.35,237.25,0
3746-EUBYR,Bank transfer (automatic),74.6,74.6,0
2332-EFBJY,Mailed check,19.7,342.4,0
2880-FPNAE,Electronic check,74.2,140.1,0
1703-MGIAB,Mailed check,69.0,1108.0,0
4311-QTTAI,Credit card (automatic),19.35,295.55,0
9474-PHLYD,Electronic check,59.45,892.65,0
4318-RAJVY,Mailed check,19.8,198.25,0
2165-VOEGB,Bank transfer (automatic),105.2,4822.85,0
3612-YUNGG,Credit card (automatic),109.2,6741.15,0
2254-DLXRI,Mailed check,79.15,79.15,0
5062-CJJKH,Mailed check,53.65,1355.45,0
9028-LIHRP,Credit card (automatic),100.2,7209.0,0
2219-MVUSO,Mailed check,45.15,438.4,0
1053-MXTTK,Bank transfer (automatic),108.65,7726.35,0
1530-ZTDOZ,Bank transfer (automatic),40.65,2070.75,0
1301-LOPVR,Credit card (automatic),55.35,1636.95,0
0853-TWRVK,Bank transfer (automatic),105.6,7581.5,0
8914-RBTSB,Electronic check,93.8,3019.5,0
6212-ATMLK,Electronic check,95.7,4729.75,0
8200-LGKSR,Electronic check,83.2,6126.1,0
1568-BEKZM,Credit card (automatic),90.05,6333.4,0
0670-ANMUU,Credit card (automatic),97.65,6687.85,0
6897-RWMUB,Bank transfer (automatic),68.05,4158.25,0
0963-ZBDRN,Electronic check,96.2,3183.4,0
7594-RQHXR,Electronic check,79.6,79.6,0
6999-CHVCF,Bank transfer (automatic),102.1,7149.35,0
6134-KWTBV,Bank transfer (automatic),23.4,1429.65,0
1077-HUUJM,Electronic check,71.05,472.65,0
6331-EWIEB,Electronic check,85.25,1734.5,0
0895-LNKRC,Mailed check,19.45,113.5,0
2045-BMBTJ,Bank transfer (automatic),59.45,1884.65,0
8417-GSODA,Bank transfer (automatic),92.2,2568.15,0
5171-EPLKN,Credit card (automatic),19.85,470.0,0
4452-QIIEB,Mailed check,43.9,278.4,0
5998-VVEJY,Electronic check,80.5,2088.8,0
1624-NALOJ,Electronic check,89.8,502.6,0
6741-EGCBI,Credit card (automatic),90.5,2595.85,0
7820-ZYGNY,Credit card (automatic),90.45,5825.5,0
4317-VTEOA,Electronic check,50.75,50.75,0
9677-AVKED,Electronic check,84.6,4449.75,0
1670-SVOWZ,Credit card (automatic),89.65,1208.35,0
2227-JRSJX,Bank transfer (automatic),99.15,1956.4,0
9847-HNVGP,Mailed check,19.95,310.6,0
6696-YDAYZ,Mailed check,20.5,290.55,0
8980-WQFWL,Electronic check,62.1,2096.1,0
1730-ZMAME,Electronic check,79.5,2665.0,0
6506-EYCNH,Bank transfer (automatic),19.55,543.8,0
4634-JLRJT,Mailed check,20.35,20.35,0
9501-UKKNL,Electronic check,51.7,3005.8,0
2560-QTSBS,Bank transfer (automatic),23.3,1623.15,0
7541-YLXCL,Mailed check,65.4,2498.4,0
4795-WRNVT,Mailed check,65.1,2586.0,0
6080-TCMYC,Electronic check,81.2,3292.3,0
0260-ZDLGK,Mailed check,72.9,651.4,0
7860-UXCRM,Credit card (automatic),74.5,4674.55,0
6357-JJPQT,Electronic check,80.5,232.35,0
2292-XQWSV,Mailed check,60.3,2448.5,0
9552-TGUZV,Mailed check,75.0,658.1,0
5913-INRQV,Mailed check,90.15,3128.8,0
8722-NGNBH,Mailed check,40.0,223.45,0
6210-KBBPI,Credit card (automatic),99.45,919.4,0
9643-YBLUR,Credit card (automatic),69.05,653.95,0
8734-FNWVH,Bank transfer (automatic),59.7,1825.5,0
9447-YPTBX,Bank transfer (automatic),19.85,943.1,0
0133-BMFZO,Electronic check,86.25,181.65,0
6128-CZOMY,Electronic check,45.65,45.65,0
9540-JYROE,Mailed check,70.1,551.35,0
9026-LHEVG,Electronic check,40.75,359.4,0
2260-USTRB,Bank transfer (automatic),70.2,115.95,0
3656-TKRVZ,Electronic check,55.35,165.2,0
7011-CVEUC,Credit card (automatic),95.7,2338.35,0
6185-TASNN,Electronic check,46.3,46.3,0
7925-PNRGI,Mailed check,81.3,3541.1,0
8623-TMRBY,Electronic check,84.2,4146.05,0
1552-CZCLL,Credit card (automatic),20.0,1087.25,0
3038-PQIUY,Bank transfer (automatic),66.15,2522.4,0
1501-SGHBW,Mailed check,45.85,81.0,0
9313-CDOGY,Electronic check,19.6,717.3,0
8148-BPLZQ,Electronic check,49.8,1734.2,0
2623-DRYAM,Electronic check,101.75,7069.3,0
9987-LUTYD,Mailed check,55.15,742.9,0
3208-YPIOE,Electronic check,75.25,3017.65,0
4488-KQFDT,Electronic check,103.95,6423.0,0
2612-RANWT,Bank transfer (automatic),100.15,1164.3,0
5693-PIPCS,Credit card (automatic),99.65,4220.35,0
0491-KAPQG,Electronic check,73.7,1558.7,0
1925-LFCZZ,Bank transfer (automatic),50.05,2743.45,0
8039-EQPIM,Bank transfer (automatic),60.25,4055.5,0
6900-PXRMS,Electronic check,105.75,2710.25,0
8707-RMEZH,Credit card (automatic),87.3,6055.55,0
3346-BRMIS,Electronic check,48.35,810.7,0
3209-ZPKFI,Electronic check,54.25,2538.2,0
6479-VDGRK,Bank transfer (automatic),85.3,6129.2,0
9373-WSLOY,Electronic check,50.0,1750.85,0
2933-FILNV,Mailed check,24.4,36.55,0
3569-JFODW,Credit card (automatic),90.95,6652.45,0
9819-FBNSV,Bank transfer (automatic),72.25,2575.45,0
9544-PYPSJ,Credit card (automatic),96.1,6019.35,0
1591-XWLGB,Credit card (automatic),19.85,1379.6,0
0396-UKGAI,Bank transfer (automatic),55.3,1284.2,0
3243-ZHOHY,Mailed check,20.1,296.15,0
5186-EJEGL,Mailed check,69.5,653.25,0
7527-QNRUS,Mailed check,25.15,412.6,0
9986-BONCE,Bank transfer (automatic),20.95,85.5,0
2722-JMONI,Electronic check,49.55,49.55,0
2203-GHNWN,Mailed check,79.65,1928.7,0
3878-AVSOQ,Electronic check,71.25,71.25,0
3258-SYSWS,Bank transfer (automatic),113.8,7845.8,0
5296-PSYVW,Electronic check,24.55,1750.7,0
6319-QSUSR,Credit card (automatic),19.7,216.2,0
4083-EUGRJ,Mailed check,20.25,178.5,0
7579-OOPEC,Credit card (automatic),50.15,115.1,0
0512-FLFDW,Credit card (automatic),100.5,6029.0,0
1771-OADNZ,Electronic check,95.9,2745.2,0
0487-CRLZF,Bank transfer (automatic),74.45,3721.9,0
2107-FBPTK,Electronic check,104.1,3121.1,0
9451-WLYRI,Credit card (automatic),19.05,990.45,0
8219-VYBVI,Mailed check,25.0,1004.35,0
1991-VOPLL,Mailed check,19.05,157.65,0
9738-QLWTP,Electronic check,81.9,3219.75,0
1016-DJTSV,Electronic check,69.7,572.85,0
9419-IPPBE,Electronic check,90.15,4554.85,0
0174-QRVVY,Credit card (automatic),25.35,1847.55,0
5699-BNCAS,Mailed check,24.65,1766.75,0
2900-PHPLN,Credit card (automatic),19.55,1462.05,0
0612-RTZZA,Electronic check,25.25,25.25,0
8106-GWQOK,Bank transfer (automatic),60.0,2193.2,0
8751-EDEKA,Credit card (automatic),89.9,2433.5,0
6878-GGDWG,Bank transfer (automatic),19.4,641.15,0
4039-PIMHX,Mailed check,49.8,2398.4,0
8450-LUGUK,Bank transfer (automatic),24.1,861.85,0
3604-WLABM,Electronic check,54.25,583.0,0
0795-GMVQO,Credit card (automatic),109.9,7332.4,0
2259-OUUSZ,Credit card (automatic),35.5,249.55,0
1142-IHLOO,Credit card (automatic),87.55,4475.9,0
6410-LEFEN,Electronic check,45.15,416.45,0
4633-MKHYU,Mailed check,88.4,788.6,0
6257-RJOHI,Mailed check,50.8,202.3,0
1545-JFUML,Electronic check,99.0,6994.6,0
3194-ORPIK,Bank transfer (automatic),84.4,4116.15,0
7826-VVKWT,Electronic check,96.55,2263.45,0
1353-GHZOS,Bank transfer (automatic),59.75,1374.35,0
2587-EKXTS,Electronic check,111.5,4915.15,0
5442-BXVND,Bank transfer (automatic),24.25,838.5,0
8816-VXNZD,Electronic check,75.1,75.1,0
9378-FXTIZ,Credit card (automatic),70.15,3715.65,0
1723-HKXJQ,Electronic check,101.75,4273.45,0
7825-GKXMW,Electronic check,45.8,45.8,0
9753-OYLBX,Mailed check,20.5,20.5,0
2364-UFROM,Electronic check,70.4,2044.75,0
6656-JWRQX,Mailed check,30.55,30.55,0
6473-ULUHT,Electronic check,84.9,1398.25,0
1240-KNSEZ,Mailed check,20.1,20.1,0
0836-SEYLU,Mailed check,40.65,328.95,0
4433-JCGCG,Electronic check,101.0,4680.05,0
3716-BDVDB,Electronic check,69.1,69.1,0
7688-AWMDX,Bank transfer (automatic),54.5,3778.2,0
2842-BCQGE,Credit card (automatic),75.35,3161.4,0
7244-QWYHG,Bank transfer (automatic),44.45,2188.45,0
5899-MQZZL,Mailed check,75.0,999.45,0
6849-OYAMU,Bank transfer (automatic),100.0,1888.65,0
5312-UXESG,Bank transfer (automatic),98.05,3990.6,0
9488-HGMJH,Electronic check,71.15,71.15,0
6038-GCYEC,Credit card (automatic),54.15,1240.25,0
2150-WLKUW,Bank transfer (automatic),63.9,2635.0,0
7159-FVYPK,Bank transfer (automatic),69.15,235.0,0
7032-LMBHI,Bank transfer (automatic),64.65,2347.85,0
1150-WFARN,Credit card (automatic),108.75,7156.2,0
6088-BXMRG,Electronic check,98.85,3089.6,0
3144-AUDBS,Electronic check,49.15,270.8,0
4821-SJHJV,Electronic check,89.6,2901.8,0
7346-MEDWM,Electronic check,83.25,4949.1,0
1137-DGOWI,Bank transfer (automatic),70.25,2198.9,0
5616-PRTNT,Electronic check,19.4,374.5,0
3812-LRZIR,Electronic check,24.5,761.95,0
4818-QIUFN,Electronic check,79.15,1520.9,0
9483-GCPWE,Mailed check,20.1,190.25,0
4227-OJHAL,Credit card (automatic),73.0,5163.0,0
9220-CXRSC,Credit card (automatic),61.4,4059.85,0
4993-JCRGJ,Mailed check,84.3,2281.6,0
9537-JALFH,Bank transfer (automatic),19.9,1356.7,0
6698-OXETB,Mailed check,20.4,231.45,0
2103-ZRXFN,Mailed check,50.75,50.75,0
3724-BSCVH,Mailed check,20.45,242.4,0
4877-TSOFF,Bank transfer (automatic),75.75,4264.25,0
9209-NWPGU,Electronic check,65.4,2774.55,0
6961-VCPMC,Electronic check,80.4,3605.2,0
7306-YDSOI,Bank transfer (automatic),59.75,4069.9,0
5288-AHOUP,Electronic check,78.5,874.2,0
6688-UZPWD,Electronic check,102.0,1145.35,0
0655-YDGFJ,Bank transfer (automatic),48.95,1323.7,0
8468-EHYJA,Electronic check,99.65,5497.05,0
6823-SIDFQ,Credit card (automatic),18.25,534.7,0
1097-FSPVW,Credit card (automatic),54.55,2455.05,0
2839-RFSQE,Mailed check,20.65,38.7,0
8328-SKJNO,Bank transfer (automatic),40.65,947.4,0
7010-ZMVBF,Mailed check,20.45,357.0,0
5201-CBWYG,Bank transfer (automatic),24.8,1476.25,0
0968-GSIKN,Mailed check,70.8,70.8,0
1965-DDBWU,Credit card (automatic),89.05,1448.6,0
9057-SIHCH,Electronic check,96.6,291.9,0
6352-GIGGQ,Bank transfer (automatic),88.8,5903.15,0
3635-QQRQD,Credit card (automatic),20.05,1201.65,0
6771-XWBDM,Credit card (automatic),104.5,5921.35,0
2897-DOVND,Electronic check,69.8,146.65,0
3082-YVEKW,Bank transfer (automatic),77.15,1759.4,0
0191-EQUUH,Bank transfer (automatic),35.05,844.45,0
7134-HBPBS,Bank transfer (automatic),108.1,7774.05,0
3489-HHPFY,Electronic check,84.05,134.05,0
2926-JEJJC,Bank transfer (automatic),20.2,140.95,0
8601-QACRS,Mailed check,50.6,249.95,0
4950-BDEUX,Electronic check,49.2,1701.65,0
5789-LDFXO,Electronic check,24.6,592.65,0
0508-OOLTO,Electronic check,71.65,135.75,0
2984-TBYKU,Credit card (automatic),104.9,7732.65,0
9822-WMWVG,Electronic check,106.5,4282.4,0
2391-SOORI,Electronic check,49.35,219.65,0
9040-KZVWO,Bank transfer (automatic),75.5,2018.1,0
2645-QTLMB,Electronic check,94.25,669.0,0
4806-HIPDW,Electronic check,68.95,68.95,0
1548-ARAGG,Mailed check,58.5,224.85,0
6339-RZCBJ,Credit card (automatic),78.9,3771.5,0
4424-TKOPW,Electronic check,93.85,196.75,0
4415-WNGVR,Electronic check,79.2,943.85,0
2522-AHJXR,Bank transfer (automatic),109.45,6572.85,0
0412-UCCNP,Electronic check,59.2,3175.85,0
1816-FLZDK,Mailed check,29.15,29.15,0
7096-UCLNH,Mailed check,20.05,20.05,0
8443-ZRDBZ,Electronic check,76.05,318.9,0
9136-ALYBR,Mailed check,24.45,24.45,0
4615-PIVVU,Credit card (automatic),66.5,2762.75,0
8885-QSQBX,Bank transfer (automatic),49.55,49.55,0
7479-NITWS,Credit card (automatic),89.35,631.85,0
8617-ENBDS,Credit card (automatic),73.6,232.5,0
9385-NXKDA,Credit card (automatic),82.65,5919.35,0
0430-IHCDJ,Electronic check,49.0,749.25,0
2959-MJHIC,Electronic check,80.35,307.4,0
6674-KVJHG,Electronic check,25.2,245.15,0
1814-DKOLC,Mailed check,25.45,134.75,0
4201-JMNGR,Electronic check,55.8,55.8,0
9351-HXDMR,Credit card (automatic),110.9,8240.85,0
3537-HPKQT,Credit card (automatic),77.75,4266.4,0
2129-ALKBS,Electronic check,26.2,1077.5,0
5821-MMEIL,Bank transfer (automatic),19.9,1115.6,0
5960-WPXQM,Electronic check,79.05,79.05,0
0684-AOSIH,Electronic check,95.0,95.0,0
8260-NGFNY,Mailed check,25.2,25.2,0
1309-XGFSN,Electronic check,80.85,4079.55,0
1866-RZZQS,Electronic check,98.4,4187.75,0
6968-URWQU,Mailed check,56.35,2391.15,0
4742-TXUEX,Bank transfer (automatic),19.3,890.5,0
9631-XEYKE,Bank transfer (automatic),50.4,137.25,0
8631-NBHFZ,Credit card (automatic),79.4,5154.6,0
1335-MXCSE,Credit card (automatic),55.25,3119.9,0
8873-TMKGR,Mailed check,19.1,529.5,0
8800-JOOCF,Electronic check,84.05,966.55,0
1469-LBJQJ,Electronic check,105.2,6936.85,0
4958-XCBDQ,Electronic check,101.4,3496.3,0
8337-UPOAQ,Electronic check,89.8,914.3,0
0064-YIJGF,Bank transfer (automatic),75.75,1929.0,0
2386-OWURY,Electronic check,95.3,5817.7,0
1725-IQNIY,Bank transfer (automatic),109.75,6110.2,0
0310-VQXAM,Mailed check,19.85,178.8,0
6598-RFFVI,Credit card (automatic),19.3,28.3,0
3453-RTHJQ,Electronic check,69.1,435.0,0
6712-OAWRH,Electronic check,91.25,2351.8,0
6278-FEPBZ,Mailed check,20.25,186.15,0
4280-DLSHD,Mailed check,54.75,445.85,0
1508-DFXCU,Electronic check,81.45,912.0,0
8614-VGMMV,Electronic check,49.1,679.55,0
7868-BGSZA,Electronic check,80.2,3581.6,0
2800-QQUSO,Electronic check,100.3,4222.95,0
2930-UOTMB,Credit card (automatic),65.25,1994.3,0
7973-DZRKH,Credit card (automatic),90.95,5930.05,0
5914-DVBWJ,Electronic check,85.45,1505.85,0
7698-YFGEZ,Mailed check,20.0,20.0,0
2533-QVMSK,Electronic check,94.1,5638.3,0
9773-PEQBZ,Electronic check,79.85,797.25,0
8644-XLFBW,Electronic check,71.65,71.65,0
0650-BWOZN,Electronic check,73.55,1359.45,0
8625-AZYZY,Electronic check,104.65,2542.45,0
7785-RDVIG,Mailed check,19.3,54.7,0
9602-WCXPI,Credit card (automatic),20.15,989.05,0
2903-YYTBW,Electronic check,44.55,44.55,0
3620-MWJNE,Mailed check,54.45,87.3,0
8573-JGCZW,Bank transfer (automatic),19.65,351.55,0
6837-HAEVO,Electronic check,105.0,7297.75,0
6701-YVNQG,Credit card (automatic),88.7,6301.7,0
9306-CPCBC,Electronic check,74.25,210.3,0
4304-XUMGI,Bank transfer (automatic),75.15,3822.45,0
9504-YAZWB,Mailed check,20.25,1048.45,0
8819-ZBYNA,Credit card (automatic),109.1,6393.65,0
6174-NRBTZ,Bank transfer (automatic),30.75,1489.3,0
9481-IEBZY,Credit card (automatic),112.9,8061.5,0
1833-VGRUM,Electronic check,74.2,74.2,0
6137-NICCO,Mailed check,94.05,518.75,0
9065-ZCPQX,Bank transfer (automatic),78.85,5763.15,0
6402-EJMWF,Mailed check,55.3,238.5,0
3620-EHIMZ,Mailed check,19.35,1031.7,0
3213-VVOLG,Mailed check,25.35,0.0,1
6870-ECSHE,Mailed check,20.45,34.8,0
8747-UDCOI,Bank transfer (automatic),19.35,1319.95,0
8374-XGEJJ,Electronic check,101.0,4388.4,0
2656-TABEH,Electronic check,100.2,420.2,0
6946-LMSQS,Electronic check,89.05,2177.45,0
4626-OZDTJ,Credit card (automatic),78.65,3950.85,0
9169-BSVIN,Bank transfer (automatic),74.75,827.05,0
2325-ZUSFD,Bank transfer (automatic),70.1,3913.3,0
8194-PEEBY,Mailed check,19.9,533.5,0
6872-HXFNF,Bank transfer (automatic),58.35,3756.45,0
3932-CMDTD,Electronic check,105.65,443.9,0
7714-YXSMB,Bank transfer (automatic),100.5,2599.95,0
8387-UGUSU,Mailed check,20.05,284.3,0
1080-BWSYE,Credit card (automatic),25.65,1740.8,0
4039-HEUNW,Electronic check,96.5,3436.1,0
1194-HVAIF,Credit card (automatic),95.0,2462.55,0
0812-WUPTB,Mailed check,70.85,70.85,0
3594-UVONA,Credit card (automatic),85.95,3110.1,0
0004-TLHLJ,Electronic check,73.9,280.85,0
1767-TGTKO,Electronic check,45.45,411.75,0
8439-LTUGF,Credit card (automatic),20.0,198.6,0
8805-JNRAZ,Mailed check,49.2,103.7,0
5089-IFSDP,Bank transfer (automatic),109.45,6144.55,0
6418-HNFED,Credit card (automatic),83.25,4089.45,0
0206-OYVOC,Mailed check,19.25,864.2,0
7291-CDTMJ,Bank transfer (automatic),19.65,19.65,0
7128-GGCNO,Bank transfer (automatic),72.8,3249.4,0
0237-YFUTL,Bank transfer (automatic),109.65,5405.8,0
7691-KGKGP,Credit card (automatic),65.0,3363.8,0
6710-HSJRD,Electronic check,114.1,7132.15,0
3675-EQOZA,Bank transfer (automatic),20.65,93.55,0
0840-DCNZE,Bank transfer (automatic),86.95,4138.9,0
1732-FEKLD,Bank transfer (automatic),94.75,5121.75,0
9862-KJTYK,Credit card (automatic),25.35,566.1,0
0479-HMSWA,Electronic check,105.45,2715.3,0
5854-KSRBJ,Mailed check,25.4,1782.05,0
0365-BZUWY,Electronic check,102.55,1742.5,0
4817-VYYWS,Electronic check,100.2,2983.8,0
5701-SVCWR,Mailed check,24.0,24.0,0
3129-AAQOU,Mailed check,25.6,485.9,0
4922-CVPDX,Credit card (automatic),73.5,1905.7,0
1396-QWFBJ,Bank transfer (automatic),74.05,1565.7,0
1357-BIJKI,Electronic check,98.25,4858.7,0
1099-BTKWT,Electronic check,54.4,3723.65,0
5299-SJCZT,Bank transfer (automatic),101.55,298.35,0
2018-PZKMU,Electronic check,103.1,970.45,0
7340-KEFQE,Bank transfer (automatic),34.2,1782.0,0
4570-QHXHL,Electronic check,43.75,405.7,0
2403-BCASL,Electronic check,111.95,4534.9,0
7392-YYPYJ,Electronic check,100.65,2415.95,0
2898-LSJGD,Electronic check,55.95,1157.05,0
2223-GDSHL,Bank transfer (automatic),116.05,8297.5,0
7359-PTSXY,Electronic check,45.75,45.75,0
9470-RTWDV,Credit card (automatic),82.0,2083.1,0
2176-OSJUV,Bank transfer (automatic),65.15,4681.75,0
9348-YVOMK,Credit card (automatic),44.8,176.2,0
8104-OSKWT,Electronic check,79.8,1001.2,0
4521-YEEHE,Electronic check,88.85,1594.75,0
4090-KPJIP,Electronic check,74.95,212.4,0
3786-WOVKF,Bank transfer (automatic),106.85,7677.4,0
4503-BDXBD,Electronic check,74.95,815.5,0
6086-ESGRL,Credit card (automatic),80.15,80.15,0
2592-HODOV,Credit card (automatic),19.3,259.65,0
3886-CERTZ,Electronic check,109.25,8109.8,0
7995-ZHHNZ,Credit card (automatic),56.1,2386.85,0
3824-RHKVR,Credit card (automatic),19.7,340.35,0
5816-SCGFC,Mailed check,51.3,419.35,0
5989-AXPUC,Mailed check,118.6,7990.05,0
4979-HPRFL,Bank transfer (automatic),24.15,1402.25,0
8590-OHDIW,Mailed check,20.3,749.35,0
8015-IHCGW,Electronic check,115.5,8425.15,0
2332-TODQS,Credit card (automatic),25.05,1171.5,0
9278-VZKCD,Electronic check,109.1,5647.95,0
8008-OTEZX,Mailed check,19.65,708.8,0
2773-OVBPK,Bank transfer (automatic),111.3,7567.2,0
5999-LCXAO,Mailed check,29.9,29.9,0
5206-XZZQI,Mailed check,80.6,4348.1,0
4803-LBYPN,Mailed check,20.8,635.9,0
5759-RCVCB,Credit card (automatic),35.2,108.95,0
6372-RFVNS,Electronic check,78.8,78.8,0
2139-FQHLM,Mailed check,89.95,1682.4,0
8261-GWDBQ,Bank transfer (automatic),116.05,6925.9,0
1093-YSWCA,Credit card (automatic),19.55,223.15,0
8938-UMKPI,Electronic check,106.4,5127.95,0
0991-BRRFB,Electronic check,49.4,874.8,0
3882-IYOIJ,Credit card (automatic),115.25,6758.45,0
8749-TZYEC,Credit card (automatic),24.8,1874.3,0
1755-FZQEC,Mailed check,19.9,791.15,0
3115-JPJDD,Credit card (automatic),81.25,4639.45,0
5600-KTXFM,Mailed check,69.95,143.9,0
3871-IKPYH,Electronic check,69.1,69.1,0
6319-IEJWJ,Electronic check,90.2,1776.55,0
9025-AOMKI,Bank transfer (automatic),93.55,536.4,0
6339-TBELP,Credit card (automatic),86.4,6172.0,0
7964-YESJC,Mailed check,66.3,1559.45,0
6173-GOLSU,Credit card (automatic),94.65,6079.0,0
5275-SQEIZ,Mailed check,80.85,80.85,0
7716-YTYHG,Mailed check,82.05,4029.95,0
9938-ZREHM,Mailed check,72.1,2658.4,0
7950-XWOVN,Mailed check,34.7,383.55,0
4390-KYULV,Credit card (automatic),20.55,51.15,0
4647-MUZON,Credit card (automatic),95.95,1745.5,0
9702-AIUJO,Bank transfer (automatic),44.8,2230.85,0
8849-PRIQJ,Electronic check,109.4,7281.6,0
8851-RAGOV,Mailed check,71.05,1837.7,0
1304-NECVQ,Electronic check,78.55,149.55,0
5396-IZEPB,Credit card (automatic),19.7,180.7,0
1729-VLAZJ,Mailed check,40.25,411.45,0
8285-ABVLB,Credit card (automatic),19.85,1328.35,0
0701-TJSEF,Bank transfer (automatic),68.25,576.95,0
5712-VBOXD,Credit card (automatic),20.15,68.45,0
6629-LADHQ,Mailed check,50.95,123.05,0
8945-GRKHX,Electronic check,78.65,78.65,0
1559-DTODC,Bank transfer (automatic),25.15,468.35,0
4797-MIWUM,Bank transfer (automatic),20.25,174.7,0
6959-UWKHF,Electronic check,42.9,42.9,0
8720-RQSBJ,Electronic check,44.0,44.0,0
4537-CIBHB,Mailed check,20.25,172.35,0
3815-SLMEF,Mailed check,34.25,139.35,0
5154-VEKBL,Mailed check,58.5,539.85,0
4324-AHJKS,Credit card (automatic),55.8,300.4,0
4355-CVPVS,Bank transfer (automatic),88.9,4968.0,0
4495-LHSSK,Mailed check,57.65,992.7,0
5655-JSMZM,Electronic check,96.2,4718.25,0
5915-ANOEI,Mailed check,79.15,5536.5,0
9861-PDSZP,Credit card (automatic),108.05,7806.6,0
4505-EXZHB,Electronic check,74.4,434.1,0
7225-CBZPL,Electronic check,94.8,1563.9,0
6704-UTUKK,Electronic check,45.9,1332.4,0
4587-VVTOX,Electronic check,105.3,545.2,0
2019-HDCZY,Electronic check,102.6,6296.75,0
4652-NNHNY,Bank transfer (automatic),73.85,1284.2,0
8788-DOXSU,Bank transfer (automatic),61.35,3645.5,0
7404-JLKQG,Electronic check,57.55,161.45,0
7421-ZLUPA,Mailed check,29.25,226.95,0
8972-HJWNV,Electronic check,84.55,646.85,0
3274-NSDWE,Credit card (automatic),19.6,1441.65,0
2632-IVXVF,Credit card (automatic),111.75,7511.3,0
3692-JHONH,Electronic check,106.5,5621.85,0
8915-NNTRC,Credit card (automatic),107.7,7919.8,0
5914-GXMDA,Mailed check,19.3,593.2,0
7463-IFMQU,Bank transfer (automatic),20.05,1423.65,0
2920-RNCEZ,Credit card (automatic),69.95,69.95,0
2541-YGPKE,Credit card (automatic),63.7,2763.35,0
8515-OCTJS,Credit card (automatic),24.75,692.1,0
5382-TEMLV,Bank transfer (automatic),50.9,2298.55,0
3441-CGZJH,Credit card (automatic),60.4,2640.55,0
9592-ERDKV,Mailed check,79.25,2911.8,0
2860-RANUS,Credit card (automatic),85.8,1727.5,0
5261-QSHQM,Electronic check,24.45,86.6,0
4778-IZARL,Credit card (automatic),110.1,6705.7,0
0432-CAJZV,Mailed check,90.7,237.65,0
7008-LZVOZ,Credit card (automatic),25.3,1672.35,0
8868-WOZGU,Electronic check,105.7,2979.5,0
1200-TUZHR,Electronic check,85.2,695.75,0
9365-CSLBQ,Mailed check,24.35,1654.6,0
1334-FJSVR,Electronic check,24.25,24.25,0
5884-FBCTL,Bank transfer (automatic),25.1,1857.85,0
7130-CTCUS,Bank transfer (automatic),54.55,825.1,0
6242-FEGFD,Mailed check,96.6,6424.25,0
7625-XCQRH,Electronic check,76.5,837.95,0
6194-HBGQN,Credit card (automatic),81.15,4126.2,0
7634-WSWDB,Electronic check,38.5,330.8,0
6986-IXNDM,Electronic check,92.9,1337.45,0
1731-TVIUK,Electronic check,93.5,362.2,0
2987-BJXIK,Mailed check,84.7,5991.05,0
9769-TSBZE,Electronic check,66.0,4891.5,0
0406-BPDVR,Credit card (automatic),101.5,5373.1,0
0618-XWMSS,Bank transfer (automatic),74.9,2068.55,0
1395-WSWXR,Mailed check,20.75,487.05,0
6023-GSSXW,Credit card (automatic),61.45,4131.2,0
6752-APNJL,Mailed check,54.5,2301.15,0
5276-KQWHG,Electronic check,69.6,131.65,0
0420-HLGXF,Electronic check,99.75,4036.0,0
7446-KQISO,Bank transfer (automatic),109.75,4900.65,0
9823-EALYC,Bank transfer (automatic),80.85,5727.45,0
0582-AVCLN,Mailed check,20.3,743.05,0
5803-NQJZO,Bank transfer (automatic),67.8,4804.65,0
2565-JSLRY,Mailed check,24.05,24.05,0
2607-DHDAK,Credit card (automatic),19.8,1414.65,0
1073-XXCZD,Bank transfer (automatic),25.7,1443.65,0
0743-HRVFF,Electronic check,56.15,2898.95,0
4006-HKYHO,Bank transfer (automatic),86.7,5309.5,0
3727-JEZTU,Mailed check,20.4,20.4,0
8143-ETQTI,Mailed check,19.65,451.55,0
6689-KXGBO,Electronic check,50.55,50.55,0
9667-TKTVZ,Mailed check,54.35,117.05,0
3657-COGMW,Credit card (automatic),108.1,5839.3,0
8570-KLJYJ,Mailed check,54.45,1893.5,0
7754-IXRMC,Mailed check,45.35,45.35,0
9473-CBZOP,Mailed check,59.0,1654.45,0
2969-WGHQO,Electronic check,69.45,477.05,0
6615-NGGZJ,Electronic check,100.55,1415.55,0
4334-HOWRP,Credit card (automatic),64.95,4546.0,0
4255-DDUOU,Mailed check,20.5,20.5,0
5863-OOKCL,Mailed check,18.85,163.2,0
1686-STUHN,Bank transfer (automatic),19.8,849.9,0
1329-VHWNP,Bank transfer (automatic),25.05,189.95,0
2984-MIIZL,Bank transfer (automatic),74.8,321.9,0
0266-GMEAO,Credit card (automatic),114.3,8058.55,0
5590-YRFJT,Electronic check,24.45,482.8,0
5574-NXZIU,Credit card (automatic),109.2,7049.75,0
0019-GFNTW,Bank transfer (automatic),45.05,2560.1,0
4256-ZWTZI,Mailed check,51.0,286.8,0
8309-PPCED,Bank transfer (automatic),110.45,7982.5,0
4098-NAUKP,Electronic check,84.65,5683.6,0
5196-WPYOW,Mailed check,60.05,3994.05,0
4608-LCIMN,Bank transfer (automatic),44.65,369.15,0
1485-YDHMM,Bank transfer (automatic),93.25,4631.7,0
4054-CUMIA,Mailed check,20.25,401.95,0
0603-TPMIB,Mailed check,25.45,1534.05,0
2525-GVKQU,Mailed check,20.6,1093.0,0
8161-QYMTT,Electronic check,94.1,701.3,0
9581-GVBXT,Mailed check,34.8,1980.3,0
5862-BRIXZ,Bank transfer (automatic),60.75,2893.4,0
5404-GGUKR,Electronic check,51.35,262.3,0
3308-JSGML,Credit card (automatic),64.05,3886.85,0
2126-GSEGL,Bank transfer (automatic),84.8,5917.55,0
3677-TNKIO,Credit card (automatic),71.0,914.0,0
0440-QEXBZ,Mailed check,50.15,2139.1,0
2434-EEVDB,Credit card (automatic),94.6,5948.7,0
6762-QVYJO,Mailed check,59.75,3624.35,0
6199-IWKGC,Electronic check,100.25,4753.85,0
2675-DHUTR,Electronic check,98.9,5780.7,0
8152-VETUR,Credit card (automatic),97.7,6869.7,0
9667-EQRXU,Electronic check,40.3,1172.95,0
7446-YPODE,Bank transfer (automatic),60.25,662.95,0
9522-BNTHX,Electronic check,56.25,1765.95,0
4676-WLUHT,Bank transfer (automatic),46.2,2431.95,0
3329-WDIOK,Electronic check,50.6,155.35,0
7980-MHFLQ,Mailed check,24.9,1859.2,0
2873-ZLIWT,Electronic check,84.85,3303.05,0
3415-TAILE,Mailed check,65.7,134.35,0
0757-WCUUZ,Credit card (automatic),63.35,3409.1,0
1629-DQQVB,Bank transfer (automatic),50.1,709.5,0
1915-IOFGU,Electronic check,70.5,70.5,0
3045-XETSH,Electronic check,94.85,953.45,0
0374-AACSZ,Electronic check,50.15,50.15,0
7239-HZZCX,Mailed check,19.75,19.75,0
4872-VXRIL,Bank transfer (automatic),64.65,3665.55,0
9140-CZQZZ,Bank transfer (automatic),79.6,5515.8,0
3423-HHXAO,Mailed check,19.5,272.0,0
9938-TKDGL,Electronic check,99.55,6668.0,0
0531-ZZJWQ,Electronic check,74.0,4052.4,0
6537-QLGEX,Electronic check,38.9,664.4,0
2688-BHGOG,Electronic check,79.55,718.55,0
7683-CBDKJ,Electronic check,65.45,937.6,0
0946-CLJTI,Electronic check,98.7,5812.6,0
3160-TYXLT,Bank transfer (automatic),46.3,2546.85,0
1325-USMEC,Credit card (automatic),99.35,6944.5,0
0916-QOFDP,Electronic check,95.8,1346.3,0
0628-CNQRM,Bank transfer (automatic),67.5,1544.05,0
5606-AMZBO,Credit card (automatic),78.15,765.15,0
6199-IPCAO,Mailed check,26.1,692.55,0
7665-TOALD,Electronic check,69.6,69.6,0
0112-QWPNC,Electronic check,84.35,4059.35,0
0324-BRPCJ,Electronic check,100.2,6851.65,0
2777-PHDEI,Electronic check,78.05,78.05,0
5640-CAXOA,Credit card (automatic),40.35,1187.05,0
2235-EZAIK,Credit card (automatic),79.2,5401.9,0
3847-BAERP,Mailed check,20.9,247.0,0
1196-AMORA,Electronic check,73.6,520.0,0
4282-YMKNA,Electronic check,74.75,706.6,0
1453-RZFON,Mailed check,49.9,49.9,0
8263-OKETD,Credit card (automatic),68.9,1370.35,0
0670-KDOMA,Mailed check,20.25,20.25,0
2476-YGEFM,Credit card (automatic),76.0,2215.25,0
8687-BAFGU,Electronic check,74.0,74.0,0
0641-EVBOJ,Mailed check,82.3,214.4,0
0829-XXPLX,Bank transfer (automatic),89.4,1871.15,0
9974-JFBHQ,Credit card (automatic),99.15,6171.2,0
5356-RHIPP,Mailed check,20.2,20.2,0
6624-JDRDS,Bank transfer (automatic),29.45,161.45,0
0608-JDVEC,Electronic check,19.8,1013.2,0
9780-FKVVF,Bank transfer (automatic),59.15,336.7,0
1919-RTPQD,Electronic check,44.75,333.65,0
5214-NLTIT,Credit card (automatic),90.8,6511.8,0
3345-PBBFH,Bank transfer (automatic),49.55,393.45,0
5055-BRMNE,Credit card (automatic),106.7,7009.5,0
9189-JWSHV,Electronic check,93.55,2264.05,0
2190-PHBHR,Credit card (automatic),94.45,6921.7,0
2650-GYRYL,Bank transfer (automatic),19.45,600.25,0
0746-JTRFU,Electronic check,25.05,56.35,0
5208-FVQKB,Mailed check,67.95,4664.15,0
7184-LRUUR,Bank transfer (automatic),65.25,1441.8,0
6627-CFOSN,Bank transfer (automatic),99.45,5623.7,0
3982-JGSFD,Credit card (automatic),20.35,695.85,0
1574-DYCWE,Mailed check,19.95,1028.75,0
7247-XOZPB,Bank transfer (automatic),77.4,4155.95,0
2466-FCCPT,Bank transfer (automatic),19.7,395.6,0
6211-WWLTF,Credit card (automatic),99.7,6330.4,0
4826-TZEVA,Credit card (automatic),74.8,2971.7,0
6016-NXBNJ,Mailed check,19.15,638.0,0
9138-EFSMO,Bank transfer (automatic),78.95,2034.25,0
0576-WNXXC,Electronic check,95.55,2510.2,0
4632-XJMEX,Credit card (automatic),62.85,3419.5,0
8910-LEDAG,Credit card (automatic),71.55,2427.35,0
3452-GWUIN,Electronic check,94.95,1760.25,0
2716-GFZOR,Credit card (automatic),86.1,3551.65,0
3724-UCSHY,Mailed check,19.55,122.9,0
8626-XHBIE,Mailed check,24.8,1424.2,0
4628-CTTLA,Electronic check,39.3,2111.45,0
3192-LNKRK,Mailed check,84.05,2909.95,0
4439-YRNVD,Electronic check,36.25,374.0,0
2876-VBBBL,Mailed check,20.25,20.25,0
6834-NXDCA,Electronic check,23.9,300.8,0
2208-UGTGR,Electronic check,98.6,5581.05,0
3005-TYFRD,Credit card (automatic),103.65,5676.65,0
8670-MEFCP,Credit card (automatic),92.9,3379.25,0
3079-BCHLN,Bank transfer (automatic),19.9,942.95,0
7777-UNYHB,Credit card (automatic),20.1,232.4,0
5597-GLBUC,Electronic check,85.45,85.45,0
7278-CKDNC,Electronic check,80.5,2088.45,0
2748-MYRVK,Bank transfer (automatic),99.9,6137.0,0
8450-UYIBU,Electronic check,39.85,1434.6,0
2969-VAPYH,Credit card (automatic),60.5,3870.0,0
4822-YCXMX,Electronic check,84.8,2043.45,0
7181-OQCUT,Mailed check,103.85,2215.0,0
8474-UMLNT,Bank transfer (automatic),67.8,842.25,0
9821-POOTN,Electronic check,75.2,2576.2,0
3836-FZSDJ,Bank transfer (automatic),24.85,1901.0,0
9142-XMYJH,Credit card (automatic),19.35,601.6,0
6559-ILWKJ,Electronic check,49.35,3515.25,0
0187-QSXOE,Electronic check,89.0,605.45,0
7733-UDMTP,Electronic check,55.0,3094.05,0
2649-HWLYB,Bank transfer (automatic),76.15,4929.55,0
5214-CHIWJ,Mailed check,20.3,595.05,0
4229-CZMLL,Electronic check,74.9,469.8,0
6904-JLBGY,Credit card (automatic),117.35,8436.25,0
2465-BLLEU,Mailed check,19.75,19.75,0
1685-VAYJF,Credit card (automatic),45.2,492.0,0
8874-EJNSR,Mailed check,25.2,987.95,0
6917-YACBP,Electronic check,89.75,5496.9,0
5049-MUBWG,Bank transfer (automatic),75.0,1908.35,0
4223-WOZCM,Mailed check,49.95,107.1,0
0769-MURVM,Bank transfer (automatic),65.7,4575.35,0
9253-VIFJQ,Credit card (automatic),67.05,4309.55,0
7030-FZTFM,Credit card (automatic),110.9,7922.75,0
9741-YLNTD,Bank transfer (automatic),87.95,522.35,0
5917-RYRMG,Credit card (automatic),19.8,587.7,0
5120-ZBLAI,Bank transfer (automatic),75.7,3876.2,0
1194-BHJYC,Mailed check,62.15,3778.85,0
3663-MITLP,Electronic check,101.25,1457.25,0
0906-QVPMS,Bank transfer (automatic),115.15,8349.45,0
9025-ZRPVR,Mailed check,18.95,185.6,0
1905-OEILC,Mailed check,19.5,19.5,0
7858-GTZSP,Electronic check,86.55,1066.9,0
3285-UCQVC,Credit card (automatic),28.6,973.55,0
6248-BSHKG,Mailed check,20.4,1226.45,0
4685-TFLLS,Bank transfer (automatic),19.8,342.3,0
3470-BTGQO,Mailed check,45.65,985.05,0
1209-VFFOC,Mailed check,56.4,3948.45,0
8224-DWCKX,Credit card (automatic),73.3,828.05,0
5482-PLVPE,Electronic check,24.35,41.85,0
4553-DVPZG,Electronic check,101.35,6164.7,0
4902-OHLSK,Electronic check,98.65,2862.75,0
6917-IAYHD,Mailed check,33.6,33.6,0
0495-ZBNGW,Bank transfer (automatic),79.9,343.95,0
8620-RJPZN,Electronic check,20.7,20.7,0
7572-KPVKK,Electronic check,104.05,6590.5,0
2642-MAWLJ,Bank transfer (automatic),20.25,717.95,0
2357-COQEK,Electronic check,103.3,2890.65,0
7103-ZGVNT,Credit card (automatic),73.7,4885.85,0
3737-GCSPV,Credit card (automatic),96.2,1222.05,0
2027-WKXMW,Electronic check,108.75,6871.7,0
7137-NAXML,Bank transfer (automatic),20.15,405.6,0
2428-ZMCTB,Credit card (automatic),19.75,208.25,0
2961-VNFKL,Credit card (automatic),25.95,1801.9,0
1768-HNVGJ,Electronic check,70.05,3062.45,0
6963-KQYQB,Mailed check,24.05,1764.75,0
5934-RMPOV,Electronic check,84.75,1816.75,0
1207-BLKSA,Mailed check,23.05,1255.1,0
4088-YLDSU,Electronic check,104.15,5743.05,0
8316-BBQAY,Credit card (automatic),59.95,3921.1,0
1166-PQLGG,Bank transfer (automatic),19.55,1463.45,0
3146-JTQHR,Bank transfer (automatic),19.6,189.45,0
4291-YZODP,Mailed check,20.05,96.8,0
4395-PZMSN,Electronic check,85.55,408.5,0
6427-FEFIG,Credit card (automatic),78.6,1846.65,0
0017-IUDMW,Credit card (automatic),116.8,8456.75,0
8706-HRADD,Mailed check,43.55,1011.5,0
9955-QOPOY,Credit card (automatic),60.8,4263.4,0
4385-ZKVNW,Bank transfer (automatic),54.9,2549.1,0
5446-DKWYW,Electronic check,65.2,3965.05,0
2034-CGRHZ,Credit card (automatic),102.95,2496.7,0
5797-APWZC,Electronic check,90.6,90.6,0
3683-QKIUE,Bank transfer (automatic),50.8,288.05,0
4228-ZGYUW,Electronic check,90.05,368.1,0
9031-ZVQPT,Electronic check,108.2,7840.6,0
2990-IAJSV,Bank transfer (automatic),92.0,6632.75,0
8107-KNCIM,Electronic check,75.1,1013.35,0
9027-YFHQJ,Bank transfer (automatic),25.05,152.95,0
5176-LDKUH,Electronic check,75.15,3772.65,0
4644-OBGFZ,Mailed check,19.5,1026.35,0
7926-IJOOU,Credit card (automatic),19.3,19.3,0
6480-YAGIY,Credit card (automatic),112.2,5031.85,0
4029-HPFVY,Mailed check,70.3,220.4,0
7602-DBTOU,Mailed check,19.6,1416.5,0
5345-BMKWB,Mailed check,20.25,158.35,0
3519-ZKXGG,Electronic check,75.85,256.6,0
5457-COLHT,Bank transfer (automatic),80.65,5542.55,0
6416-TVAIH,Electronic check,68.5,68.5,0
5451-YHYPW,Credit card (automatic),115.75,8443.7,0
5108-ADXWO,Electronic check,73.5,791.75,0
7998-WNZEM,Bank transfer (automatic),80.6,5708.2,0
3066-RRJIO,Mailed check,69.95,69.95,0
4664-NJCMS,Bank transfer (automatic),59.55,2016.3,0
0307-BCOPK,Mailed check,19.05,326.65,0
7629-WFGLW,Electronic check,95.65,5471.75,0
2542-HYGIQ,Credit card (automatic),19.95,19.95,0
6715-OFDBP,Electronic check,70.05,346.4,0
5016-LIPDW,Mailed check,19.4,1061.6,0
6481-LXPWL,Credit card (automatic),36.1,1971.5,0
1567-DSCIC,Electronic check,94.0,773.65,0
2150-UWTFY,Mailed check,61.15,1422.05,0
6124-ACRHJ,Mailed check,19.75,19.75,0
9362-MWODR,Credit card (automatic),64.1,2460.35,0
9975-GPKZU,Credit card (automatic),19.75,856.5,0
9625-RZFUK,Mailed check,19.7,1275.85,0
5153-LXKDT,Electronic check,110.2,7467.5,0
5161-UBZXI,Credit card (automatic),106.35,7261.75,0
1020-JPQOW,Electronic check,90.55,5116.6,0
7919-ZODZZ,Mailed check,65.9,660.05,0
0565-JUPYD,Credit card (automatic),104.5,6590.8,0
6867-ACCZI,Mailed check,52.5,1208.15,0
5939-XAIXZ,Mailed check,56.1,1033.9,0
9054-FOWNV,Electronic check,88.75,1885.15,0
2683-BPJSO,Electronic check,84.45,2467.1,0
2157-MXBJS,Mailed check,75.3,989.45,0
8207-VVMYB,Bank transfer (automatic),26.0,2006.95,0
9732-EQMWY,Electronic check,99.4,5025.0,0
9360-AHGNL,Mailed check,109.55,4830.25,0
1087-UDSIH,Mailed check,19.6,59.75,0
5269-NRGDP,Electronic check,73.15,3088.25,0
6195-MELTI,Mailed check,54.65,3134.7,0
5485-WUYWF,Bank transfer (automatic),66.4,94.55,0
2121-JAFOM,Credit card (automatic),115.55,8312.4,0
8818-DOPVL,Electronic check,104.45,4863.85,0
2632-UCGVD,Credit card (automatic),100.05,6871.9,0
5445-PZWGX,Electronic check,102.0,6529.25,0
1227-UDMZR,Bank transfer (automatic),91.15,6637.9,0
5198-HQAEN,Electronic check,89.7,3165.6,0
9170-CCKOU,Credit card (automatic),90.2,1454.15,0
2167-FQSTQ,Electronic check,92.4,6786.1,0
2819-GWENI,Mailed check,19.9,543.0,0
1043-YCUTE,Credit card (automatic),25.15,1327.15,0
3814-MLAXC,Credit card (automatic),79.85,2404.15,0
3572-UUHRS,Bank transfer (automatic),18.85,867.3,0
2692-PFYTJ,Mailed check,25.75,25.75,0
1226-UDFZR,Mailed check,49.6,114.7,0
5955-EPOAZ,Mailed check,20.95,109.5,0
6821-JPCDC,Electronic check,97.05,4692.95,0
8815-LMFLX,Bank transfer (automatic),25.4,546.85,0
9135-HSWOC,Bank transfer (automatic),19.7,1274.05,0
8582-KRHPJ,Mailed check,35.0,1782.4,0
5811-IWXYM,Bank transfer (automatic),101.25,5301.1,0
7044-YAACC,Electronic check,70.2,280.35,0
8189-XRIKE,Electronic check,90.95,2897.95,0
1506-YJTYT,Credit card (automatic),73.85,3371.0,0
4123-DVHPH,Electronic check,88.05,801.3,0
6425-YQLLO,Credit card (automatic),105.95,6975.25,0
5442-UTCVD,Electronic check,91.85,257.05,0
2228-BZDEE,Mailed check,20.1,1079.45,0
7734-DBOAI,Electronic check,40.1,40.1,0
2789-CZANW,Bank transfer (automatic),110.3,6997.3,0
2091-RFFBA,Electronic check,73.9,2217.15,0
2114-MGINA,Mailed check,89.8,1129.1,0
7596-LDUXP,Credit card (automatic),85.15,979.05,0
3740-RLMVT,Bank transfer (automatic),60.95,4119.4,0
4489-SNOJF,Electronic check,72.25,2568.55,0
2192-OZITF,Mailed check,73.55,3349.1,0
5651-CPDND,Mailed check,46.0,492.1,0
2186-QZEYA,Bank transfer (automatic),58.55,1718.95,0
1131-ALZWV,Bank transfer (automatic),24.6,605.25,0
7729-XBTWX,Mailed check,19.75,1344.5,0
9134-WYRVP,Mailed check,86.35,4267.15,0
3284-SVCRO,Mailed check,25.5,1121.05,0
9732-OUYRN,Credit card (automatic),19.0,918.7,0
0559-CKHUS,Mailed check,19.55,521.8,0
2931-SVLTV,Credit card (automatic),110.1,4469.1,0
6899-PPEEA,Electronic check,96.55,3580.3,0
7504-UWHNB,Electronic check,69.75,1729.35,0
2582-FFFZR,Electronic check,50.6,1073.3,0
8908-NMQTX,Bank transfer (automatic),65.6,4566.5,0
2187-LZGPL,Credit card (automatic),40.1,293.3,0
1431-AIDJQ,Credit card (automatic),82.1,2603.1,0
6288-LBEAR,Mailed check,79.1,1783.75,0
4597-NUCQV,Electronic check,101.25,2440.15,0
9019-QVLZD,Electronic check,79.55,79.55,0
8413-YNHNV,Mailed check,90.65,6322.1,0
5808-TOTXO,Credit card (automatic),20.55,57.4,0
4369-NYSCF,Bank transfer (automatic),75.75,4284.65,0
6333-YDVLT,Credit card (automatic),110.0,7138.65,0
5324-KTGCG,Electronic check,20.85,1539.75,0
5599-HVLTW,Bank transfer (automatic),80.35,1058.1,0
7394-LWLYN,Electronic check,70.15,123.8,0
3707-LRWZD,Electronic check,84.05,2781.85,0
6873-UDNLD,Electronic check,67.45,2731.0,0
2700-LUEVA,Credit card (automatic),20.75,20.75,0
1455-ESIQH,Electronic check,89.1,89.1,0
0958-YHXGP,Mailed check,69.9,497.3,0
1101-SSWAG,Electronic check,51.1,711.15,0
2979-SXESE,Electronic check,94.4,1607.2,0
4013-TLDHQ,Electronic check,78.25,1490.95,0
5743-KHMNA,Bank transfer (automatic),25.55,1898.1,0
4194-FJARJ,Bank transfer (automatic),60.0,3273.95,0
5325-UWTWJ,Credit card (automatic),90.55,2929.75,0
3969-GYXEL,Electronic check,76.4,838.7,0
9208-OLGAQ,Electronic check,84.95,1443.65,0
3244-CQPHU,Bank transfer (automatic),110.1,7746.7,0
2674-MLXMN,Credit card (automatic),99.65,6951.15,0
9708-HPXWZ,Credit card (automatic),45.4,214.75,0
6992-TKNYO,Credit card (automatic),69.0,2669.45,0
4468-YDOVK,Bank transfer (automatic),48.65,235.2,0
3754-DXMRT,Electronic check,44.15,92.65,0
5792-JALQC,Bank transfer (automatic),59.85,3103.25,0
7130-VTEWQ,Electronic check,75.75,606.25,0
2200-DSAAL,Electronic check,80.65,5330.2,0
4302-ZYFEL,Credit card (automatic),20.55,1403.1,0
9351-LZYGF,Credit card (automatic),66.4,2727.8,0
4366-CTOUZ,Mailed check,100.2,5038.45,0
6121-VZNQB,Mailed check,19.1,19.1,0
7903-CMPEY,Electronic check,80.3,80.3,0
1518-OMDIK,Credit card (automatic),44.55,1462.6,0
6671-NGWON,Mailed check,20.35,150.6,0
0595-ITUDF,Electronic check,91.8,5960.5,0
6996-KNSML,Electronic check,74.9,74.9,0
1955-IBMMB,Bank transfer (automatic),20.2,1192.3,0
0096-BXERS,Electronic check,50.35,314.55,0
3806-YAZOV,Mailed check,18.8,56.0,0
7998-ZLXWN,Credit card (automatic),20.45,330.8,0
6253-WRFHY,Electronic check,64.75,877.35,0
9133-AYJZG,Credit card (automatic),98.7,2249.1,0
2675-OTVVJ,Electronic check,89.45,2807.65,0
8680-CGLTP,Electronic check,58.75,1696.2,0
8430-TWCBX,Credit card (automatic),20.7,1032.05,0
5018-GWURO,Bank transfer (automatic),85.6,4902.8,0
6741-QRLUP,Credit card (automatic),80.3,4995.35,0
4737-HOBAX,Credit card (automatic),79.8,5034.05,0
0537-QYZZN,Electronic check,79.85,1857.75,0
3340-QBBFM,Credit card (automatic),54.1,1992.85,0
1704-NRWYE,Electronic check,80.85,751.65,0
2592-SEIFQ,Electronic check,24.75,66.95,0
8200-KLNYW,Mailed check,80.9,1714.95,0
3372-CDXFJ,Bank transfer (automatic),24.5,343.6,0
4781-ZXYGU,Bank transfer (automatic),20.15,20.15,0
7632-YUTXB,Mailed check,20.05,520.1,0
2718-YSKCS,Bank transfer (automatic),19.6,1387.45,0
9896-UYMIE,Bank transfer (automatic),114.3,7383.7,0
0853-NWIFK,Electronic check,100.3,4483.95,0
8212-CRQXP,Credit card (automatic),80.0,1706.45,0
6980-CDGFC,Bank transfer (automatic),20.85,1327.4,0
7691-XVTZH,Bank transfer (automatic),89.95,5974.3,0
2520-SGTTA,Mailed check,20.0,0.0,1
7481-ATQQS,Credit card (automatic),90.85,4515.85,0
2277-VWCNI,Mailed check,48.75,179.85,0
1088-CNNKB,Credit card (automatic),80.0,5040.2,0
8642-GVWRF,Bank transfer (automatic),79.7,165.0,0
1930-BZLHI,Mailed check,20.35,422.7,0
3400-ESFUW,Bank transfer (automatic),57.55,3046.4,0
5868-YTYKS,Mailed check,20.25,20.25,0
3525-DVKFN,Mailed check,19.4,358.05,0
1482-OXZSY,Bank transfer (automatic),100.4,2936.25,0
0377-JBKKT,Mailed check,57.95,1271.8,0
5778-BVOFB,Bank transfer (automatic),59.5,530.05,0
3373-YZZYM,Mailed check,19.2,19.2,0
2057-ZBLPD,Electronic check,86.5,1808.7,0
0228-MAUWC,Electronic check,59.55,1144.6,0
5502-RLUYV,Electronic check,103.95,7446.9,0
0023-HGHWL,Electronic check,25.1,25.1,0
7663-YJHSN,Bank transfer (automatic),103.95,7556.9,0
4915-BFSXL,Credit card (automatic),68.95,4858.7,0
3086-RUCRN,Bank transfer (automatic),103.1,6595.0,0
5215-LNLDJ,Electronic check,24.7,149.05,0
7576-JMYWV,Electronic check,110.2,4972.1,0
9039-RBEEE,Credit card (automatic),48.95,1880.85,0
0257-KXZGU,Bank transfer (automatic),62.45,2045.55,0
1307-ATKGB,Electronic check,89.55,2187.15,0
8417-FMLZI,Credit card (automatic),83.55,477.55,0
3714-XPXBW,Credit card (automatic),78.9,2976.95,0
1850-AKQEP,Mailed check,20.35,178.7,0
2824-DXNKN,Bank transfer (automatic),71.45,5025.85,0
5227-JSCFE,Credit card (automatic),46.35,3353.4,0
0848-ZGQIJ,Bank transfer (automatic),94.65,1461.15,0
3621-CHYVB,Bank transfer (automatic),49.9,2782.4,0
8042-RNLKO,Bank transfer (automatic),25.45,1699.15,0
1792-UXAFY,Electronic check,89.15,1496.9,0
5372-FBKBN,Mailed check,20.75,452.2,0
0420-TXVSG,Credit card (automatic),66.1,4428.45,0
6217-TOWGS,Bank transfer (automatic),75.4,1322.55,0
0515-YPMCW,Mailed check,70.45,70.45,0
0378-XSZPU,Credit card (automatic),60.3,3563.8,0
1045-LTCYT,Credit card (automatic),21.05,139.75,0
1544-JJMYL,Credit card (automatic),69.35,1927.3,0
4636-JGAAI,Mailed check,88.85,3000.25,0
6874-SGLHU,Bank transfer (automatic),97.0,3021.3,0
5951-AOFIH,Credit card (automatic),66.4,2245.4,0
4729-XKASR,Electronic check,24.75,24.75,0
3059-NGMXB,Mailed check,69.2,944.65,0
8652-YHIYU,Credit card (automatic),79.5,1264.2,0
5278-PNYOX,Credit card (automatic),100.65,4917.75,0
5449-FIBXJ,Electronic check,103.3,2012.7,0
3486-HOOGQ,Bank transfer (automatic),79.7,5743.3,0
5061-PBXFW,Bank transfer (automatic),61.4,1864.65,0
8630-FJLIB,Electronic check,69.8,1221.65,0
3891-NLXJB,Mailed check,40.55,1390.85,0
4749-OJKQU,Electronic check,75.65,302.35,0
0577-WHMEV,Electronic check,90.7,1374.9,0
5453-AXEPF,Bank transfer (automatic),80.5,1336.9,0
3639-XJHKQ,Electronic check,60.6,1297.8,0
3716-LRGXK,Credit card (automatic),101.15,6067.4,0
2263-SFSQZ,Mailed check,24.95,1222.25,0
9950-MTGYX,Credit card (automatic),20.3,487.95,0
3397-AVTKU,Electronic check,60.0,2548.55,0
4825-FUREZ,Electronic check,20.25,835.5,0
9837-BMCLM,Electronic check,78.5,242.05,0
2672-OJQZP,Mailed check,44.75,44.75,0
0137-UDEUO,Mailed check,19.85,63.75,0
3134-DSHVC,Credit card (automatic),98.0,6218.45,0
6161-UUUTA,Electronic check,79.9,260.9,0
7821-DPRQE,Electronic check,107.7,7320.9,0
6543-XRMYR,Electronic check,99.7,2967.35,0
2001-EWBQU,Electronic check,104.7,6333.8,0
4925-LMHOK,Credit card (automatic),58.6,939.7,0
1608-GMEWB,Bank transfer (automatic),93.9,4200.25,0
6695-AMZUF,Credit card (automatic),86.45,5950.2,0
1455-UGQVH,Electronic check,98.5,1037.75,0
8410-BGQXN,Mailed check,19.4,93.4,0
8280-MQRQN,Mailed check,50.45,50.45,0
1619-YWUBB,Credit card (automatic),24.95,1614.9,0
7611-YKYTC,Bank transfer (automatic),75.0,1573.95,0
2037-SGXHH,Electronic check,94.65,3624.3,0
3178-FESZO,Credit card (automatic),100.25,100.25,0
0365-GXEZS,Electronic check,78.2,1468.75,0
0082-OQIQY,Electronic check,94.2,2607.6,0
6087-MVHJH,Electronic check,88.45,1422.1,0
4603-JANFB,Electronic check,69.85,69.85,0
3018-TFTSU,Bank transfer (automatic),81.7,858.6,0
3606-SBKRY,Electronic check,50.05,1523.4,0
4806-KEXQR,Electronic check,79.9,324.3,0
0667-NSRGI,Mailed check,69.55,3435.6,0
7083-YNSKY,Credit card (automatic),25.4,399.6,0
6893-ODYYE,Credit card (automatic),90.1,4549.45,0
8242-JSVBO,Bank transfer (automatic),44.65,322.5,0
2479-BRAMR,Bank transfer (automatic),83.75,3273.55,0
9541-ZPSEA,Credit card (automatic),80.35,5375.15,0
2665-NPTGL,Bank transfer (automatic),98.1,2510.7,0
1139-WUOAH,Credit card (automatic),53.35,3090.05,0
4693-VWVBO,Electronic check,19.55,61.05,0
7434-SHXLS,Mailed check,20.9,20.9,0
6937-GCDGQ,Bank transfer (automatic),48.95,955.6,0
0988-JRWWP,Electronic check,54.2,140.4,0
5075-JSDKI,Electronic check,24.45,1493.1,0
7908-QCBCA,Mailed check,69.4,69.4,0
8644-XYTSV,Bank transfer (automatic),40.15,1626.05,0
6711-FLDFB,Electronic check,74.9,541.15,0
3873-WOSBC,Credit card (automatic),25.6,1784.9,0
7465-ZZRVX,Electronic check,70.35,70.35,0
7975-JMZNT,Bank transfer (automatic),91.7,6075.9,0
7251-XFOIL,Mailed check,89.2,5500.6,0
4116-IQRFR,Credit card (automatic),24.1,73.1,0
3714-JTVOV,Credit card (automatic),74.15,3229.4,0
8259-DZLIZ,Bank transfer (automatic),53.85,3399.85,0
0442-ZXKVS,Bank transfer (automatic),115.6,6431.05,0
7853-WNZSY,Credit card (automatic),19.75,19.75,0
3120-FAZKD,Bank transfer (automatic),24.05,1230.9,0
8606-OEGQZ,Credit card (automatic),25.3,454.65,0
0225-ZORZP,Electronic check,84.3,235.05,0
4702-IOQDC,Electronic check,70.1,70.1,0
9489-JMTTN,Credit card (automatic),89.75,6595.9,0
0575-CUQOV,Electronic check,97.95,5867.0,0
0967-BMLBD,Mailed check,20.0,196.35,0
6178-KFNHS,Electronic check,78.3,909.25,0
2830-LEWOA,Credit card (automatic),103.9,6449.15,0
5006-MXVRN,Credit card (automatic),20.7,762.45,0
1264-BYWMS,Electronic check,96.8,5283.95,0
9658-WYUFB,Electronic check,94.4,1617.5,0
8327-WKMIE,Credit card (automatic),20.15,785.75,0
6917-FIJHC,Mailed check,26.0,1776.0,0
5329-KRDTM,Credit card (automatic),77.35,5396.25,0
7797-EJMDP,Bank transfer (automatic),66.05,574.5,0
3530-VWVGU,Mailed check,19.9,400.3,0
2013-SGDXK,Electronic check,84.3,84.3,0
6368-NWMCE,Credit card (automatic),68.15,2656.3,0
3633-CDBUW,Electronic check,80.85,1445.95,0
0707-HOVVN,Bank transfer (automatic),75.5,5212.65,0
8580-QVLOC,Credit card (automatic),92.45,6440.25,0
3956-MGXOG,Electronic check,80.6,2244.95,0
9274-UARKJ,Bank transfer (automatic),83.2,1130.0,0
4077-HWUYD,Bank transfer (automatic),87.55,6463.15,0
2012-NWRPA,Electronic check,99.55,1131.2,0
8808-ELEHO,Electronic check,81.25,585.95,0
0103-CSITQ,Bank transfer (automatic),109.4,6252.7,0
3506-LCJDC,Bank transfer (automatic),19.95,19.95,0
8671-KKKOS,Electronic check,45.55,2062.15,0
7305-ZWMAJ,Credit card (automatic),20.7,587.1,0
9518-XXBXE,Electronic check,75.3,720.45,0
3934-HXCFZ,Electronic check,99.25,2186.4,0
6578-KRMAW,Credit card (automatic),93.4,2979.3,0
4860-IJUDE,Credit card (automatic),73.75,956.65,0
7666-WKRON,Electronic check,80.45,3201.55,0
9688-YGXVR,Credit card (automatic),88.15,3973.2,0
0423-UDIJQ,Mailed check,49.2,447.9,0
1945-XISKS,Mailed check,19.65,1335.2,0
4910-AQFFX,Bank transfer (automatic),79.35,661.25,0
2154-KVJFF,Electronic check,79.75,1111.85,0
5360-LJCNJ,Bank transfer (automatic),105.15,7555.0,0
2607-FBDFF,Credit card (automatic),49.0,49.0,0
9647-ERGBE,Electronic check,100.05,3046.15,0
3428-XZMAZ,Electronic check,69.35,69.35,0
1100-DDVRV,Mailed check,49.8,836.35,0
0378-TOVMS,Electronic check,85.8,272.2,0
4355-HBJHH,Electronic check,79.7,5293.4,0
6728-WYQBC,Bank transfer (automatic),20.95,20.95,0
9058-CBREO,Mailed check,50.55,50.55,0
9029-FEGVJ,Mailed check,79.3,2570.0,0
7216-KAOID,Bank transfer (automatic),19.5,798.2,0
0318-QUUOB,Electronic check,80.55,80.55,0
6145-NNPNO,Bank transfer (automatic),44.15,44.15,0
5520-FVEWJ,Electronic check,84.5,916.9,0
5339-TJFEK,Electronic check,105.5,6487.2,0
5572-ZDXHY,Mailed check,84.3,1855.65,0
2074-GUHPQ,Credit card (automatic),92.7,1556.85,0
4625-XMOYM,Bank transfer (automatic),26.25,1988.05,0
5827-MWCZK,Credit card (automatic),96.95,5432.2,0
1385-TQOZW,Credit card (automatic),20.45,147.55,0
5914-XRFQB,Bank transfer (automatic),115.8,8424.9,0
4329-YPDDQ,Bank transfer (automatic),108.2,2203.7,0
4804-NCPET,Mailed check,20.2,387.4,0
3750-CKVKH,Electronic check,67.75,116.65,0
5944-UGLLK,Credit card (automatic),54.9,3045.75,0
8063-GBATB,Electronic check,85.25,2287.25,0
7787-BNTZM,Bank transfer (automatic),20.15,130.5,0
2252-ISRNH,Electronic check,90.35,767.9,0
9415-TPKRV,Electronic check,55.75,446.8,0
5322-TEUJK,Bank transfer (automatic),114.6,8100.25,0
4547-KQRTM,Bank transfer (automatic),80.05,830.7,0
4877-EVATK,Mailed check,20.0,20.0,0
1866-DIOQZ,Bank transfer (automatic),66.8,4689.15,0
8375-KVTHK,Electronic check,100.3,6754.35,0
2697-NQBPF,Electronic check,105.35,3540.65,0
3709-OIJEA,Electronic check,85.2,2184.6,0
7639-SUPCW,Credit card (automatic),48.8,1054.6,0
1386-ZIKUV,Mailed check,18.95,130.55,0
0599-XNYDO,Bank transfer (automatic),69.8,1540.35,0
6377-WHAOX,Electronic check,106.15,6411.25,0
6855-VLGOS,Electronic check,20.55,1432.55,0
8999-XXGNS,Credit card (automatic),105.75,7629.85,0
8746-OQQRW,Mailed check,25.25,101.9,0
3181-MIZBN,Electronic check,19.75,313.4,0
0471-ARVMX,Electronic check,104.85,6312.9,0
7766-CLTIC,Mailed check,60.95,629.55,0
5650-YLIBA,Electronic check,81.15,2640.55,0
0825-CPPQH,Credit card (automatic),19.1,1372.45,0
9084-OAYKL,Mailed check,20.8,1212.25,0
6122-LJADA,Credit card (automatic),90.15,6237.05,0
2400-XIWIO,Electronic check,90.1,6310.9,0
7524-VRLPL,Credit card (automatic),74.1,5031.0,0
1069-XAIEM,Electronic check,85.05,85.05,0
7569-NMZYQ,Bank transfer (automatic),118.75,8672.45,0
5201-USSQZ,Credit card (automatic),85.9,2196.45,0
2105-PHWON,Credit card (automatic),95.0,3008.15,0
1494-EJZDW,Mailed check,20.15,220.8,0
4884-TVUQF,Credit card (automatic),101.3,5779.6,0
8003-EWNDZ,Electronic check,21.2,222.65,0
1897-RCFUM,Mailed check,24.2,914.6,0
9256-JTBNZ,Bank transfer (automatic),20.3,246.3,0
4658-HCOHW,Electronic check,102.8,2110.15,0
2211-RMNHO,Bank transfer (automatic),85.3,5560.0,0
2432-TFSMK,Credit card (automatic),89.6,1633.0,0
3440-JPSCL,Mailed check,99.95,547.65,0
4929-ROART,Mailed check,56.25,969.85,0
1834-ABKHQ,Bank transfer (automatic),50.95,2610.65,0
1741-WTPON,Mailed check,115.85,6567.9,0
3932-IJWDZ,Bank transfer (automatic),103.65,4747.85,0
1240-HCBOH,Mailed check,26.1,1759.55,0
3594-KADLU,Mailed check,35.1,101.1,0
8065-BVEPF,Bank transfer (automatic),99.1,6496.15,0
3796-ENZGF,Mailed check,67.25,4234.15,0
1734-ZMNTZ,Mailed check,25.0,300.7,0
2853-CWQFQ,Mailed check,59.55,59.55,0
0813-TAXXS,Bank transfer (automatic),77.8,4323.35,0
2519-TWKFS,Mailed check,55.1,1466.1,0
2889-FPWRM,Bank transfer (automatic),117.8,8684.8,0
0626-QXNGV,Credit card (automatic),24.15,1776.45,0
6723-CEGQI,Mailed check,45.25,2933.95,0
6987-XQSJT,Electronic check,79.5,4370.25,0
4732-RRJZC,Mailed check,20.25,144.35,0
9499-XPZXM,Bank transfer (automatic),64.75,4804.75,0
4338-EYCER,Bank transfer (automatic),54.6,1125.2,0
3007-FDPEA,Bank transfer (automatic),20.7,39.85,0
6350-XFYGW,Electronic check,94.75,422.4,0
4290-BSXUX,Bank transfer (automatic),79.65,251.75,0
8513-OLYGY,Credit card (automatic),115.8,8332.15,0
0311-QYWSS,Electronic check,49.45,314.6,0
8705-DWKTI,Credit card (automatic),83.8,4331.4,0
8755-IWJHN,Bank transfer (automatic),95.35,6382.0,0
0325-XBFAC,Electronic check,94.7,740.3,0
4480-QQRHC,Bank transfer (automatic),74.05,600.15,0
0929-PECLO,Bank transfer (automatic),89.6,5538.8,0
3680-CTHUH,Credit card (automatic),116.6,7049.5,0
1202-KKGFU,Bank transfer (automatic),54.2,690.5,0
6112-KTHFQ,Mailed check,19.3,279.3,0
1852-XEMDW,Mailed check,65.05,1427.55,0
2462-XIIJB,Electronic check,92.5,452.7,0
4760-XOHVN,Mailed check,19.45,19.45,0
1820-DJFPH,Bank transfer (automatic),24.05,1709.15,0
9426-SXNHE,Bank transfer (automatic),18.75,53.15,0
9068-FHQHD,Bank transfer (automatic),20.15,777.35,0
1269-FOYWN,Bank transfer (automatic),20.0,860.85,0
9470-YFUYI,Bank transfer (automatic),71.0,5012.1,0
7817-BOQPW,Electronic check,75.55,166.3,0
7402-EYFXX,Electronic check,93.6,2404.1,0
1853-UDXBW,Electronic check,70.0,70.0,0
9895-VFOXH,Mailed check,24.4,24.4,0
5458-CQJTA,Bank transfer (automatic),74.8,4820.15,0
1230-QAJDW,Mailed check,65.25,209.9,0
5701-ZIKJE,Mailed check,50.55,610.75,0
5219-YIPTK,Electronic check,104.4,3409.6,0
5032-MIYKT,Mailed check,70.7,70.7,0
7396-VJUZB,Mailed check,45.25,155.35,0
9717-QEBGU,Electronic check,70.3,144.0,0
5172-RKOCB,Credit card (automatic),108.95,7875.0,0
6509-TSGWN,Mailed check,26.45,911.6,0
3540-RZJYU,Electronic check,86.2,1270.2,0
3178-CIFOT,Credit card (automatic),19.65,478.1,0
2091-MJTFX,Credit card (automatic),51.2,1561.5,0
4530-NDRKU,Electronic check,19.05,761.85,0
5985-TBABQ,Mailed check,74.75,2282.95,0
9800-ONTFE,Bank transfer (automatic),75.8,1615.1,0
6743-HHQPF,Credit card (automatic),25.1,1097.15,0
8455-HIRAQ,Mailed check,44.45,369.3,0
6616-AALSR,Credit card (automatic),104.3,6725.3,0
0883-EIBTI,Mailed check,19.5,31.55,0
9415-ZNBSX,Bank transfer (automatic),89.0,6293.2,0
4018-KJYUY,Credit card (automatic),20.15,432.5,0
0722-TROQR,Electronic check,74.9,321.75,0
7571-YXDAD,Credit card (automatic),74.9,147.15,0
3884-UEBXB,Bank transfer (automatic),36.15,2434.45,0
8780-RSYYU,Credit card (automatic),19.2,532.1,0
5537-UXXVS,Bank transfer (automatic),19.25,375.25,0
1791-PQHBB,Credit card (automatic),61.2,125.95,0
8701-DGLVH,Mailed check,20.45,1042.65,0
8741-LQOBK,Bank transfer (automatic),35.05,1620.25,0
3393-FMZPV,Electronic check,100.25,2387.75,0
8082-GHXOP,Mailed check,44.0,659.35,0
6402-ZFPPI,Mailed check,102.8,2660.2,0
0980-FEXWF,Mailed check,50.35,1285.8,0
7486-KSRVI,Electronic check,100.0,4211.55,0
3011-WQKSZ,Electronic check,20.0,377.55,0
8443-WVPSS,Electronic check,99.85,990.9,0
3006-XIMLN,Bank transfer (automatic),94.2,193.8,0
8218-FFJDS,Bank transfer (automatic),86.4,6058.95,0
1986-PHGZF,Credit card (automatic),58.4,964.9,0
9965-YOKZB,Electronic check,83.85,790.15,0
0504-HHAPI,Credit card (automatic),88.3,2467.75,0
9360-OMDZZ,Electronic check,94.1,2322.85,0
6305-YLBMM,Bank transfer (automatic),104.05,7262.0,0
0345-XMMUG,Credit card (automatic),108.9,4854.3,0
8024-XNAFQ,Bank transfer (automatic),107.4,7748.75,0
3647-GMGDH,Credit card (automatic),94.7,1914.9,0
2988-GBIVW,Electronic check,90.85,6470.1,0
2832-SCUCO,Electronic check,19.9,57.4,0
7036-ZZKBD,Credit card (automatic),66.4,2019.8,0
3791-LGQCY,Bank transfer (automatic),100.65,5688.05,0
0265-PSUAE,Bank transfer (automatic),100.7,1522.7,0
0463-TXOAK,Credit card (automatic),25.6,1334.5,0
0594-UFTUL,Mailed check,19.85,252.0,0
9509-MPYOD,Mailed check,20.75,700.45,0
9128-CPXKI,Electronic check,95.8,5655.45,0
0129-KPTWJ,Electronic check,94.65,6747.35,0
8166-ZZTFS,Bank transfer (automatic),80.55,5265.1,0
5855-EIBDE,Credit card (automatic),106.65,5174.35,0
5365-LLFYV,Mailed check,45.85,105.6,0
5956-YHHRX,Electronic check,104.35,2271.85,0
6008-NAIXK,Electronic check,55.45,2966.95,0
2956-GGUCQ,Electronic check,78.85,1772.25,0
1928-BXYIV,Electronic check,61.15,61.15,0
5760-FXFVO,Electronic check,78.95,494.95,0
6595-COKXZ,Mailed check,44.45,44.45,0
0961-ZWLVI,Credit card (automatic),109.2,5290.45,0
5181-OABFK,Credit card (automatic),61.3,3346.8,0
4007-NHVHI,Electronic check,96.85,5219.65,0
7816-VGHTO,Mailed check,40.55,217.5,0
5871-DGTXZ,Mailed check,19.8,607.7,0
7550-WIQVA,Electronic check,108.25,5431.4,0
7544-ZVIKX,Bank transfer (automatic),105.05,6004.85,0
0016-QLJIS,Mailed check,90.45,5957.9,0
7508-DQAKK,Credit card (automatic),86.4,5442.05,0
5176-OLSKT,Bank transfer (automatic),66.9,4370.25,0
9356-AXGMP,Electronic check,110.7,4428.6,0
3556-BVQGL,Mailed check,20.0,416.45,0
0362-ZBZWJ,Electronic check,84.9,3067.2,0
8979-CAMGB,Electronic check,102.1,6688.1,0
4211-MMAZN,Mailed check,20.25,20.25,0
7581-EBBOU,Credit card (automatic),70.15,4224.7,0
4274-OWWYO,Electronic check,74.35,74.35,0
5073-RZGBK,Bank transfer (automatic),80.05,4042.2,0
1541-ETJZO,Mailed check,62.05,62.05,0
2192-CKRLV,Electronic check,49.2,3580.95,0
3154-HMWUU,Bank transfer (automatic),20.5,1198.8,0
6119-SPUDB,Mailed check,38.25,1755.35,0
6522-OIQSX,Credit card (automatic),54.95,3772.5,0
7813-ZGGAW,Bank transfer (automatic),96.6,2877.95,0
8748-HFWBO,Mailed check,19.9,357.7,0
1052-QJIBV,Credit card (automatic),19.9,1397.3,0
1319-YLZJG,Electronic check,84.6,959.9,0
4106-HADHQ,Credit card (automatic),80.0,3182.95,0
0723-FDLAY,Bank transfer (automatic),85.25,3704.15,0
3050-RLLXC,Credit card (automatic),81.25,4620.4,0
9298-WGMRW,Bank transfer (automatic),115.5,8312.75,0
2369-UAPKZ,Mailed check,104.1,541.9,0
3088-LHEFH,Bank transfer (automatic),79.0,929.3,0
2778-OCLGR,Bank transfer (automatic),39.1,971.3,0
6583-KQJLK,Electronic check,94.65,1285.05,0
8544-JNBOX,Mailed check,20.8,1521.2,0
6681-ZSEXG,Credit card (automatic),59.5,3389.25,0
6139-ZZRBQ,Bank transfer (automatic),20.05,1198.05,0
6116-RFVHN,Electronic check,100.45,3414.65,0
0637-KVDLV,Electronic check,76.5,162.45,0
8884-FEEWR,Bank transfer (automatic),20.6,754.0,0
3125-RAHBV,Credit card (automatic),20.3,467.15,0
6633-MPWBS,Electronic check,49.2,216.9,0
0373-AIVNJ,Mailed check,39.55,373.0,0
8785-EPNCG,Credit card (automatic),23.15,245.2,0
1682-VCOIO,Mailed check,20.45,481.1,0
5729-KLZAR,Electronic check,80.85,302.75,0
2072-ZVJJX,Bank transfer (automatic),25.25,1728.2,0
8849-AYPTR,Electronic check,91.25,2964.05,0
9518-IMLHK,Bank transfer (automatic),72.45,2156.25,0
1582-RAFML,Mailed check,60.1,60.1,0
3646-ITDGM,Bank transfer (automatic),19.7,1051.9,0
8740-CRYFY,Electronic check,78.95,78.95,0
3569-VLDHH,Electronic check,75.1,5013.0,0
8224-KDLKN,Bank transfer (automatic),25.0,1738.9,0
7594-LZNWR,Credit card (automatic),69.15,2275.1,0
4001-TSBTV,Electronic check,91.55,5511.65,0
2962-XPMCQ,Electronic check,45.15,98.5,0
8727-XDPUD,Credit card (automatic),35.8,1316.9,0
1043-UXOVO,Credit card (automatic),113.15,7993.3,0
1064-FBXNK,Credit card (automatic),19.85,19.85,0
3996-ZNWYK,Credit card (automatic),19.8,1388.45,0
2878-DHMIN,Electronic check,19.9,666.0,0
7762-ONLJY,Mailed check,19.7,94.45,0
1678-FYZOW,Electronic check,79.4,244.65,0
5795-BKOYE,Bank transfer (automatic),59.1,4134.7,0
8627-EHGIP,Mailed check,53.95,2375.4,0
7402-PWYJJ,Electronic check,91.15,4862.5,0
5480-TBGPH,Credit card (automatic),99.3,2431.35,0
0018-NYROU,Electronic check,68.95,351.5,0
7501-VTYLJ,Mailed check,51.55,106.2,0
7608-RGIRO,Mailed check,24.4,1413.0,0
0480-BIXDE,Electronic check,96.8,1743.05,0
5895-QSXOD,Mailed check,70.05,657.5,0
9814-AOUDH,Credit card (automatic),19.5,1050.5,0
6175-IRFIT,Mailed check,78.75,426.35,0
8760-ZRHKE,Electronic check,69.2,4982.5,0
1622-HSHSF,Mailed check,19.55,19.55,0
8854-CCVSQ,Electronic check,80.65,1451.9,0
6749-UTDVX,Electronic check,103.65,7634.8,0
5542-DHSXL,Mailed check,54.7,235.05,0
9102-OXKFY,Credit card (automatic),54.15,3116.15,0
0511-JTEOY,Mailed check,71.1,71.1,0
5216-WASFJ,Electronic check,84.85,2633.4,0
7808-DVWEP,Bank transfer (automatic),20.0,49.65,0
7067-KSAZT,Electronic check,106.25,6979.8,0
2284-VFLKH,Credit card (automatic),99.25,4920.8,0
0366-NQSHS,Mailed check,19.35,46.35,0
6532-YLWSI,Bank transfer (automatic),20.8,1021.8,0
3807-BPOMJ,Electronic check,94.75,5276.1,0
3892-NXAZG,Credit card (automatic),114.05,8289.2,0
4948-WBBKL,Bank transfer (automatic),74.9,2659.45,0
4182-BGSIQ,Bank transfer (automatic),19.8,196.75,0
9300-AGZNL,Electronic check,94.0,94.0,0
0988-AADSA,Bank transfer (automatic),80.85,5824.75,0
9972-NKTFD,Bank transfer (automatic),54.65,1517.5,0
3717-LNXKW,Bank transfer (automatic),91.7,3479.05,0
5734-EJKXG,Electronic check,118.6,7365.7,0
2207-RYYRL,Mailed check,24.55,1331.05,0
6729-FZWSY,Mailed check,19.45,1195.95,0
9695-IDRZR,Credit card (automatic),116.15,3946.9,0
8144-DGHXP,Electronic check,80.6,4299.95,0
7814-LEEVE,Bank transfer (automatic),20.3,20.3,0
1112-CUNAO,Electronic check,89.85,1424.95,0
5175-AOBHI,Mailed check,46.0,193.6,0
5174-RNGBH,Mailed check,66.25,620.55,0
8631-WUXGY,Electronic check,99.8,4391.25,0
7270-BDIOA,Electronic check,90.0,1993.8,0
9565-JSNFM,Bank transfer (automatic),70.45,2597.6,0
5906-DVAPM,Credit card (automatic),75.0,4213.9,0
6654-QGBZZ,Mailed check,19.9,19.9,0
8348-JLBUG,Credit card (automatic),80.3,5017.7,0
0607-DAAHE,Bank transfer (automatic),19.75,1052.35,0
5641-DMBFJ,Electronic check,84.3,4916.4,0
9200-NLNPD,Bank transfer (automatic),54.05,2959.8,0
2664-XJZNO,Credit card (automatic),104.9,7559.55,0
9732-KPKBW,Electronic check,53.95,53.95,0
3339-EAQNV,Credit card (automatic),97.25,7133.1,0
0921-OHLVP,Electronic check,83.05,1799.3,0
3389-YGYAI,Electronic check,105.5,829.55,0
9560-ARGQJ,Electronic check,81.0,1312.15,0
8350-NYMVI,Bank transfer (automatic),41.1,1597.05,0
1600-DILPE,Bank transfer (automatic),45.0,524.35,0
0536-ESJEP,Bank transfer (automatic),74.55,4191.45,0
4654-GGUII,Mailed check,40.2,711.95,0
6478-HRRCZ,Mailed check,70.5,2201.75,0
8510-BBWMU,Mailed check,19.75,806.95,0
6857-TKDJV,Bank transfer (automatic),24.65,1620.45,0
2360-RDGRO,Electronic check,104.25,6812.95,0
0584-BJQGZ,Bank transfer (automatic),78.35,1837.9,0
5134-IKDAY,Electronic check,69.8,69.8,0
1360-XFJMR,Credit card (automatic),109.7,7344.45,0
3070-DVEYC,Mailed check,73.75,545.15,0
5730-RIITO,Credit card (automatic),33.45,1500.25,0
9058-MJLZC,Electronic check,94.6,2283.15,0
5707-ORNDZ,Electronic check,54.55,494.05,0
0902-XKXPN,Bank transfer (automatic),20.2,1376.5,0
5177-RVZNU,Bank transfer (automatic),20.3,755.4,0
0056-EPFBG,Credit card (automatic),39.4,825.4,0
8993-IZEUX,Bank transfer (automatic),69.15,488.65,0
8696-JKZNU,Electronic check,76.25,2841.55,0
5380-AFSSK,Mailed check,93.9,486.85,0
8190-ZTQFB,Electronic check,51.35,2075.1,0
0931-MHTEM,Credit card (automatic),100.05,5299.65,0
2055-PDADH,Electronic check,70.4,204.7,0
7515-LODFU,Credit card (automatic),20.3,1356.3,0
0440-UEDAI,Credit card (automatic),94.45,5042.75,0
1337-BOZWO,Credit card (automatic),46.4,812.4,0
0868-VJRDR,Credit card (automatic),104.05,6605.55,0
8714-EUHJO,Electronic check,91.15,2995.45,0
6344-SFJVH,Credit card (automatic),24.9,505.95,0
3950-VPYJB,Mailed check,59.6,3509.4,0
8041-TMEID,Credit card (automatic),108.5,6991.9,0
7321-ZNSLA,Mailed check,40.55,590.35,0
6941-KXRRV,Bank transfer (automatic),58.95,2789.7,0
3721-CNEYS,Electronic check,70.95,137.95,0
8727-JQFHV,Mailed check,20.75,1123.15,0
9475-NNDGC,Bank transfer (automatic),113.15,7953.25,0
1355-KUSBG,Electronic check,48.8,349.8,0
3688-FTHLT,Bank transfer (automatic),63.05,1067.05,0
0899-LIIBW,Electronic check,100.85,3527.3,0
2568-OIADY,Electronic check,99.5,3762.0,0
1384-RCUXW,Mailed check,80.55,1248.9,0
5825-XJOCM,Bank transfer (automatic),64.4,3035.35,0
6848-YLDFR,Credit card (automatic),75.2,4300.8,0
8125-QPFJD,Bank transfer (automatic),84.9,6065.3,0
2320-YKQBO,Mailed check,19.3,144.95,0
1193-RTSLK,Credit card (automatic),83.9,3233.6,0
2302-ANTDP,Electronic check,117.45,5438.9,0
5923-GXUOC,Electronic check,104.4,1081.45,0
4973-RLZVI,Credit card (automatic),74.65,2308.6,0
7869-ZYDST,Credit card (automatic),59.05,1882.8,0
4501-UYKBC,Credit card (automatic),69.1,3255.35,0
1215-EXRMO,Mailed check,20.55,1067.65,0
2305-MRGLV,Bank transfer (automatic),76.55,2065.4,0
8404-VIOMB,Bank transfer (automatic),62.5,4136.4,0
5233-GEEAX,Electronic check,29.4,221.9,0
2359-KLTEK,Bank transfer (automatic),94.9,3848.0,0
5304-EFJLP,Bank transfer (automatic),111.65,8022.85,0
2673-ZALNP,Mailed check,19.9,173.15,0
9184-GALIL,Mailed check,20.45,781.25,0
4393-RYCRE,Electronic check,106.05,4510.8,0
9746-MDMBK,Bank transfer (automatic),113.45,5317.8,0
3162-ZJZFU,Electronic check,92.55,4779.45,0
8404-GFGCZ,Electronic check,65.6,250.1,0
8875-AKBYH,Electronic check,84.35,1745.2,0
4432-ADRLB,Mailed check,44.65,74.9,0
0533-UCAAU,Credit card (automatic),71.1,4140.1,0
1394-SUIUH,Electronic check,85.15,3670.5,0
3521-MNKLV,Mailed check,49.7,1167.8,0
2533-TIBIX,Bank transfer (automatic),30.2,469.65,0
8993-PHFWD,Electronic check,25.25,58.9,0
1565-RHDJD,Bank transfer (automatic),84.05,333.55,0
7137-RYLPP,Electronic check,85.7,3171.15,0
3765-JXVKY,Electronic check,74.7,74.7,0
5092-STPKP,Credit card (automatic),56.35,1381.2,0
7330-WZLNC,Electronic check,90.8,455.5,0
0114-PEGZZ,Electronic check,107.55,3645.5,0
3359-DSRKA,Mailed check,19.85,1158.85,0
8639-NHQEI,Bank transfer (automatic),95.9,6954.15,0
7161-DFHUF,Mailed check,23.85,1672.1,0
3957-LXOLK,Electronic check,106.15,3152.5,0
3720-DBRWL,Credit card (automatic),83.85,4307.1,0
6635-MYYYZ,Bank transfer (automatic),85.35,2530.4,0
8565-WUXZU,Credit card (automatic),84.8,6141.65,0
5281-BUZGT,Electronic check,90.85,3186.7,0
4994-OBRSZ,Bank transfer (automatic),76.1,1054.8,0
0562-FGDCR,Mailed check,74.55,5430.65,0
2436-QBZFP,Electronic check,39.2,849.9,0
3420-YJLQT,Electronic check,79.55,151.75,0
6040-CGACY,Mailed check,19.6,299.4,0
6582-PLFUU,Credit card (automatic),19.55,1086.75,0
8242-PDSGJ,Credit card (automatic),39.15,2692.75,0
0264-CNITK,Bank transfer (automatic),20.1,1389.6,0
0089-IIQKO,Credit card (automatic),99.95,3767.4,0
7839-NUIAA,Electronic check,59.8,3641.5,0
6075-QMNRR,Bank transfer (automatic),49.75,2535.55,0
5378-IKEEG,Electronic check,35.75,35.75,0
5966-EMAZU,Mailed check,108.5,6880.85,0
0440-EKDCF,Credit card (automatic),60.15,3753.2,0
4774-HHGGS,Mailed check,19.05,637.55,0
2718-GAXQD,Electronic check,46.0,181.6,0
2055-BFOCC,Bank transfer (automatic),84.0,5329.55,0
8180-AKMJV,Credit card (automatic),44.55,44.55,0
4298-OYIFC,Electronic check,103.45,1539.8,0
5566-SOEZD,Credit card (automatic),80.65,2209.75,0
9842-EFSYY,Mailed check,57.2,223.75,0
2272-WUSPA,Electronic check,110.75,7751.7,0
4584-LBNMK,Credit card (automatic),24.7,1174.35,0
3898-GUYTS,Electronic check,97.05,4385.05,0
0930-EHUZA,Mailed check,76.35,2606.35,0
6413-XKKPU,Electronic check,89.4,1539.45,0
9975-SKRNR,Mailed check,18.9,18.9,0
3703-KBKZP,Bank transfer (automatic),74.45,1261.35,0
1449-XQEMT,Mailed check,19.8,58.15,0
2626-URJFX,Electronic check,50.9,225.6,0
4973-MGTON,Credit card (automatic),84.4,5969.3,0
3682-YEUWS,Mailed check,24.4,253.9,0
1223-UNPKS,Mailed check,20.05,400.0,0
2612-RRIDN,Electronic check,81.0,340.85,0
4735-ASGMA,Electronic check,98.35,2515.3,0
3446-QDSZF,Credit card (automatic),55.5,227.35,0
3669-LVWZB,Mailed check,51.0,305.95,0
6892-EZDTG,Electronic check,91.65,365.4,0
5117-IFGPS,Electronic check,84.3,2357.75,0
7379-FNIUJ,Electronic check,100.2,198.5,0
1627-AFWVJ,Mailed check,19.4,554.25,0
9725-SCPZG,Electronic check,90.85,90.85,0
5884-GCYMI,Mailed check,69.4,69.4,0
3217-FZDMN,Credit card (automatic),94.45,742.95,0
4486-EFAEB,Electronic check,20.4,251.65,0
0060-FUALY,Electronic check,94.75,5597.65,0
7853-GVUDZ,Credit card (automatic),20.15,20.15,0
7480-QNVZJ,Electronic check,95.7,4816.7,0
6954-OOYZZ,Bank transfer (automatic),44.35,768.05,0
7088-FBAWU,Mailed check,74.55,1215.8,0
8313-AFGBW,Electronic check,73.6,3522.65,0
3943-KDREE,Bank transfer (automatic),74.95,1834.95,0
9239-ZBZZV,Electronic check,47.95,305.1,0
3097-IDVPU,Credit card (automatic),50.1,910.45,0
4398-HSCJH,Electronic check,63.6,155.65,0
2197-OMWGI,Electronic check,53.0,3656.25,0
2303-PJYHN,Bank transfer (automatic),19.85,52.0,0
9795-VOWON,Credit card (automatic),24.35,150.85,0
1237-WIYYZ,Mailed check,19.55,389.25,0
1987-AUELQ,Credit card (automatic),25.05,1873.7,0
7852-LECYP,Credit card (automatic),93.8,1261.0,0
4430-UZIPO,Mailed check,36.85,108.7,0
4822-LPTYJ,Bank transfer (automatic),103.75,7346.2,0
8165-CBKXO,Credit card (automatic),56.75,3708.4,0
6527-PZFPV,Credit card (automatic),20.8,469.65,0
4855-SNKMY,Electronic check,44.1,44.1,0
9593-CVZKR,Mailed check,24.45,1385.85,0
8595-SIZNC,Bank transfer (automatic),25.6,548.8,0
8008-HAWED,Electronic check,50.75,712.75,0
7124-UGSUR,Credit card (automatic),104.4,6405.0,0
1862-SKORY,Electronic check,39.3,1637.4,0
5236-XMZJY,Bank transfer (automatic),59.65,2536.55,0
4827-DPADN,Bank transfer (automatic),83.3,6042.7,0
2694-CIUMO,Credit card (automatic),79.55,958.25,0
5846-ABOBJ,Bank transfer (automatic),24.45,1730.65,0
1439-LCGVL,Mailed check,19.2,459.6,0
0909-SDHNU,Mailed check,29.8,201.95,0
4647-XXZAM,Mailed check,45.5,285.2,0
1502-XFCVR,Electronic check,106.45,6145.85,0
7740-KKCXF,Credit card (automatic),30.05,1529.45,0
5360-XGYAZ,Bank transfer (automatic),65.65,4664.5,0
9692-TUSXH,Electronic check,96.05,1740.7,0
7912-SYRQT,Bank transfer (automatic),75.1,552.95,0
3557-HTYWR,Mailed check,74.05,3496.3,0
4816-JBHOV,Electronic check,44.7,93.7,0
8920-NAVAY,Bank transfer (automatic),110.75,7053.35,0
1699-TLDLZ,Mailed check,19.7,301.55,0
5600-PDUJF,Credit card (automatic),49.5,312.7,0
8292-TYSPY,Credit card (automatic),55.0,1046.5,0
0567-XRHCU,Credit card (automatic),43.95,2960.1,0
1867-BDVFH,Electronic check,74.35,834.2,0
2067-QYTCF,Electronic check,111.15,6953.4,0
2359-QWQUL,Credit card (automatic),104.7,4134.85,0
9103-TCIHJ,Mailed check,55.7,899.8,0
7407-SUJIZ,Mailed check,20.6,541.5,0
9150-KPBJQ,Credit card (automatic),19.65,116.85,0
0052-DCKON,Bank transfer (automatic),115.8,7942.15,0
3654-ARMGP,Credit card (automatic),88.65,5321.25,0
9699-UBQFS,Electronic check,94.5,4156.8,0
9367-TCUYN,Mailed check,20.1,223.6,0
1261-FWTTE,Bank transfer (automatic),34.65,768.45,0
3528-HFRIQ,Bank transfer (automatic),52.3,3765.05,0
0708-SJDIS,Mailed check,65.0,2157.5,0
4140-WJAWW,Credit card (automatic),19.85,108.05,0
2073-QBVBI,Mailed check,35.45,1391.65,0
6928-ONTRW,Credit card (automatic),19.7,1379.8,0
3320-VEOYC,Electronic check,95.6,1273.3,0
5231-FIQPA,Mailed check,19.85,810.45,0
6617-WLBQC,Credit card (automatic),81.85,1810.85,0
2599-CIPQE,Credit card (automatic),109.3,7782.85,0
6653-CBBOM,Electronic check,70.3,70.3,0
8774-GSBUN,Mailed check,25.4,1797.1,0
7326-RIGQZ,Electronic check,69.8,377.85,0
1401-FTHFQ,Credit card (automatic),20.0,445.3,0
3247-ZVOUO,Electronic check,85.55,851.75,0
0254-FNMCI,Electronic check,109.9,7624.2,0
1848-LBZHY,Bank transfer (automatic),50.3,355.1,0
6101-IMRMM,Mailed check,94.5,575.45,0
8118-TJAFG,Electronic check,101.5,906.85,0
5429-LWCMV,Electronic check,89.15,1057.55,0
7298-IZWLY,Mailed check,19.4,19.4,0
9758-MFWGD,Bank transfer (automatic),29.9,1388.75,0
3955-JBZZM,Electronic check,78.8,1641.3,0
1268-ASBGA,Credit card (automatic),85.35,1375.15,0
8943-URTMR,Mailed check,79.65,152.7,0
4815-TUMEQ,Mailed check,19.3,185.2,0
4713-LZDRV,Electronic check,79.6,195.05,0
9909-IDLEK,Mailed check,96.8,1826.7,0
4092-OFQZS,Mailed check,20.65,417.5,0
1561-BWHIN,Mailed check,19.8,344.5,0
4325-NFSKC,Electronic check,90.6,1660.0,0
9927-DSWDF,Electronic check,104.6,2180.55,0
9500-LTVBP,Credit card (automatic),80.05,2835.9,0
7252-NTGSS,Mailed check,45.15,45.15,0
8149-AIQCG,Credit card (automatic),73.15,2730.85,0
1360-JYXKQ,Electronic check,99.1,5437.1,0
2955-PSXOE,Bank transfer (automatic),20.2,20.2,0
7762-URZQH,Credit card (automatic),106.05,6981.35,0
0899-WZRSD,Mailed check,105.35,5794.45,0
3255-GRXMG,Credit card (automatic),45.65,747.2,0
4828-FAZPK,Credit card (automatic),79.95,1267.95,0
6094-ZIVKX,Credit card (automatic),54.45,3674.95,0
6925-BAYGL,Credit card (automatic),25.1,1275.6,0
3262-EIDHV,Credit card (automatic),84.7,5893.9,0
7354-OIJLX,Electronic check,75.85,724.65,0
1376-HHBDV,Mailed check,48.8,1536.75,0
6907-NZZIJ,Electronic check,99.15,3615.6,0
6133-OZILE,Electronic check,35.2,607.3,0
4135-FRWKJ,Electronic check,76.25,4154.55,0
2911-UREFD,Electronic check,55.9,2184.35,0
3744-ZRRDZ,Electronic check,82.35,1852.85,0
5673-TIYIB,Credit card (automatic),40.4,77.15,0
6551-ZCOTS,Bank transfer (automatic),24.9,847.8,0
7191-ADRGF,Bank transfer (automatic),54.3,2390.45,0
5018-LXQQG,Bank transfer (automatic),66.3,1923.5,0
6892-BOGQE,Bank transfer (automatic),20.9,1493.2,0
1602-IJQQE,Electronic check,75.35,338.1,0
4628-WQCQQ,Electronic check,85.15,3030.6,0
1746-TGTWV,Credit card (automatic),75.35,75.35,0
5995-SNNEW,Electronic check,104.45,2184.85,0
8050-WYBND,Credit card (automatic),49.45,1031.4,0
2821-WARNZ,Credit card (automatic),19.45,921.3,0
4879-GZLFH,Electronic check,92.15,3875.4,0
1644-IRKSF,Electronic check,93.8,3124.5,0
8314-HTWVE,Mailed check,19.85,144.15,0
9402-ROUMJ,Bank transfer (automatic),100.25,6689.0,0
2507-QZPQS,Electronic check,95.7,1451.1,0
7159-NOKYQ,Electronic check,93.15,6368.2,0
5707-ZMDJP,Mailed check,69.7,3729.6,0
8779-YIQQA,Mailed check,19.8,350.1,0
7136-IHZJA,Mailed check,71.35,2847.2,0
8966-OIQHG,Bank transfer (automatic),20.75,452.35,0
7074-STDCN,Electronic check,40.6,1494.5,0
3705-PSNGL,Electronic check,20.4,930.45,0
8739-QOTTN,Mailed check,20.35,41.85,0
1399-OUPJN,Bank transfer (automatic),19.75,1272.05,0
0277-BKSQP,Electronic check,54.4,475.1,0
6502-HCJTI,Credit card (automatic),94.7,673.1,0
2606-RMDHZ,Credit card (automatic),30.5,208.7,0
5774-XZTQC,Mailed check,20.45,150.75,0
2676-SSLTO,Bank transfer (automatic),66.15,3199.0,0
6266-QHOJZ,Electronic check,89.85,5844.65,0
7269-JISCY,Bank transfer (automatic),45.05,2462.6,0
0363-SVHYR,Bank transfer (automatic),86.85,6263.8,0
8547-NSBBO,Mailed check,96.75,3403.4,0
8258-GSTJK,Electronic check,77.0,237.75,0
6861-OKBCE,Credit card (automatic),20.1,221.35,0
9940-RHLFB,Electronic check,75.3,75.3,0
6591-QGOYB,Bank transfer (automatic),106.65,1672.1,0
9070-BCKQP,Credit card (automatic),110.15,7881.2,0
6421-SZVEM,Bank transfer (automatic),82.85,2320.8,0
1328-EUZHC,Mailed check,20.1,370.5,0
2995-UPRYS,Credit card (automatic),99.2,4062.2,0
8878-RYUKI,Electronic check,59.45,3043.7,0
9633-DENPU,Bank transfer (automatic),58.6,2723.4,0
7811-JIVPF,Credit card (automatic),49.7,1081.25,0
7113-HIPFI,Mailed check,65.85,4097.05,0
8541-QVFKM,Electronic check,73.5,632.2,0
6686-YPGHK,Mailed check,85.5,4042.3,0
1383-EZRWL,Mailed check,20.05,164.85,0
9258-CNWAC,Credit card (automatic),113.65,8166.8,0
5371-VYLSX,Electronic check,83.4,4113.7,0
6374-AFWOX,Mailed check,65.65,3047.15,0
4759-TRPLW,Electronic check,70.4,70.4,0
5317-FLPJF,Bank transfer (automatic),61.35,4193.4,0
7621-VPNET,Credit card (automatic),85.9,3729.75,0
6034-YMTOB,Mailed check,75.65,399.45,0
8563-IIOXK,Electronic check,49.75,331.3,0
4903-CNOZC,Credit card (automatic),70.9,1964.6,0
4353-HYOJD,Mailed check,49.85,1336.15,0
8020-BWHYL,Credit card (automatic),75.3,1147.45,0
7267-FRMJW,Mailed check,20.1,486.05,0
2982-VPSGI,Electronic check,94.0,1078.9,0
4188-FRABG,Electronic check,103.05,5925.75,0
8199-ZLLSA,Bank transfer (automatic),118.35,7804.15,0
4128-ETESU,Electronic check,99.7,4747.2,0
0620-DLSLK,Mailed check,81.9,1028.9,0
4625-EWPTF,Electronic check,30.45,226.45,0
5980-NOPLP,Electronic check,96.1,4364.1,0
3850-OKINF,Electronic check,66.2,4692.55,0
6892-XPFPU,Electronic check,104.25,2433.9,0
8010-EZLOU,Electronic check,80.2,1217.25,0
1156-ZFYDO,Electronic check,19.75,19.75,0
3295-YVUSR,Mailed check,72.6,154.3,0
8016-NCFVO,Electronic check,116.5,6382.55,0
4119-ZYPZY,Electronic check,106.8,7623.2,0
5549-ZGHFB,Mailed check,24.95,1261.45,0
7577-SWIFR,Electronic check,89.25,89.25,0
0303-WMMRN,Mailed check,19.25,86.05,0
6408-OTUBZ,Bank transfer (automatic),104.55,6779.05,0
5204-HMGYF,Mailed check,87.2,4345.0,0
1078-TDCRN,Electronic check,30.75,82.85,0
3727-OVPRY,Credit card (automatic),25.7,1714.55,0
3797-FKOGQ,Electronic check,86.2,893.2,0
7622-NXQZR,Credit card (automatic),30.1,810.85,0
6196-HBOBZ,Electronic check,99.35,6347.55,0
3970-XGJDU,Credit card (automatic),19.2,1123.65,0
7017-VFULY,Bank transfer (automatic),20.1,43.15,0
5562-YJQGT,Credit card (automatic),20.35,35.1,0
8807-OPMBM,Credit card (automatic),25.65,1388.0,0
5439-WIKXB,Electronic check,94.55,3851.45,0
9874-QLCLH,Electronic check,104.2,1743.5,0
8294-UIMBA,Bank transfer (automatic),94.4,2638.1,0
8109-YUOHE,Mailed check,56.1,946.95,0
5840-NVDCG,Bank transfer (automatic),68.25,1114.85,0
8092-NLTGF,Bank transfer (automatic),24.75,1777.6,0
5928-QLDHB,Electronic check,76.25,684.85,0
9840-EFJQB,Electronic check,74.35,74.35,0
0696-UKTOX,Electronic check,54.15,1312.45,0
4801-KFYKL,Bank transfer (automatic),19.45,159.2,0
3472-OAOOR,Mailed check,34.95,610.2,0
6135-OZQVA,Electronic check,53.65,404.35,0
8062-YBDOE,Electronic check,69.65,69.65,0
2252-JHJGE,Electronic check,104.0,6363.45,0
4188-PCPIG,Credit card (automatic),70.35,4124.65,0
6000-APYLU,Electronic check,80.8,713.1,0
7105-BENQF,Mailed check,64.85,950.75,0
7721-DVEKZ,Mailed check,19.65,19.65,0
3566-VVORZ,Bank transfer (automatic),45.9,505.95,0
9507-HSMMZ,Mailed check,20.0,1149.65,0
2480-SQIOB,Electronic check,44.8,169.65,0
0947-IDHRQ,Mailed check,80.3,526.7,0
7813-TKCVO,Mailed check,20.35,393.15,0
0128-MKWSG,Mailed check,45.8,1147.0,0
3672-YITQD,Electronic check,84.1,3021.6,0
4350-ZTLPI,Bank transfer (automatic),108.95,5718.2,0
9048-JVYVF,Electronic check,69.35,191.35,0
0361-HJRDX,Credit card (automatic),64.35,4539.6,0
5727-MYATE,Credit card (automatic),90.8,6397.6,0
3823-KYNQY,Credit card (automatic),24.95,280.4,0
8988-ECPJR,Mailed check,79.6,2718.3,0
7570-WELNY,Bank transfer (automatic),84.7,5711.05,0
3021-VLNRJ,Credit card (automatic),70.8,3478.15,0
3776-EKTKM,Electronic check,36.45,36.45,0
2080-CAZNM,Electronic check,104.4,4133.95,0
1028-FFNJK,Electronic check,101.5,2917.65,0
6907-FLBER,Electronic check,54.3,54.3,0
3001-UNBTL,Electronic check,103.95,2964.8,0
5982-PSMKW,Credit card (automatic),91.1,2198.3,0
3507-GASNP,Mailed check,19.95,1189.9,0
7096-ZNBZI,Credit card (automatic),26.45,1914.5,0
1902-XBTFB,Electronic check,89.4,2001.5,0
1676-MQAOA,Bank transfer (automatic),75.1,5336.35,0
0786-IVLAW,Bank transfer (automatic),108.1,7238.6,0
7566-DSRLQ,Electronic check,110.15,7998.8,0
0643-OKLRP,Electronic check,80.35,3825.85,0
7245-JMTTQ,Electronic check,111.5,5703.25,0
6050-IJRHS,Electronic check,106.5,7397.0,0
6202-JVYEU,Electronic check,19.9,164.6,0
8591-TKMZH,Mailed check,111.1,6555.2,0
0734-OXWBT,Mailed check,70.7,225.65,0
4282-ACRXS,Electronic check,24.85,955.75,0
0365-TRTPY,Bank transfer (automatic),91.2,3382.3,0
7349-ALMUX,Bank transfer (automatic),65.6,2313.8,0
9381-NDKME,Credit card (automatic),40.65,933.3,0
6502-KUGLL,Bank transfer (automatic),59.45,780.85,0
1841-YSJGV,Credit card (automatic),109.95,7852.4,0
2794-XIMMO,Electronic check,60.45,3184.25,0
8382-SHQEH,Electronic check,84.9,764.95,0
3511-BFTJW,Credit card (automatic),38.5,2763.0,0
7668-XCFYV,Electronic check,92.55,1614.7,0
2983-ZANRP,Bank transfer (automatic),73.55,145.4,0
7845-URHJN,Bank transfer (automatic),20.15,156.25,0
3034-ZBEQN,Mailed check,34.7,1604.5,0
5018-HEKFO,Mailed check,24.5,270.15,0
2923-ARZLG,Mailed check,19.7,0.0,1
3976-NLDEZ,Mailed check,20.6,20.6,0
2282-YGNOR,Credit card (automatic),58.0,1734.5,0
5336-UFNZP,Electronic check,107.45,7047.5,0
6854-EXGSF,Bank transfer (automatic),65.5,573.15,0
1241-EZFMJ,Bank transfer (automatic),25.45,1538.6,0
9233-PSYHO,Bank transfer (automatic),100.15,4459.8,0
5376-PCKNB,Credit card (automatic),104.45,7459.0,0
8044-BGWPI,Electronic check,21.15,306.05,0
4060-LDNLU,Electronic check,96.2,639.7,0
3589-PPVKW,Mailed check,44.4,348.15,0
8327-LZKAS,Electronic check,107.55,4533.9,0
5887-IKKYO,Bank transfer (automatic),94.35,5563.65,0
1075-BGWOH,Electronic check,98.75,1587.55,0
1755-RMCXH,Mailed check,20.3,40.25,0
0302-JOIVN,Electronic check,101.15,842.9,0
3858-XHYJO,Bank transfer (automatic),105.75,4228.55,0
4299-SIMNS,Electronic check,81.15,784.45,0
7025-IWFHT,Electronic check,89.55,3729.75,0
6261-LHRTG,Credit card (automatic),54.75,1406.9,0
7841-FCRQD,Credit card (automatic),53.75,1857.3,0
2056-EVGZL,Credit card (automatic),105.75,7322.5,0
8777-MBMTS,Credit card (automatic),105.85,6725.5,0
7753-USQYQ,Electronic check,64.2,3627.3,0
5366-IJEQJ,Electronic check,88.7,1761.45,0
7661-CPURM,Credit card (automatic),87.7,1725.95,0
6233-HXJMX,Credit card (automatic),89.3,4192.15,0
5902-WBLSE,Credit card (automatic),20.15,1411.2,0
1981-INRFU,Electronic check,79.75,164.5,0
4971-PUYQO,Mailed check,94.55,2724.6,0
3239-TPHPZ,Electronic check,20.05,264.55,0
5115-GZDEL,Credit card (automatic),67.2,4671.7,0
3338-CVVEH,Electronic check,94.55,1173.55,0
8485-GJCDN,Mailed check,69.05,318.5,0
2615-YVMYX,Electronic check,107.5,7713.55,0
2851-STERV,Electronic check,73.0,2471.25,0
4393-GEADV,Credit card (automatic),114.75,7842.3,0
8486-AYEQH,Electronic check,76.05,2227.8,0
1527-SXDPN,Bank transfer (automatic),96.25,4990.25,0
6029-WTIPC,Electronic check,101.1,3744.05,0
8634-CILSZ,Bank transfer (automatic),104.7,7220.35,0
5419-JKZNQ,Mailed check,77.9,2351.45,0
2495-KZNFB,Electronic check,90.65,2989.6,0
1409-PHXTF,Electronic check,110.45,6077.75,0
4560-WQAQW,Bank transfer (automatic),68.7,4070.95,0
9591-YVTEB,Electronic check,44.85,2479.05,0
9309-BZGNT,Credit card (automatic),29.8,2134.3,0
4274-DRSQT,Bank transfer (automatic),88.9,6000.1,0
2027-DNKIV,Mailed check,58.75,2203.1,0
8075-GXIUB,Credit card (automatic),19.85,183.15,0
2885-HIJDH,Bank transfer (automatic),86.9,6194.1,0
5424-RLQLC,Mailed check,59.65,638.95,0
6682-QJDGB,Mailed check,55.25,2139.2,0
6507-DTJZV,Credit card (automatic),66.4,831.75,0
8780-IXSTS,Electronic check,90.1,521.3,0
7673-BQGKU,Bank transfer (automatic),20.15,1337.5,0
6723-WSNTY,Credit card (automatic),108.1,7181.95,0
9530-EHPOH,Electronic check,53.75,608.0,0
2725-IWWBA,Mailed check,56.9,2560.1,0
0345-HKJVM,Electronic check,89.3,577.6,0
1061-PNTHC,Mailed check,109.6,5953.0,0
0394-YONDK,Credit card (automatic),25.15,1790.15,0
6574-MCOEH,Electronic check,79.15,2531.4,0
7399-QHBJS,Credit card (automatic),66.75,4760.3,0
3049-SOLAY,Electronic check,95.2,292.85,0
0997-YTLNY,Mailed check,48.8,953.65,0
3317-HRTNN,Electronic check,45.7,198.0,0
9479-HYNYL,Credit card (automatic),80.7,5705.05,0
3235-ETOOB,Electronic check,74.5,609.9,0
9708-KFDBY,Credit card (automatic),20.55,20.55,0
8058-INTPH,Electronic check,79.65,79.65,0
3642-GKTCT,Mailed check,115.1,6993.65,0
0774-RMNUW,Bank transfer (automatic),59.7,4122.65,0
1334-PDUKM,Credit card (automatic),86.45,5762.95,0
0756-MPZRL,Credit card (automatic),33.7,1537.85,0
2242-MFOTG,Bank transfer (automatic),80.1,2603.3,0
2927-CVULT,Bank transfer (automatic),104.05,5566.4,0
2144-BFDSO,Bank transfer (automatic),108.75,5431.9,0
8745-PVESG,Credit card (automatic),41.1,2258.25,0
7647-GYYKX,Bank transfer (automatic),20.35,1092.35,0
5647-FXOTP,Electronic check,105.9,6401.25,0
5569-OUICF,Credit card (automatic),101.3,2812.2,0
8821-XNHVZ,Mailed check,80.05,80.05,0
2082-OJVTK,Electronic check,89.2,2698.35,0
9700-ISPUP,Electronic check,65.5,616.9,0
9839-ETQOE,Electronic check,40.45,1912.85,0
6078-VESFR,Bank transfer (automatic),70.45,849.1,0
9027-TMATR,Electronic check,78.8,3460.3,0
5940-NFXKV,Electronic check,83.65,1465.75,0
1941-HOSAM,Electronic check,90.1,90.1,0
9110-HSGTV,Credit card (automatic),82.45,5555.3,0
0704-VCUMB,Credit card (automatic),20.25,1278.8,0
6171-ZTVYB,Bank transfer (automatic),66.25,2907.35,0
8053-WWDRO,Bank transfer (automatic),19.5,146.3,0
9564-KCLHR,Mailed check,51.25,51.25,0
1935-IMVBB,Mailed check,89.7,4952.95,0
2535-PBCGC,Bank transfer (automatic),64.55,4504.9,0
2082-CEFLT,Electronic check,45.6,45.6,0
1470-PSXNM,Electronic check,93.65,4520.15,0
1213-NGCUN,Bank transfer (automatic),49.65,267.35,0
2498-XLDZR,Mailed check,73.6,2316.85,0
9866-OCCKE,Mailed check,109.75,8075.35,0
5338-YHWYT,Credit card (automatic),61.45,2302.35,0
7718-UPSKJ,Credit card (automatic),106.4,7251.9,0
8731-WBBMB,Bank transfer (automatic),81.9,2078.55,0
1448-CYWKC,Credit card (automatic),105.2,6225.4,0
7901-IIDQV,Bank transfer (automatic),54.6,1242.25,0
2690-DVRVK,Electronic check,20.55,99.45,0
5688-KZTSN,Electronic check,20.0,288.05,0
1270-XKUCC,Mailed check,19.7,599.25,0
0334-ZFJSR,Credit card (automatic),66.05,3462.1,0
2894-QOJRX,Bank transfer (automatic),34.0,853.0,0
5747-PMBSQ,Mailed check,92.5,934.1,0
5583-EJXRD,Credit card (automatic),54.05,2375.2,0
4565-EVZMJ,Mailed check,58.9,2813.05,0
3143-JQEGI,Electronic check,88.35,1222.8,0
6386-SZZKH,Bank transfer (automatic),107.95,5293.2,0
3327-YBAKM,Mailed check,96.9,6314.35,0
9441-QHEVC,Mailed check,19.1,19.1,0
6705-LNMDD,Mailed check,50.0,1003.05,0
2580-ASVVY,Electronic check,45.4,1593.1,0
3370-GQEAL,Electronic check,85.45,2509.95,0
5032-USPKF,Bank transfer (automatic),84.1,3187.65,0
2982-IHMFT,Mailed check,74.45,74.45,0
3521-SYVOR,Electronic check,64.75,2345.2,0
4254-QPEDE,Credit card (automatic),66.25,3330.1,0
6283-GITPX,Credit card (automatic),76.9,5522.7,0
9526-JAWYF,Electronic check,89.8,2335.3,0
0771-CHWSK,Credit card (automatic),74.6,4798.4,0
9788-HNGUT,Credit card (automatic),116.95,8594.4,0
9495-REDIY,Credit card (automatic),40.65,970.55,0
5375-XLDOF,Bank transfer (automatic),114.35,7665.8,0
1172-VIYBP,Bank transfer (automatic),69.7,3686.05,0
5649-VUKMC,Mailed check,95.5,1115.15,0
6559-PDZLR,Electronic check,98.65,2537.0,0
8992-OBVDG,Mailed check,61.65,1393.6,0
4273-MBHYA,Electronic check,89.35,89.35,0
4724-WXVWF,Electronic check,95.4,4445.3,0
5701-GUXDC,Credit card (automatic),35.4,978.6,0
1460-UZPRJ,Mailed check,19.95,1258.15,0
6082-GLJIX,Mailed check,19.25,331.35,0
5143-EGQFK,Electronic check,29.65,291.4,0
4919-IKATY,Electronic check,84.5,453.75,0
2495-TTHBQ,Mailed check,20.4,84.75,0
0485-ZBSLN,Credit card (automatic),24.75,1715.1,0
3810-PJUHR,Mailed check,25.35,1715.15,0
9050-QLROH,Credit card (automatic),90.7,1597.25,0
0847-HGRML,Bank transfer (automatic),20.0,1250.1,0
8232-CTLKO,Electronic check,59.75,3996.8,0
9227-YBAXE,Bank transfer (automatic),82.5,5215.1,0
6168-WFVVF,Electronic check,70.3,235.5,0
9860-LISIZ,Mailed check,20.35,673.2,0
0112-QAWRZ,Bank transfer (automatic),90.8,1442.2,0
0877-SDMBN,Bank transfer (automatic),103.95,5639.05,0
2786-GCDPI,Electronic check,104.95,5222.35,0
4043-MKDTV,Electronic check,105.25,7291.75,0
8065-YKXKD,Electronic check,74.75,799.65,0
9637-EIHEQ,Electronic check,50.8,50.8,0
9229-RQABD,Mailed check,23.75,424.5,0
8313-KTIHG,Electronic check,61.3,249.4,0
5320-BRKGK,Mailed check,75.8,4415.75,0
6284-KMNUF,Electronic check,98.0,5270.6,0
9689-PTNPG,Electronic check,80.25,144.55,0
9465-RWMXL,Electronic check,78.9,2447.95,0
6229-UOLQL,Mailed check,52.0,2884.9,0
2362-IBOOY,Electronic check,84.75,3050.15,0
3137-LUPIX,Mailed check,64.4,253.0,0
0843-WTBXE,Bank transfer (automatic),85.45,4517.25,0
6143-JQKEA,Credit card (automatic),45.8,436.2,0
8676-OOQEJ,Electronic check,30.5,118.4,0
5515-IDEJJ,Mailed check,19.9,19.9,0
9701-CDXHR,Mailed check,69.15,3649.6,0
7450-NWRTR,Electronic check,99.45,1200.15,0
8124-NZVGJ,Mailed check,49.25,255.6,0
2162-FRZAA,Bank transfer (automatic),39.35,2395.05,0
5376-DEQCP,Electronic check,70.6,70.6,0
5118-MUEYH,Credit card (automatic),105.1,5083.55,0
9095-HFAFX,Credit card (automatic),81.0,389.6,0
5627-TVBPP,Credit card (automatic),20.1,644.5,0
2379-ENZGV,Electronic check,84.85,523.5,0
3936-QQFLL,Mailed check,19.75,39.3,0
2589-AYCRP,Bank transfer (automatic),19.75,989.05,0
4067-HLYQI,Bank transfer (automatic),70.4,2406.1,0
5124-EOGYE,Mailed check,20.45,638.55,0
5057-RKGLH,Mailed check,20.35,191.1,0
0292-WEGCH,Electronic check,86.2,4524.05,0
8910-ICHIU,Credit card (automatic),95.65,4664.2,0
4097-YODCF,Electronic check,103.8,3470.8,0
9715-WZCLW,Electronic check,97.2,6910.3,0
9786-YWNHU,Mailed check,63.55,4014.2,0
6407-GSJNL,Bank transfer (automatic),24.95,1288.0,0
6005-OBZPH,Electronic check,89.15,2277.65,0
4049-ZPALD,Bank transfer (automatic),99.0,6375.8,0
7932-WPTDS,Electronic check,24.8,24.8,0
3733-UOCWF,Bank transfer (automatic),85.55,5251.75,0
6833-JMZYP,Credit card (automatic),94.0,1505.45,0
2722-VOJQL,Credit card (automatic),105.65,6903.1,0
1310-QRITU,Electronic check,50.3,913.3,0
8961-QDZZJ,Electronic check,95.0,5535.8,0
9715-SBVSU,Bank transfer (automatic),61.4,815.55,0
8490-BXHEO,Credit card (automatic),80.55,1411.65,0
7173-TETGO,Bank transfer (automatic),78.5,5602.25,0
7929-SKFGK,Credit card (automatic),114.3,8244.3,0
2300-RQGOI,Mailed check,20.05,741.5,0
3563-SVYLG,Credit card (automatic),62.65,4375.8,0
5228-EXCET,Electronic check,80.85,1008.7,0
6435-VWCCY,Credit card (automatic),92.7,5968.4,0
4998-IKFSE,Electronic check,100.45,3096.9,0
8630-QSGXK,Bank transfer (automatic),75.2,3901.25,0
2455-USLMV,Credit card (automatic),84.75,2613.4,0
7394-FKDNK,Electronic check,89.45,853.1,0
9488-FVZCC,Bank transfer (automatic),79.5,5661.7,0
6331-LWDTQ,Credit card (automatic),72.15,794.25,0
5995-WWKKG,Electronic check,19.8,695.05,0
1597-FZREH,Electronic check,76.4,160.8,0
7879-CGSFV,Mailed check,100.9,5552.05,0
9921-EZKBY,Bank transfer (automatic),95.3,3275.15,0
7432-FFVAR,Bank transfer (automatic),90.95,4236.6,0
7246-ZGQDF,Electronic check,54.5,54.5,0
7000-WCEVQ,Mailed check,61.6,1174.35,0
0727-IWKVK,Electronic check,79.9,741.7,0
5959-BELXA,Credit card (automatic),96.15,3019.25,0
4456-RHSNB,Bank transfer (automatic),49.6,962.9,0
3512-IZIKN,Credit card (automatic),65.3,4759.75,0
2481-SBOYW,Credit card (automatic),25.0,1498.35,0
7109-MFBYV,Electronic check,45.45,1233.15,0
1833-TCXKK,Bank transfer (automatic),107.75,4882.8,0
1832-PEUTS,Credit card (automatic),89.1,5411.65,0
6141-OOXUQ,Mailed check,19.65,19.65,0
8660-BUETV,Mailed check,44.75,148.05,0
0580-PIQHM,Bank transfer (automatic),101.6,3930.55,0
5696-CEIQJ,Bank transfer (automatic),103.15,6895.5,0
7503-ZGUZJ,Mailed check,84.65,84.65,0
1696-HXOWK,Mailed check,95.65,6856.95,0
3026-ATZYV,Bank transfer (automatic),75.1,2658.8,0
4012-YCFAI,Mailed check,61.35,3766.2,0
2506-TNFCO,Electronic check,69.55,69.55,0
9970-QBCDA,Credit card (automatic),19.7,129.55,0
8718-PTMEZ,Electronic check,31.05,347.25,0
9496-IVVRP,Bank transfer (automatic),51.0,581.7,0
2207-OBZNX,Mailed check,51.0,354.05,0
2657-VPXTA,Electronic check,88.85,929.45,0
6551-VLJMV,Credit card (automatic),20.05,679.0,0
1221-GHZEP,Mailed check,65.1,3846.75,0
9289-LBQVU,Mailed check,70.15,4480.7,0
6142-VSJQO,Bank transfer (automatic),44.35,44.35,0
3458-IDMFK,Mailed check,20.75,499.4,0
6933-FHBZC,Mailed check,56.05,1553.2,0
0221-NAUXK,Bank transfer (automatic),19.95,219.5,0
9770-KXGQU,Mailed check,98.6,5311.85,0
6437-UKHMV,Electronic check,79.7,586.05,0
6538-POCHL,Credit card (automatic),79.0,2576.8,0
6726-NNFWD,Credit card (automatic),89.45,6435.25,0
3002-WQZWT,Electronic check,74.2,1993.25,0
4277-UDIEF,Bank transfer (automatic),81.0,1923.85,0
1208-NBVFH,Electronic check,49.6,939.8,0
4912-PIGUY,Electronic check,84.6,84.6,0
1114-CENIM,Credit card (automatic),55.0,3092.65,0
6060-DRTNL,Mailed check,84.85,415.55,0
2725-TTRIQ,Bank transfer (automatic),84.2,5986.55,0
3374-TTZTK,Electronic check,106.3,5487.0,0
8990-ZXLSU,Electronic check,69.05,651.5,0
2275-RBYQS,Mailed check,45.4,45.4,0
8473-VUVJN,Electronic check,73.65,73.65,0
6289-CPNLD,Mailed check,73.9,2405.05,0
5536-SLHPM,Electronic check,77.75,4458.15,0
4419-UJMUS,Electronic check,99.35,6856.45,0
7794-JASDG,Mailed check,50.75,50.75,0
7609-YBPXG,Bank transfer (automatic),87.1,4735.2,0
5519-TEEUH,Mailed check,20.15,682.15,0
7856-GANIL,Bank transfer (automatic),98.7,4525.8,0
0804-XBFBV,Electronic check,25.2,321.05,0
2676-OXPPQ,Bank transfer (automatic),55.7,335.65,0
3703-TTEPD,Bank transfer (automatic),65.35,1424.4,0
2799-TSLAG,Bank transfer (automatic),25.3,1748.55,0
0196-VULGZ,Electronic check,84.35,474.9,0
8837-VVWLQ,Electronic check,84.95,668.4,0
2696-NARTR,Electronic check,73.85,926.25,0
2208-NKVVH,Mailed check,24.25,1077.95,0
7614-QVWQL,Bank transfer (automatic),51.8,2541.25,0
1976-CFOCS,Electronic check,46.0,46.0,0
4631-OACRM,Electronic check,79.4,1156.1,0
7139-JZFVG,Bank transfer (automatic),60.5,3694.45,0
4987-GQWPO,Credit card (automatic),25.1,382.8,0
3755-JBMNH,Bank transfer (automatic),71.8,1167.8,0
1757-TCATG,Bank transfer (automatic),20.05,746.75,0
6345-ULYRW,Mailed check,88.4,3912.9,0
4776-XSKYQ,Credit card (automatic),30.25,368.85,0
8048-DSDFQ,Mailed check,20.2,20.2,0
5753-QQWPW,Electronic check,59.9,1654.7,0
6010-DDPPW,Bank transfer (automatic),25.15,1940.85,0
1809-DMJHQ,Mailed check,46.0,221.7,0
6693-FRIRW,Credit card (automatic),101.3,1794.65,0
6586-MYGKD,Credit card (automatic),76.95,5289.8,0
3173-NVMPX,Mailed check,55.3,501.2,0
0248-PGHBZ,Bank transfer (automatic),92.45,6140.85,0
0623-GDISB,Bank transfer (automatic),48.45,48.45,0
2892-GESUL,Mailed check,19.35,309.25,0
6923-EFPNL,Credit card (automatic),51.75,201.1,0
7472-EQOAV,Bank transfer (automatic),86.7,6179.35,0
9574-RKJIF,Electronic check,94.4,2838.7,0
2043-WVTQJ,Mailed check,55.7,55.7,0
8034-RYTVV,Credit card (automatic),84.25,4589.85,0
3863-QSTYI,Electronic check,64.65,3735.45,0
2619-WFQWU,Mailed check,70.15,70.15,0
5044-LRQAQ,Bank transfer (automatic),69.2,477.55,0
1716-LSAMB,Bank transfer (automatic),54.65,2553.7,0
1333-PBMXB,Bank transfer (automatic),24.75,1342.15,0
6546-OPBBH,Mailed check,23.95,1216.35,0
5985-BEHZK,Credit card (automatic),105.0,7578.05,0
9127-QRZMH,Bank transfer (automatic),59.85,2603.95,0
5919-VCZYM,Mailed check,20.05,42.7,0
9644-KVCNC,Bank transfer (automatic),92.15,6056.9,0
2137-DQMEV,Mailed check,44.8,2983.65,0
8174-LNWMW,Credit card (automatic),20.9,689.35,0
9279-CJEOJ,Bank transfer (automatic),95.4,2025.1,0
7964-VEXDG,Electronic check,80.35,1747.2,0
2404-JIBFC,Bank transfer (automatic),85.1,4657.95,0
0778-NELLA,Credit card (automatic),34.7,296.1,0
8029-XYPWT,Bank transfer (automatic),115.05,8016.6,0
4614-NUVZD,Electronic check,81.1,81.1,0
4632-PAOYU,Mailed check,19.95,433.5,0
3803-KMQFW,Mailed check,20.55,20.55,0
6804-GDMOI,Electronic check,106.6,6428.4,0
2990-OGYTD,Bank transfer (automatic),86.15,5883.85,0
6646-JPPHA,Electronic check,78.85,1043.8,0
9572-MTILT,Electronic check,106.75,6252.9,0
7658-UYUQS,Bank transfer (automatic),86.55,1857.25,0
7880-XSOJX,Mailed check,42.4,146.4,0
9611-CTWIH,Electronic check,89.45,240.45,0
4589-IUAJB,Bank transfer (automatic),24.25,1724.15,0
0329-GTIAJ,Electronic check,97.9,315.3,0
8746-BFOAJ,Bank transfer (automatic),20.5,429.55,0
8457-XIGKN,Credit card (automatic),19.6,356.15,0
6072-NUQCB,Bank transfer (automatic),20.25,488.25,0
6629-CZTTH,Mailed check,55.7,55.7,0
8838-GPHZP,Mailed check,20.6,1298.7,0
8750-QWZAJ,Bank transfer (automatic),19.8,1378.75,0
5364-EVNIB,Electronic check,79.8,973.45,0
6918-UMQCG,Electronic check,80.2,384.25,0
0675-NCDYU,Credit card (automatic),116.4,8543.25,0
6339-DKLMK,Electronic check,31.65,389.95,0
1346-PJWTK,Credit card (automatic),94.15,5731.85,0
5088-QZLRL,Electronic check,20.65,20.65,0
8023-QHAIO,Bank transfer (automatic),76.85,4275.75,0
4397-FRLTA,Mailed check,20.15,84.5,0
3057-VJJQE,Mailed check,55.25,1924.1,0
5087-SUURX,Electronic check,39.05,669.85,0
2302-OUZXB,Bank transfer (automatic),82.15,5784.3,0
8133-ANHHJ,Bank transfer (automatic),103.0,5166.2,0
2270-CHBFN,Credit card (automatic),95.1,4060.55,0
0013-EXCHZ,Mailed check,83.9,267.4,0
5982-FPVQN,Electronic check,95.15,3532.85,0
9107-UKCKY,Electronic check,79.8,4914.8,0
4654-ULTTN,Credit card (automatic),74.8,5315.8,0
5550-VFRLC,Electronic check,69.85,69.85,0
5546-BYZSM,Electronic check,20.45,775.6,0
1492-KGETH,Bank transfer (automatic),78.35,5445.95,0
4929-BSTRX,Mailed check,53.55,53.55,0
4163-HFTUK,Electronic check,19.1,1007.8,0
8215-NGSPE,Mailed check,20.0,833.55,0
2225-ZRGSG,Bank transfer (automatic),93.9,6579.05,0
8859-YSTWS,Bank transfer (automatic),19.95,1004.5,0
5271-YNWVR,Electronic check,113.15,7856.0,0
7601-DHFWZ,Credit card (automatic),24.0,1183.05,0
2657-ALMWY,Electronic check,84.95,2169.75,0
6330-JKLPC,Bank transfer (automatic),80.5,896.9,0
4667-OHGKG,Mailed check,19.3,19.3,0
1998-VHJHK,Mailed check,19.15,501.35,0
1707-HABPF,Bank transfer (automatic),91.3,4126.35,0
1660-HSOOQ,Mailed check,49.65,49.65,0
7253-UVNDW,Credit card (automatic),54.35,2460.15,0
0487-VVUVK,Mailed check,19.15,477.6,0
7228-OMTPN,Electronic check,88.45,370.65,0
5063-IUOKK,Mailed check,19.75,265.75,0
4508-OEBEY,Credit card (automatic),75.5,2424.45,0
0027-KWYKW,Electronic check,83.75,1849.95,0
2308-STERM,Mailed check,19.4,61.05,0
5982-XMDEX,Bank transfer (automatic),26.5,1698.55,0
6284-AHOOQ,Bank transfer (automatic),90.5,1910.6,0
6051-PTVNS,Credit card (automatic),19.15,998.1,0
2344-JMOGN,Mailed check,94.85,890.6,0
3799-ISUZQ,Bank transfer (automatic),69.95,529.5,0
2877-VDUER,Mailed check,40.9,1383.6,0
9152-AMKAK,Mailed check,80.25,493.4,0
1794-HBQTJ,Credit card (automatic),48.6,48.6,0
9432-VOFYX,Electronic check,70.8,1207.0,0
8049-WJCLQ,Mailed check,60.2,563.5,0
6586-PSJOX,Credit card (automatic),55.2,864.55,0
2460-FPSYH,Electronic check,55.8,2109.35,0
9705-ZJBCG,Bank transfer (automatic),54.15,701.05,0
4818-DRBQT,Bank transfer (automatic),80.15,2265.25,0
1320-HTRDR,Electronic check,75.5,220.6,0
6847-KJLTS,Bank transfer (automatic),100.4,5749.8,0
9670-BPNXF,Credit card (automatic),62.55,2796.45,0
3913-FCUUW,Bank transfer (automatic),70.45,5165.7,0
3301-VKTGC,Bank transfer (automatic),85.5,5696.6,0
1493-AMTIE,Bank transfer (automatic),20.2,20.2,0
9555-SAHUZ,Electronic check,54.5,2076.05,0
0816-TSPHQ,Mailed check,20.75,44.2,0
9932-WBWIK,Mailed check,20.35,215.25,0
4619-EVPHY,Bank transfer (automatic),91.0,1859.5,0
5286-YHCVC,Bank transfer (automatic),104.8,7470.1,0
6424-ELEYH,Credit card (automatic),74.75,229.5,0
4391-RESHN,Mailed check,104.05,2470.1,0
9115-YQHGA,Electronic check,51.1,2092.9,0
4462-CYWMH,Bank transfer (automatic),89.8,5629.55,0
8963-MQVYN,Electronic check,20.55,469.85,0
2458-EOMRE,Bank transfer (automatic),64.05,733.95,0
9334-GWGOW,Electronic check,74.85,485.25,0
6821-BUXUX,Electronic check,96.65,1244.5,0
5028-HTLJB,Mailed check,20.05,20.05,0
9801-GDWGV,Electronic check,103.45,3994.45,0
6542-LWGXJ,Mailed check,25.0,78.25,0
5567-GZKQY,Credit card (automatic),20.3,1131.5,0
1222-LRYKO,Mailed check,26.35,184.05,0
2320-JRSDE,Electronic check,19.9,19.9,0
2087-QAREY,Mailed check,54.7,1178.75,0
0601-WZHJF,Electronic check,46.35,667.7,0
4423-JWZJN,Credit card (automatic),90.25,5629.15,0
5143-WMWOG,Electronic check,19.95,19.95,0
6490-FGZAT,Mailed check,20.65,109.3,0
5393-RXQSZ,Electronic check,79.6,79.6,0
7452-FOLON,Bank transfer (automatic),25.45,958.45,0
2320-TZRRH,Mailed check,19.5,403.15,0
0231-LXVAP,Electronic check,75.9,75.9,0
9444-JTXHZ,Electronic check,76.2,76.2,0
4942-VZZOM,Credit card (automatic),66.15,4392.5,0
5510-BOIUJ,Mailed check,19.25,19.25,0
7502-BNYGS,Credit card (automatic),69.1,3168.0,0
4291-HYEBC,Electronic check,39.1,1096.6,0
6147-CBCRA,Mailed check,20.05,669.45,0
6047-SUHPR,Electronic check,59.8,2343.85,0
4471-KXAUH,Electronic check,84.3,3588.4,0
9752-ZNQUT,Electronic check,48.6,48.6,0
7638-QVMVY,Electronic check,79.0,522.95,0
1576-PFZIW,Credit card (automatic),105.35,7511.9,0
5666-MBJPT,Bank transfer (automatic),25.1,1725.0,0
7312-XSBAT,Electronic check,49.75,49.75,0
3096-GKWEB,Electronic check,94.75,1691.9,0
2371-JQHZZ,Electronic check,93.0,2248.05,0
0674-GCDXG,Bank transfer (automatic),71.9,4479.2,0
1121-QSIVB,Mailed check,77.55,3471.1,0
4396-KLSEH,Electronic check,19.85,63.0,0
3244-DCJWY,Electronic check,70.25,70.25,0
2824-MYYBN,Electronic check,95.25,3314.15,0
0875-CABNR,Credit card (automatic),84.6,865.55,0
6345-HOVES,Bank transfer (automatic),25.05,852.7,0
8318-LCNBW,Credit card (automatic),53.15,1930.9,0
6469-QJKZW,Electronic check,20.15,91.4,0
0147-ESWWR,Electronic check,101.25,3949.15,0
1217-VASWC,Bank transfer (automatic),100.55,4304.0,0
7812-FZHPE,Mailed check,24.1,409.9,0
6370-ZVHDV,Bank transfer (automatic),25.3,1554.9,0
5915-DGNVC,Electronic check,71.8,3472.05,0
6260-XLACS,Mailed check,19.7,117.8,0
3566-CAAYU,Electronic check,49.85,3210.35,0
4983-CCWMC,Mailed check,69.6,207.4,0
9103-CXVOK,Electronic check,19.75,19.75,0
2896-TBNBE,Electronic check,80.8,3132.75,0
4797-AXPXK,Electronic check,60.0,60.0,0
5229-PRWKT,Electronic check,86.55,649.65,0
6982-UQZLY,Mailed check,20.85,20.85,0
2522-WLNSF,Bank transfer (automatic),64.2,2106.3,0
3841-CONLJ,Electronic check,35.0,35.0,0
5057-LCOUI,Electronic check,50.75,2011.4,0
0193-ESZXP,Credit card (automatic),105.5,6205.5,0
4475-NVTLU,Electronic check,19.2,903.7,0
4369-HTUIF,Bank transfer (automatic),85.15,503.6,0
9386-LDCZR,Credit card (automatic),90.65,3882.3,0
9585-KKMFD,Mailed check,20.0,879.8,0
5399-ZIMKF,Electronic check,74.65,383.65,0
0336-KXKFK,Credit card (automatic),61.2,4390.25,0
5619-XZZKR,Mailed check,19.95,68.2,0
3948-FVVRP,Mailed check,54.8,452.8,0
5327-XOKKY,Credit card (automatic),73.45,5329.0,0
0983-TATYJ,Mailed check,51.45,1758.9,0
1813-JYWTO,Bank transfer (automatic),80.45,5737.6,0
0156-FVPTA,Electronic check,54.2,1152.7,0
1984-FCOWB,Electronic check,109.5,7674.55,0
0654-HMSHN,Electronic check,104.4,2157.95,0
6719-OXYBR,Electronic check,85.3,1219.85,0
3312-ZWLGF,Electronic check,79.3,2414.55,0
6476-YHMGA,Bank transfer (automatic),76.5,1155.6,0
5287-QWLKY,Credit card (automatic),105.1,7548.1,0
0795-XCCTE,Bank transfer (automatic),25.4,1809.35,0
0168-XZKBB,Electronic check,86.85,1564.4,0
3785-NRHYR,Mailed check,19.65,19.65,0
5196-SGOAK,Electronic check,75.7,75.7,0
4537-DKTAL,Electronic check,45.55,84.4,0
7072-MBHEV,Credit card (automatic),78.1,864.85,0
5602-BVFMK,Mailed check,19.3,228.75,0
6297-NOOPG,Electronic check,110.5,7752.05,0
1891-UAWWU,Electronic check,90.8,1951.0,0
8204-TIFGJ,Bank transfer (automatic),20.3,470.6,0
8050-DVOJX,Credit card (automatic),81.35,4060.9,0
6108-OQZDQ,Electronic check,97.95,384.5,0
0363-QJVFX,Credit card (automatic),108.15,3432.9,0
8903-XEBGX,Electronic check,55.3,108.65,0
8169-SAEJD,Credit card (automatic),56.55,3952.65,0
9840-DVNDC,Credit card (automatic),80.5,463.05,0
1089-XZWHH,Mailed check,19.7,494.05,0
2325-WINES,Credit card (automatic),104.05,3416.85,0
6064-ZATLR,Bank transfer (automatic),52.85,1498.65,0
3096-JRDSO,Bank transfer (automatic),104.3,2867.75,0
7824-PANSQ,Bank transfer (automatic),80.65,4807.35,0
8042-JVNFH,Mailed check,71.35,71.35,0
9648-BCHKM,Credit card (automatic),24.65,471.35,0
2888-ADFAO,Bank transfer (automatic),21.3,1041.8,0
8707-HOEDG,Electronic check,110.2,7689.8,0
3374-LXDEV,Electronic check,89.4,1132.35,0
4072-IPYLT,Credit card (automatic),51.05,1815.0,0
7167-PCEYD,Mailed check,19.8,1311.3,0
4936-YPJNK,Mailed check,19.9,199.45,0
1580-BMCMR,Electronic check,87.3,1637.3,0
4817-KEQSP,Bank transfer (automatic),19.85,1326.35,0
6408-WHTEF,Mailed check,89.4,6376.55,0
9251-AWQGT,Mailed check,20.0,935.9,0
8749-CLJXC,Mailed check,20.05,20.05,0
7989-VCQOH,Electronic check,83.25,1611.15,0
5049-GLYVG,Mailed check,20.6,20.6,0
4199-QHJNM,Bank transfer (automatic),102.9,6989.7,0
8882-TLVRW,Mailed check,39.1,2779.5,0
5883-GTGVD,Electronic check,99.95,1931.75,0
5135-GRQJV,Mailed check,114.5,8331.95,0
2384-OVPSA,Mailed check,20.2,735.9,0
1371-WEPDS,Electronic check,55.8,2283.3,0
3580-GICBM,Mailed check,24.2,1445.2,0
4817-QRJSX,Credit card (automatic),81.0,818.05,0
9730-DRTMJ,Credit card (automatic),72.8,2333.05,0
4686-UXDML,Credit card (automatic),99.85,1992.55,0
3349-ANQNH,Electronic check,99.5,5890.0,0
2398-YPMUR,Electronic check,70.15,916.75,0
0932-YIXYU,Credit card (automatic),20.25,1029.8,0
7480-SPLEF,Bank transfer (automatic),26.0,1796.55,0
7636-XUHWW,Credit card (automatic),19.9,33.7,0
1431-CYWMH,Bank transfer (automatic),19.05,454.05,0
5937-EORGB,Electronic check,96.5,1392.25,0
6349-JDHQP,Credit card (automatic),19.85,1049.6,0
5539-HIVAK,Mailed check,25.7,734.6,0
5847-MXBEO,Mailed check,20.3,475.1,0
9985-MWVIX,Mailed check,70.15,70.15,0
4583-PARNH,Electronic check,91.55,1540.05,0
1116-FRYVH,Mailed check,39.4,1978.65,0
1421-HCERK,Bank transfer (automatic),105.7,3181.8,0
9633-XQABV,Electronic check,70.25,229.7,0
0716-BQNDX,Electronic check,93.75,5625.55,0
1265-XTECC,Credit card (automatic),96.55,6581.9,0
1183-CANVH,Bank transfer (automatic),60.0,1347.15,0
1972-XMUWV,Credit card (automatic),59.8,3808.2,0
8679-LZBMD,Bank transfer (automatic),90.65,3974.15,0
3407-JMJQQ,Bank transfer (automatic),109.0,7661.8,0
6252-DFGTK,Credit card (automatic),68.1,2479.25,0
1539-LNKHM,Mailed check,20.4,266.6,0
8645-KOMJQ,Bank transfer (automatic),81.95,5601.4,0
0289-IVARM,Electronic check,60.55,1982.6,0
9761-XUJWD,Bank transfer (automatic),65.6,339.9,0
4057-FKCZK,Bank transfer (automatic),82.5,4828.05,0
4291-TPNFG,Bank transfer (automatic),82.3,5980.55,0
6087-YPWHO,Mailed check,68.15,4808.7,0
3090-QFUVD,Credit card (automatic),20.3,20.3,0
2237-ZFSMY,Electronic check,95.55,3692.85,0
1722-LDZJS,Credit card (automatic),20.2,1068.15,0
1818-ESQMW,Electronic check,89.2,2383.6,0
4871-JTKJF,Electronic check,69.65,69.65,0
1415-YFWLT,Electronic check,89.3,89.3,0
7401-RUBNK,Electronic check,74.8,1438.05,0
0506-YLVKJ,Mailed check,20.2,917.45,0
8661-BOYNW,Credit card (automatic),84.4,6096.45,0
6711-VTNRE,Electronic check,87.55,3078.1,0
4815-GBTCD,Electronic check,25.15,99.95,0
2805-AUFQN,Credit card (automatic),19.8,475.2,0
0980-PVMRC,Electronic check,50.85,2036.55,0
7233-DRTRF,Electronic check,102.4,6444.05,0
3500-RMZLT,Mailed check,96.3,1426.75,0
3873-NFTGI,Credit card (automatic),55.5,767.55,0
1162-ECVII,Bank transfer (automatic),109.75,7932.5,0
7048-GXDAY,Electronic check,106.4,4040.65,0
8571-ZCMCX,Credit card (automatic),60.0,2768.65,0
1169-WCVAK,Credit card (automatic),88.8,1672.35,0
4548-SDBKE,Electronic check,85.2,474.8,0
8066-POXGX,Electronic check,35.1,446.1,0
7129-CAKJW,Bank transfer (automatic),80.05,1345.65,0
8695-ARGXZ,Electronic check,75.55,2425.4,0
3570-YUEKJ,Electronic check,49.55,2077.95,0
4143-OOBWZ,Electronic check,81.3,416.3,0
1555-HAPSU,Credit card (automatic),23.9,1663.5,0
1697-NVVGY,Bank transfer (automatic),66.4,1286.05,0
7854-EKTJL,Electronic check,19.6,35.85,0
8464-EETCQ,Credit card (automatic),18.8,1094.35,0
2419-FSORS,Electronic check,108.4,7719.5,0
8132-YPVBX,Mailed check,85.95,514.6,0
9102-IAYHT,Electronic check,85.45,1451.6,0
6754-LZUKA,Bank transfer (automatic),80.9,4932.5,0
3422-LYEPQ,Electronic check,71.0,71.0,0
8099-MZPUJ,Credit card (automatic),111.8,5443.65,0
0787-LHDYT,Credit card (automatic),20.6,330.25,0
2642-DTVCO,Electronic check,85.05,746.5,0
0374-IOEGQ,Electronic check,44.6,122.7,0
4361-JEIVL,Electronic check,44.4,44.4,0
3197-NNYNB,Credit card (automatic),105.1,6631.85,0
3396-DKDEL,Credit card (automatic),115.15,8250.0,0
1752-OZXFY,Mailed check,59.8,3561.15,0
9066-QRSDU,Electronic check,26.3,1763.55,0
9112-WSNPU,Electronic check,70.55,2419.0,0
9867-NNXLC,Mailed check,20.05,470.2,0
5321-NTRKC,Bank transfer (automatic),79.85,5234.95,0
1363-TXLSL,Electronic check,70.3,70.3,0
9507-EXLTT,Bank transfer (automatic),79.35,79.35,0
3161-GETRM,Credit card (automatic),90.05,3097.0,0
0402-OAMEN,Bank transfer (automatic),24.45,1709.1,0
6933-VLYFX,Electronic check,59.95,1848.8,0
6754-WKSHP,Bank transfer (automatic),25.35,723.3,0
9846-GKXAS,Bank transfer (automatic),90.8,809.75,0
6017-PPLPX,Electronic check,70.45,1470.95,0
4976-LNFVV,Credit card (automatic),34.3,577.15,0
5055-MGMGF,Electronic check,105.05,6914.95,0
4641-FROLU,Mailed check,19.3,602.9,0
2862-JVEOY,Mailed check,19.15,124.4,0
2969-QWUBZ,Electronic check,51.4,96.8,0
9822-BIIGN,Electronic check,71.85,3827.9,0
2077-MPJQO,Electronic check,75.4,533.05,0
1534-OULXE,Bank transfer (automatic),49.7,2961.4,0
7136-RVDTZ,Electronic check,45.25,3264.45,0
2971-SGAFL,Electronic check,78.75,995.35,0
1480-IVEVR,Bank transfer (automatic),81.6,2815.25,0
2905-KFQUV,Credit card (automatic),70.4,154.8,0
4581-SSPWD,Electronic check,75.8,246.3,0
3370-HXOPH,Electronic check,76.1,257.6,0
9391-YZEJW,Bank transfer (automatic),94.0,5757.2,0
9958-MEKUC,Credit card (automatic),103.95,7517.7,0
0281-CNTZX,Bank transfer (automatic),19.95,1234.8,0
6927-WTFIV,Credit card (automatic),71.3,1389.2,0
4118-CEVPF,Bank transfer (automatic),110.8,3836.3,0
3398-ZOUAA,Electronic check,69.1,1474.75,0
9114-VEPUF,Electronic check,96.1,6001.45,0
7876-BEUTG,Mailed check,48.8,720.1,0
2338-BQEZT,Credit card (automatic),50.55,2832.75,0
9873-MNDKV,Mailed check,44.65,472.25,0
0378-NHQXU,Electronic check,88.25,1460.65,0
8241-JUIQO,Bank transfer (automatic),19.45,1336.35,0
2194-IIQOF,Credit card (automatic),89.3,6388.65,0
4512-ZUIYL,Bank transfer (automatic),70.0,153.05,0
9631-RXVJM,Mailed check,19.25,677.9,0
9584-EXCDZ,Bank transfer (automatic),70.5,1165.6,0
7969-AULMZ,Electronic check,97.35,2119.5,0
5093-FEGLU,Bank transfer (automatic),19.65,921.55,0
2621-UDNLU,Mailed check,20.85,72.0,0
7526-IVLYU,Mailed check,19.65,68.35,0
2428-HYUNX,Credit card (automatic),19.35,847.25,0
9214-EKVXR,Mailed check,44.0,44.0,0
3410-MHHUM,Electronic check,94.4,4295.35,0
0568-ONFPC,Bank transfer (automatic),25.9,135.0,0
0733-VUNUW,Bank transfer (automatic),55.65,1400.55,0
4550-EVXNY,Electronic check,69.65,69.65,0
2122-YWVYA,Electronic check,75.4,1380.4,0
2968-SSGAA,Electronic check,100.6,1060.2,0
2296-DKZFP,Bank transfer (automatic),71.0,4386.2,0
4844-JJWUY,Electronic check,86.0,86.0,0
6777-TGHTM,Credit card (automatic),106.95,5785.5,0
8909-BOLNL,Mailed check,21.2,52.05,0
6603-YRDCJ,Mailed check,61.05,2018.4,0
3538-WZPHD,Electronic check,29.6,79.45,0
3229-USWAR,Bank transfer (automatic),79.95,2727.3,0
2138-VFAPZ,Mailed check,19.7,263.65,0
6131-JLWZM,Mailed check,20.3,275.4,0
4785-QRJHC,Bank transfer (automatic),59.9,2816.65,0
0269-XFESX,Mailed check,24.35,538.5,0
1709-EJDOX,Mailed check,19.75,948.9,0
4316-XCSLJ,Mailed check,50.3,846.8,0
8610-WFCJF,Electronic check,95.6,4783.5,0
9693-XMUOB,Electronic check,50.25,2997.45,0
0383-CLDDA,Credit card (automatic),85.35,5897.4,0
4905-JEFDW,Electronic check,41.6,470.6,0
2709-UQGNP,Mailed check,51.65,524.5,0
3549-ZTMNH,Bank transfer (automatic),24.0,269.65,0
7881-INRLC,Credit card (automatic),100.85,4740.0,0
8033-ATFAS,Mailed check,59.85,2341.5,0
1635-NZATJ,Credit card (automatic),25.45,1789.65,0
0562-HKHML,Credit card (automatic),23.9,1626.4,0
8277-RVRSV,Credit card (automatic),24.15,800.3,0
9943-VSZUV,Mailed check,75.7,5060.85,0
0117-LFRMW,Bank transfer (automatic),40.2,1448.8,0
6172-FECYY,Electronic check,84.5,4254.85,0
7054-ENNGU,Mailed check,50.85,466.6,0
1455-HFBXA,Credit card (automatic),91.6,4627.8,0
9402-CXWPL,Electronic check,98.9,6838.6,0
1628-BIZYP,Electronic check,85.0,85.0,0
1965-AKTSX,Electronic check,78.95,1101.85,0
0082-LDZUE,Mailed check,44.3,44.3,0
4786-UKSNZ,Mailed check,20.2,20.2,0
5343-SGUBI,Mailed check,80.2,4297.6,0
0856-NAOES,Mailed check,60.9,414.1,0
1976-AZZPJ,Mailed check,34.2,256.6,0
7248-VZQLC,Bank transfer (automatic),85.2,3969.35,0
6156-UZDLF,Credit card (automatic),87.15,2274.1,0
3099-OONVS,Electronic check,54.3,1296.8,0
9500-WBGRP,Mailed check,19.1,1268.85,0
5183-KLYEM,Credit card (automatic),112.75,8192.6,0
5144-PQCDZ,Mailed check,19.95,59.25,0
8514-VZHEB,Mailed check,19.5,1147.85,0
6625-IUTTT,Bank transfer (automatic),65.55,4361.55,0
9355-NPPFS,Electronic check,78.8,2006.1,0
0068-FIGTF,Mailed check,78.2,2078.95,0
5965-GGPRW,Bank transfer (automatic),105.25,7609.75,0
8035-PWSEV,Electronic check,89.25,487.05,0
2236-HILPA,Credit card (automatic),20.65,1218.45,0
1840-BIUOG,Electronic check,68.7,1416.2,0
1356-MKYSK,Credit card (automatic),78.65,483.3,0
6080-LNESI,Mailed check,24.75,1234.6,0
1830-IPXVJ,Credit card (automatic),19.75,1311.6,0
5828-DWPIL,Electronic check,89.1,5618.3,0
8398-TBIYD,Bank transfer (automatic),84.7,6185.15,0
0011-IGKFF,Electronic check,98.0,1237.85,0
4192-GORJT,Electronic check,94.45,498.1,0
6496-SLWHQ,Electronic check,105.0,294.45,0
9912-GVSEQ,Electronic check,93.85,2381.55,0
2931-FSOHN,Electronic check,59.9,788.35,0
9418-RUKPH,Mailed check,19.95,756.4,0
5383-MMTWC,Electronic check,84.0,613.4,0
9971-ZWPBF,Electronic check,108.9,3625.2,0
4712-AUQZO,Mailed check,33.6,550.35,0
9711-FJTBX,Mailed check,85.85,4793.8,0
2908-ZTPNF,Bank transfer (automatic),34.85,1267.2,0
7240-ETPTR,Electronic check,48.75,442.2,0
2202-CUYXZ,Electronic check,84.85,84.85,0
5995-OIGLP,Mailed check,56.65,654.85,0
8421-WZOOW,Credit card (automatic),95.3,5567.45,0
6261-RCVNS,Credit card (automatic),73.9,3160.55,0
7951-QKZPL,Mailed check,24.5,740.3,0
1414-YADCW,Bank transfer (automatic),84.6,5706.2,0
8756-RDDLT,Electronic check,44.95,3085.35,0
2862-PFNIK,Electronic check,24.7,24.7,0
5816-QVHRX,Credit card (automatic),100.3,3541.4,0
4430-YHXGG,Mailed check,25.45,84.2,0
6888-SBYAI,Mailed check,50.7,50.7,0
7395-XWZOY,Credit card (automatic),55.0,1165.55,0
7169-YWAMK,Bank transfer (automatic),68.4,4855.35,0
3640-PHQXK,Electronic check,89.9,2806.9,0
6877-LGWXO,Electronic check,78.55,1422.65,0
6859-RKMZJ,Bank transfer (automatic),55.05,608.15,0
2729-VNVAP,Credit card (automatic),19.8,641.35,0
2957-JIRMN,Electronic check,84.45,4959.15,0
2049-BAFNW,Mailed check,35.9,35.9,0
3842-QTGDL,Bank transfer (automatic),80.75,1321.3,0
7163-OCEQI,Mailed check,78.65,1663.75,0
9782-LGXMC,Bank transfer (automatic),61.75,3024.15,0
5975-BAICR,Credit card (automatic),63.7,2188.5,0
8019-ENHXU,Electronic check,99.45,4138.05,0
5167-GBFRE,Bank transfer (automatic),25.2,102.5,0
9033-EOXWV,Mailed check,74.05,872.65,0
4673-KKSLS,Electronic check,87.6,2724.25,0
4853-OITSN,Electronic check,89.15,413.25,0
9800-OUIGR,Credit card (automatic),20.0,1374.2,0
1324-NLTJE,Credit card (automatic),55.0,757.1,0
2324-EFHVG,Bank transfer (automatic),104.4,6692.65,0
7094-MSZAO,Credit card (automatic),20.05,218.5,0
1522-VVDMG,Electronic check,89.75,608.8,0
6907-CQGPN,Electronic check,34.3,1004.75,0
0780-XNZFN,Bank transfer (automatic),20.65,1125.6,0
0239-OXEXL,Mailed check,84.25,3847.6,0
2675-IJRGJ,Bank transfer (automatic),19.65,978.0,0
7049-GKVZY,Credit card (automatic),79.85,1387.35,0
8577-QSOCG,Mailed check,20.2,746.05,0
3721-CNZHX,Mailed check,19.8,304.6,0
0212-ISBBF,Electronic check,50.35,1098.85,0
9185-TQCVP,Electronic check,85.15,1139.2,0
3585-YNADK,Bank transfer (automatic),74.6,4368.95,0
5271-DBYSJ,Credit card (automatic),79.15,827.7,0
1099-GODLO,Mailed check,20.35,20.35,0
6828-HMKWP,Bank transfer (automatic),21.05,262.05,0
5567-WSELE,Electronic check,94.6,279.55,0
1472-TNCWL,Electronic check,94.7,3512.5,0
8063-RJYNF,Electronic check,94.25,1483.25,0
0687-ZVTHB,Credit card (automatic),72.45,4653.85,0
2080-GKCWQ,Electronic check,74.95,151.75,0
9661-ACXBS,Electronic check,105.2,4400.75,0
2193-SFWQW,Bank transfer (automatic),111.95,8033.1,0
5656-JAMLX,Bank transfer (automatic),19.85,1253.65,0
3462-BJQQA,Electronic check,89.75,552.65,0
0442-TDYUO,Mailed check,20.05,1036.0,0
6733-LRIZX,Electronic check,108.95,4025.5,0
9503-XJUME,Credit card (automatic),19.65,928.4,0
4367-NHWMM,Mailed check,24.9,24.9,0
3727-RJMEO,Electronic check,82.85,460.25,0
3779-OSWCF,Credit card (automatic),93.2,6506.15,0
6736-DHUQI,Bank transfer (automatic),84.8,5598.3,0
3915-ODIYG,Electronic check,71.75,4374.55,0
1360-RCYRT,Bank transfer (automatic),30.35,678.75,0
2724-FJDYW,Bank transfer (automatic),54.85,2191.7,0
4451-RWASJ,Mailed check,19.5,239.75,0
6646-VRFOL,Electronic check,103.85,5485.5,0
3460-TJBWI,Mailed check,24.2,609.05,0
5917-HBSDW,Electronic check,19.35,683.75,0
5685-IIXLY,Electronic check,83.6,404.2,0
5671-UUNXD,Electronic check,100.65,5189.75,0
0956-ACVZC,Credit card (automatic),94.1,5060.9,0
2325-NBPZG,Electronic check,74.55,233.65,0
4250-ZBWLV,Electronic check,108.45,7176.55,0
4482-FTFFX,Electronic check,56.15,291.45,0
8859-DZTGQ,Mailed check,20.35,689.75,0
0440-MOGPM,Electronic check,80.55,3263.9,0
0020-JDNXP,Mailed check,61.25,1993.2,0
3752-CQSJI,Mailed check,20.45,254.5,0
5025-GOOKI,Credit card (automatic),18.9,347.65,0
4698-KVLLG,Credit card (automatic),19.6,967.9,0
5095-AESKG,Credit card (automatic),91.5,242.95,0
2887-JPYLU,Bank transfer (automatic),45.2,1841.9,0
4770-QAZXN,Credit card (automatic),19.45,232.1,0
4896-CPRPF,Bank transfer (automatic),25.45,809.25,0
1871-MOWRM,Bank transfer (automatic),80.85,866.45,0
9714-EDSUC,Mailed check,94.9,360.55,0
2027-OAQQC,Bank transfer (automatic),49.05,2076.2,0
0282-NVSJS,Mailed check,29.3,355.9,0
9090-SGQXL,Electronic check,105.3,7299.65,0
6595-YGXIT,Electronic check,88.95,2291.2,0
7353-YOWFP,Mailed check,20.25,129.15,0
9835-ZIITK,Electronic check,110.85,7491.75,0
8008-ESFLK,Electronic check,110.5,5835.5,0
7537-CBQUZ,Bank transfer (automatic),109.4,7031.45,0
1555-DJEQW,Bank transfer (automatic),114.2,7723.9,0
5649-TJHOV,Bank transfer (automatic),36.5,1032.0,0
0519-XUZJU,Mailed check,70.75,70.75,0
3363-EWLGO,Mailed check,19.95,109.6,0
4750-UKWJK,Mailed check,19.6,727.8,0
6338-AVWCY,Mailed check,40.15,130.75,0
1689-YQBYY,Electronic check,76.6,893.0,0
4487-ZYJZK,Credit card (automatic),19.6,763.1,0
2959-FENLU,Credit card (automatic),85.3,781.4,0
0708-LGSMF,Electronic check,65.85,902.25,0
9253-QXKBE,Electronic check,94.45,2653.65,0
7634-HLQJR,Credit card (automatic),20.05,1016.7,0
0487-RPVUM,Bank transfer (automatic),99.4,5943.65,0
4079-ULGFR,Mailed check,20.0,275.7,0
2516-XSJKX,Electronic check,78.45,3126.45,0
0057-QBUQH,Electronic check,25.1,1070.15,0
9445-SZLCH,Bank transfer (automatic),97.35,3457.9,0
6599-SFQVE,Electronic check,55.0,340.4,0
8331-ZXFOE,Credit card (automatic),71.1,4299.2,0
4003-FUSHP,Credit card (automatic),61.55,1093.2,0
0356-ERHVT,Bank transfer (automatic),45.9,521.9,0
7325-ENZFI,Bank transfer (automatic),40.3,1630.4,0
4884-ZTHVF,Electronic check,87.1,713.6,0
3920-HIHMQ,Mailed check,49.5,1265.65,0
3055-OYMSE,Credit card (automatic),73.8,4003.85,0
0613-WUXUM,Mailed check,19.2,1401.4,0
7568-PODML,Mailed check,45.3,45.3,0
4458-KVRBJ,Mailed check,25.0,1510.5,0
5349-IECLD,Electronic check,94.95,178.1,0
1397-XKKWR,Mailed check,35.3,264.8,0
3945-GFWQL,Electronic check,44.55,480.6,0
8097-OMULG,Credit card (automatic),76.75,4541.9,0
6013-BHCAW,Bank transfer (automatic),81.0,4976.15,0
0401-WDBXM,Bank transfer (automatic),105.55,7542.25,0
3387-PLKUI,Mailed check,18.8,251.25,0
6096-EGVTU,Mailed check,24.9,1595.5,0
3797-VTIDR,Electronic check,23.45,23.45,0
5081-NWSUP,Mailed check,64.9,685.55,0
2580-ATZSQ,Bank transfer (automatic),61.35,3874.1,0
8085-MSNLK,Mailed check,113.95,6891.4,0
9691-HKOVS,Electronic check,90.15,4916.95,0
9881-VCZEP,Electronic check,54.1,1373.0,0
9526-BIHHD,Mailed check,29.7,29.7,0
8757-TFHHJ,Credit card (automatic),49.8,49.8,0
4523-WXCEF,Electronic check,101.1,6039.9,0
1468-DEFNC,Bank transfer (automatic),24.4,1548.65,0
5119-KEPFY,Bank transfer (automatic),95.0,3440.25,0
8364-TRMMK,Mailed check,50.65,151.3,0
0916-KNFAJ,Mailed check,69.9,4226.7,0
8319-QBEHW,Bank transfer (automatic),39.95,1023.75,0
3063-QFSZL,Electronic check,55.4,55.4,0
8775-LHDJH,Electronic check,90.6,90.6,0
9625-QNLUX,Credit card (automatic),103.25,7074.4,0
3097-NQYSN,Mailed check,86.85,156.35,0
4024-CSNBY,Bank transfer (automatic),94.25,6849.75,0
7110-BDTWG,Electronic check,47.05,3263.6,0
7493-GVFIO,Credit card (automatic),20.55,1252.85,0
0690-SRQID,Mailed check,19.65,67.55,0
9605-WGJVW,Electronic check,70.2,70.2,0
9114-DPSIA,Credit card (automatic),81.0,5750.0,0
4700-UBQMV,Bank transfer (automatic),75.9,1549.75,0
7711-GQBZC,Bank transfer (automatic),24.7,1810.55,0
3565-UNOCC,Bank transfer (automatic),99.05,2952.85,0
4627-MIHJH,Credit card (automatic),110.25,7467.55,0
9795-NREXC,Credit card (automatic),85.0,5484.4,0
8573-CGOCC,Credit card (automatic),19.75,294.9,0
7356-AYNJP,Electronic check,23.9,97.5,0
9249-FXSCK,Credit card (automatic),111.25,5916.45,0
5493-SDRDQ,Mailed check,55.1,113.35,0
6286-SUUWT,Mailed check,19.95,19.95,0
4819-HJPIW,Mailed check,25.15,476.8,0
8654-DHAOW,Mailed check,54.15,101.65,0
5438-QMDDL,Mailed check,59.8,1130.85,0
9812-GHVRI,Bank transfer (automatic),83.85,3532.25,0
5553-AOINX,Electronic check,104.9,6891.45,0
1228-ZLNBX,Mailed check,75.3,1570.7,0
4226-KKDON,Electronic check,66.65,520.95,0
3831-YCPUO,Credit card (automatic),109.5,7854.9,0
7445-WMRBW,Bank transfer (automatic),73.85,3581.4,0
3308-DGHKL,Bank transfer (automatic),19.3,1447.9,0
9924-JPRMC,Electronic check,118.2,8547.15,0
0080-EMYVY,Credit card (automatic),51.45,727.85,0
6218-KNUBD,Electronic check,59.45,357.6,0
7337-CINUD,Bank transfer (automatic),19.5,159.35,0
7609-NRNCA,Mailed check,19.55,280.85,0
0623-EJQEG,Electronic check,93.55,6069.25,0
7153-CHRBV,Mailed check,59.3,3274.35,0
0871-URUWO,Credit card (automatic),102.25,1359.0,0
9190-MFJLN,Credit card (automatic),95.9,1777.9,0
6198-PNNSZ,Bank transfer (automatic),109.8,6109.65,0
3317-VLGQT,Electronic check,78.1,1122.4,0
4132-POCZS,Electronic check,39.9,2020.9,0
5614-DNZCE,Credit card (automatic),64.9,3795.45,0
1095-JUDTC,Electronic check,95.05,4504.55,0
3896-RCYYE,Credit card (automatic),53.4,3579.15,0
9638-JIQYA,Credit card (automatic),24.9,49.7,0
3258-SANFR,Credit card (automatic),44.7,276.5,0
3726-TBHQT,Bank transfer (automatic),114.0,8175.9,0
3190-ITQXP,Bank transfer (automatic),20.25,890.35,0
0870-VEMYL,Credit card (automatic),53.85,259.8,0
4833-QTJNO,Bank transfer (automatic),83.85,5588.8,0
3039-MJSLN,Bank transfer (automatic),20.2,50.6,0
0178-CIIKR,Mailed check,19.95,58.0,0
5385-SUIRI,Electronic check,104.2,5568.35,0
3982-XWFZQ,Electronic check,50.25,2203.65,0
5774-QPLTF,Mailed check,20.35,938.95,0
2322-VCZHZ,Electronic check,90.0,2024.1,0
5010-IPEAQ,Credit card (automatic),54.2,3623.95,0
4009-ALQFH,Electronic check,99.5,2369.05,0
6383-ZTSIW,Mailed check,99.1,3877.95,0
8990-YOZLV,Mailed check,66.9,4577.9,0
3069-SSVSN,Mailed check,25.85,25.85,0
5222-IMUKT,Electronic check,91.05,2871.5,0
3627-FCRDW,Electronic check,71.0,672.55,0
7562-GSUHK,Credit card (automatic),93.2,1573.7,0
6685-XSHHU,Bank transfer (automatic),20.95,1270.55,0
8901-UPRHR,Bank transfer (automatic),109.2,7711.45,0
4903-UYAVB,Mailed check,19.35,126.05,0
0118-JPNOY,Credit card (automatic),85.8,2193.65,0
6776-TLWOI,Mailed check,19.85,64.55,0
3845-FXCYS,Electronic check,19.65,31.2,0
5857-XRECV,Bank transfer (automatic),20.5,38.25,0
0725-CXOTM,Credit card (automatic),89.65,3348.1,0
4343-EJVQB,Mailed check,74.35,533.6,0
9000-PLFUZ,Credit card (automatic),49.45,2907.55,0
3427-GGZZI,Electronic check,89.1,1620.8,0
7779-ORAEL,Credit card (automatic),75.15,3480.35,0
0644-OQMDK,Electronic check,70.65,293.85,0
4077-CROMM,Electronic check,104.2,3243.45,0
3154-CFSZG,Electronic check,90.05,4137.2,0
2868-MZAGQ,Electronic check,79.25,79.25,0
4847-QNOKA,Bank transfer (automatic),44.9,44.9,0
2220-IAHLS,Credit card (automatic),19.4,19.4,0
1658-XUHBX,Credit card (automatic),88.75,5348.65,0
6379-RXJRQ,Electronic check,70.1,659.65,0
2378-HTWFW,Credit card (automatic),91.0,3180.5,0
8650-RHRKE,Electronic check,29.65,118.5,0
4377-VDHYI,Electronic check,90.8,3023.85,0
0475-RIJEP,Electronic check,77.85,3365.85,0
1260-TTRXI,Electronic check,54.3,195.3,0
3719-TDVQB,Mailed check,18.95,1031.1,0
6328-ZPBGN,Bank transfer (automatic),95.15,997.65,0
0201-MIBOL,Bank transfer (automatic),102.4,6471.85,0
4937-QPZPO,Electronic check,99.9,6241.35,0
2925-VDZHY,Credit card (automatic),88.7,6501.35,0
6981-TDRFT,Electronic check,54.3,2317.1,0
3413-CSSTH,Bank transfer (automatic),55.7,2237.55,0
8033-VCZGH,Electronic check,103.95,5231.3,0
4789-KWMXN,Credit card (automatic),110.85,5275.8,0
0224-NIJLP,Mailed check,20.15,165.5,0
7542-CYDDM,Mailed check,20.05,358.5,0
4718-WXBGI,Credit card (automatic),91.95,6614.9,0
2867-UIMSS,Electronic check,80.5,80.5,0
8495-PRWFH,Electronic check,55.65,2421.75,0
0439-IFYUN,Electronic check,74.7,1294.6,0
5716-LIBJC,Credit card (automatic),104.15,1299.1,0
2868-LLSKM,Bank transfer (automatic),83.65,5733.4,0
8111-RKSPX,Bank transfer (automatic),72.2,305.55,0
2988-QRAJY,Credit card (automatic),110.05,7430.75,0
1585-MQSSU,Mailed check,51.5,900.5,0
0071-NDAFP,Credit card (automatic),25.5,630.6,0
2856-NNASM,Mailed check,89.55,3856.75,0
7328-ZJAJO,Credit card (automatic),19.5,1222.65,0
6458-CYIDZ,Electronic check,80.7,374.8,0
8559-CIZFV,Mailed check,77.5,1625.0,0
1090-PYKCI,Credit card (automatic),105.1,7234.8,0
3058-WQDRE,Bank transfer (automatic),25.15,331.85,0
7547-EKNFS,Bank transfer (automatic),95.25,3959.35,0
2279-AXJJK,Credit card (automatic),95.65,5088.4,0
6769-DYBQN,Electronic check,85.0,3969.4,0
0909-SELIE,Bank transfer (automatic),80.8,4860.85,0
3417-TSCIC,Mailed check,24.85,788.05,0
1042-HFUCW,Credit card (automatic),54.75,1266.35,0
4439-JMPMT,Electronic check,85.75,470.95,0
6537-OTKMY,Electronic check,50.75,688.2,0
8999-EXMNO,Mailed check,20.15,387.7,0
6725-TPKJO,Mailed check,20.05,845.25,0
2446-BEGGB,Electronic check,98.25,560.6,0
7162-WPHPM,Credit card (automatic),71.6,4230.25,0
1599-MMYRQ,Credit card (automatic),81.45,4983.05,0
8821-KVZKQ,Bank transfer (automatic),58.4,4113.15,0
1496-GGSUK,Mailed check,25.7,25.7,0
6434-TTGJP,Credit card (automatic),53.7,521.0,0
0042-JVWOJ,Bank transfer (automatic),19.6,471.85,0
0130-SXOUN,Credit card (automatic),89.4,5976.9,0
2575-GFSOE,Electronic check,69.0,506.9,0
2330-PQGDQ,Bank transfer (automatic),84.2,4299.75,0
1452-UZOSF,Credit card (automatic),106.1,7548.6,0
2097-YVPKN,Mailed check,25.75,1654.75,0
2842-JTCCU,Bank transfer (automatic),46.05,80.35,0
8597-CTXVJ,Bank transfer (automatic),64.95,4551.5,0
6631-HMANX,Credit card (automatic),85.45,6227.5,0
9962-BFPDU,Mailed check,20.05,20.05,0
3296-SILRA,Mailed check,76.4,76.4,0
9681-OXGVC,Electronic check,100.5,514.0,0
6394-HHHZM,Mailed check,20.7,57.5,0
5995-LFTLE,Credit card (automatic),25.3,1474.35,0
5180-UCIIQ,Mailed check,40.05,880.2,0
1932-UEDCX,Bank transfer (automatic),100.6,3270.25,0
7153-OANIO,Electronic check,69.95,69.95,0
5188-HGMLP,Bank transfer (automatic),74.0,3919.15,0
0665-XHDJU,Electronic check,99.4,7285.7,0
6521-YYTYI,Electronic check,93.3,93.3,0
8878-HMWBV,Electronic check,49.15,169.05,0
8265-HKSOW,Credit card (automatic),107.45,7658.3,0
3544-FBCAS,Credit card (automatic),83.6,5959.3,0
5331-RGMTT,Credit card (automatic),99.05,5295.7,0
4759-PXTAN,Electronic check,80.1,4693.2,0
7054-DMVAS,Bank transfer (automatic),65.3,3512.9,0
3428-MMGUB,Electronic check,89.55,5231.2,0
6549-BTYPG,Credit card (automatic),60.8,3603.45,0
7823-JSOAG,Electronic check,74.5,217.45,0
3705-RHRFR,Bank transfer (automatic),99.15,6875.35,0
9374-YOLBJ,Electronic check,19.25,19.25,0
9074-KGVOX,Credit card (automatic),39.45,2021.35,0
6128-DAFVY,Credit card (automatic),44.85,2564.95,0
9933-QRGTX,Electronic check,97.2,5611.75,0
4476-OSWTN,Mailed check,110.55,7610.1,0
3751-KTZEL,Mailed check,35.05,35.05,0
1977-STDKI,Electronic check,73.0,73.0,0
5066-GFJMM,Mailed check,19.9,45.75,0
2661-GKBTK,Bank transfer (automatic),76.95,4543.95,0
0458-HEUZG,Mailed check,35.4,450.4,0
7268-WNTCP,Bank transfer (automatic),20.45,1297.35,0
0824-VWDPO,Bank transfer (automatic),96.75,4442.75,0
8409-WQJUX,Electronic check,54.2,1423.15,0
2578-JQPHZ,Bank transfer (automatic),100.1,4378.35,0
3278-FSIXX,Mailed check,45.25,74.2,0
5813-UECBU,Credit card (automatic),83.85,2716.3,0
0328-GRPMV,Electronic check,70.1,70.1,0
9746-UGFAC,Bank transfer (automatic),20.85,450.65,0
2946-KIQSP,Mailed check,33.45,1175.85,0
0625-AFOHS,Mailed check,20.2,558.8,0
6726-WEXXK,Electronic check,85.9,2220.1,0
4636-OLWOE,Electronic check,61.0,3283.05,0
4342-HENTK,Electronic check,70.65,142.35,0
4685-ERGHK,Electronic check,86.9,4939.25,0
0885-HMGPY,Bank transfer (automatic),69.4,4237.5,0
5003-OKNNK,Credit card (automatic),20.35,335.95,0
4195-SMMNX,Mailed check,20.35,33.2,0
7208-PSIHR,Bank transfer (automatic),104.3,7188.5,0
4012-ZTHBR,Electronic check,44.95,926.25,0
0489-WMEMG,Electronic check,49.45,1119.35,0
7435-ZNUYY,Mailed check,20.6,116.6,0
1354-YZFNB,Credit card (automatic),19.55,68.8,0
6956-SMUCM,Credit card (automatic),99.0,287.4,0
2985-FMWYF,Electronic check,93.5,2341.55,0
2812-ENYMO,Credit card (automatic),54.55,1362.85,0
2717-HVIZY,Mailed check,20.05,163.6,0
3223-WZWJM,Electronic check,83.95,2254.2,0
3422-GALYP,Electronic check,79.45,145.15,0
9053-JZFKV,Credit card (automatic),116.2,7752.3,0
2530-ENDWQ,Bank transfer (automatic),93.7,6585.35,0
2890-WFBHU,Credit card (automatic),79.85,4786.1,0
0327-WFZSY,Electronic check,100.0,3835.55,0
7977-HXJKU,Mailed check,19.6,397.0,0
6615-ZGEDR,Mailed check,19.7,19.7,0
7033-CLAMM,Bank transfer (automatic),20.2,1027.25,0
4023-RTIQM,Credit card (automatic),50.4,1580.1,0
0864-FVJNJ,Electronic check,113.35,7222.75,0
7356-IWLFW,Bank transfer (automatic),80.0,3769.7,0
9541-PWTWO,Bank transfer (automatic),80.95,4233.95,0
3967-VQOGC,Mailed check,24.9,1680.25,0
7872-RDDLZ,Electronic check,54.9,3725.5,0
9250-WYPLL,Electronic check,75.55,413.65,0
6308-CQRBU,Electronic check,109.25,7707.7,0
2754-XBHTB,Bank transfer (automatic),77.65,714.15,0
1597-LHYNC,Electronic check,95.0,2497.2,0
0186-CAERR,Bank transfer (automatic),116.3,8309.55,0
3043-SUDUA,Bank transfer (automatic),19.9,601.55,0
5442-BHQNG,Electronic check,70.35,139.25,0
2169-RRLFW,Credit card (automatic),25.6,1888.25,0
5872-OEQNH,Electronic check,44.45,2773.9,0
3162-KKZXO,Electronic check,100.15,5409.75,0
7055-VKGDA,Credit card (automatic),105.4,5643.4,0
0754-UKWQP,Electronic check,95.85,197.7,0
8873-GLDMH,Mailed check,73.85,401.3,0
5696-JVVQY,Credit card (automatic),70.1,3238.4,0
8946-BFWSG,Mailed check,25.25,1573.05,0
7493-TPUWZ,Electronic check,79.15,79.15,0
0547-HURJB,Credit card (automatic),21.05,235.8,0
8904-OPDCK,Bank transfer (automatic),24.95,1364.75,0
8845-LWKGE,Electronic check,64.5,1985.15,0
1577-HKTFG,Bank transfer (automatic),19.65,655.85,0
8752-STIVR,Electronic check,79.0,303.15,0
0691-NIKRI,Credit card (automatic),105.95,4335.2,0
5022-JNQEQ,Electronic check,75.85,647.5,0
4558-FANTW,Electronic check,91.85,1574.45,0
3249-VHRIP,Credit card (automatic),43.6,2748.7,0
3736-BLEPA,Bank transfer (automatic),91.25,2483.65,0
4701-LKOZD,Credit card (automatic),89.75,6367.2,0
6603-QWSPR,Bank transfer (automatic),104.4,4904.2,0
9921-QFQUL,Mailed check,90.15,2044.95,0
1929-ZCBHE,Electronic check,40.3,1794.8,0
4378-MYPGO,Bank transfer (automatic),105.25,7173.15,0
8651-ENBZX,Electronic check,106.0,6441.4,0
4129-LYCOI,Electronic check,104.0,7039.05,0
7798-JVXYM,Electronic check,69.65,921.4,0
8647-SDTWQ,Electronic check,74.3,4018.35,0
2696-ECXKC,Mailed check,100.9,5448.6,0
2081-KJSQF,Mailed check,20.25,20.25,0
7623-TRNQN,Mailed check,49.9,49.9,0
3323-CPBWR,Credit card (automatic),96.9,2085.45,0
9330-IJWIO,Electronic check,100.35,1358.85,0
3384-CTMSF,Electronic check,104.1,5135.15,0
0902-RFHOF,Mailed check,20.1,730.1,0
9286-DOJGF,Bank transfer (automatic),74.95,2869.85,0
6048-QBXKL,Credit card (automatic),56.55,118.25,0
9661-MHUMO,Credit card (automatic),49.25,49.25,0
7718-RXDGG,Bank transfer (automatic),68.6,1108.6,0
1025-FALIX,Credit card (automatic),69.05,1815.65,0
3451-VAWLI,Credit card (automatic),19.7,730.4,0
3407-QGWLG,Mailed check,20.05,75.45,0
1842-EZJMK,Electronic check,103.7,5071.05,0
2347-WKKAE,Electronic check,94.4,4014.6,0
8735-DCXNF,Credit card (automatic),54.95,568.85,0
3214-IYUUQ,Bank transfer (automatic),93.7,5860.7,0
1936-UAFEH,Credit card (automatic),110.25,7279.35,0
3587-PMCOY,Electronic check,98.9,1064.95,0
8079-XRJRS,Electronic check,89.75,5769.6,0
1027-LKKQQ,Bank transfer (automatic),80.45,5886.85,0
7148-XZPHA,Electronic check,79.4,4238.45,0
8073-IJDCM,Mailed check,20.3,20.3,0
5309-TAIKL,Bank transfer (automatic),62.8,418.3,0
6856-RAURS,Mailed check,74.9,136.05,0
8778-LMWTJ,Electronic check,74.85,708.2,0
9717-IOAAF,Credit card (automatic),25.85,788.55,0
8884-ADFVN,Electronic check,101.95,700.85,0
2845-KDHVX,Mailed check,68.3,4378.8,0
0848-SOMKO,Bank transfer (automatic),48.4,3442.8,0
2720-WGKHP,Electronic check,94.0,181.7,0
6734-FQAJX,Electronic check,105.05,7171.7,0
2869-ADAWR,Credit card (automatic),89.3,4016.85,0
1535-VTJOQ,Credit card (automatic),25.15,553.0,0
6368-TZZDT,Credit card (automatic),19.5,96.85,0
0943-ZQPXH,Bank transfer (automatic),92.95,4122.9,0
1293-BSEUN,Mailed check,20.7,1482.3,0
9894-EZEWG,Credit card (automatic),74.3,74.3,0
1302-TPUBN,Bank transfer (automatic),19.35,1240.8,0
7851-FLGGQ,Mailed check,44.65,44.65,0
0637-UBJRP,Electronic check,84.05,1095.3,0
0940-OUQEC,Bank transfer (automatic),80.7,788.8,0
2378-VTKDH,Electronic check,104.35,6578.55,0
0927-CNGRH,Mailed check,19.55,19.55,0
8608-OZTLB,Electronic check,74.05,2802.3,0
2335-GSODA,Mailed check,40.1,857.75,0
1952-DVVSW,Mailed check,20.1,184.4,0
0702-PGIBZ,Electronic check,101.7,364.55,0
6656-GULJQ,Credit card (automatic),83.55,6093.3,0
9853-JFZDU,Electronic check,56.85,1861.1,0
1963-VAUKV,Mailed check,20.4,20.4,0
3777-XROBG,Credit card (automatic),19.55,1079.65,0
6994-FGRHH,Electronic check,106.15,7475.1,0
4000-VGMQP,Credit card (automatic),78.95,2862.55,0
3999-WRNGR,Electronic check,49.75,3069.45,0
3466-RITXD,Credit card (automatic),92.4,2349.8,0
2680-XKKNJ,Bank transfer (automatic),58.2,469.25,0
3058-HJCUY,Electronic check,102.6,4213.35,0
2974-GGUXS,Credit card (automatic),91.95,3301.05,0
7994-XIRTR,Bank transfer (automatic),65.25,3529.95,0
3259-FDWOY,Bank transfer (automatic),106.0,7723.7,0
2101-RANCD,Electronic check,73.1,4144.9,0
7921-BEPCI,Bank transfer (automatic),59.75,4265.0,0
0807-ZABDG,Mailed check,55.1,154.65,0
8510-TMWYB,Bank transfer (automatic),59.8,3246.45,0
3258-ZKPAI,Bank transfer (automatic),116.6,8337.45,0
1428-IEDPR,Electronic check,109.3,5731.4,0
5298-GSTLM,Bank transfer (automatic),101.4,6176.6,0
4450-YOOHP,Credit card (automatic),50.65,1905.4,0
6728-CZFEI,Mailed check,56.15,931.9,0
5748-RNCJT,Bank transfer (automatic),106.5,7348.8,0
3653-NCRDJ,Mailed check,19.2,776.25,0
6121-TNHBO,Bank transfer (automatic),83.0,5243.05,0
5119-NZPTV,Electronic check,70.1,141.65,0
6519-ZHPXP,Bank transfer (automatic),108.3,7679.65,0
7739-LAXOG,Bank transfer (automatic),91.05,2954.5,0
3472-QPRCH,Credit card (automatic),25.25,1006.9,0
8224-UAXBZ,Electronic check,45.35,2540.1,0
9610-WCESF,Electronic check,43.9,3097.2,0
9776-CLUJA,Electronic check,77.5,3807.35,0
2486-WYVVE,Mailed check,79.3,2484.0,0
3865-ZYKAD,Credit card (automatic),84.9,5785.65,0
1422-DGUBX,Electronic check,79.25,2619.15,0
2999-AANRQ,Credit card (automatic),71.05,1524.85,0
8668-KNZTI,Electronic check,53.75,2790.65,0
0480-KYJVA,Credit card (automatic),24.25,1784.5,0
6034-ZRYCV,Electronic check,54.2,3937.45,0
9746-YKGXB,Bank transfer (automatic),44.25,2276.1,0
3926-YZVVX,Bank transfer (automatic),50.05,2029.05,0
6000-UKLWI,Mailed check,20.15,802.35,0
2079-FBMZK,Mailed check,69.25,418.4,0
6332-FBZRI,Credit card (automatic),69.35,4653.25,0
2096-XOTMO,Mailed check,19.35,275.9,0
3266-FTKHB,Mailed check,19.15,343.45,0
8221-EQDGL,Mailed check,61.0,2130.45,0
2346-LOCWC,Credit card (automatic),20.5,1191.4,0
6608-QQLVK,Electronic check,50.5,50.5,0
0298-XACET,Mailed check,50.2,2554.0,0
7560-QJAVJ,Bank transfer (automatic),79.6,5589.45,0
2995-YWTCD,Bank transfer (automatic),24.9,467.7,0
3551-HUAZH,Electronic check,74.4,74.4,0
9137-UIYPG,Electronic check,106.9,3756.45,0
2809-ZMYOQ,Electronic check,101.35,3334.9,0
5084-OOVCJ,Credit card (automatic),55.35,920.5,0
0254-WWRKD,Credit card (automatic),50.55,3431.75,0
7727-SHVZV,Bank transfer (automatic),19.5,150.35,0
6302-JGYRJ,Mailed check,79.45,2587.7,0
5339-PXDVH,Electronic check,90.65,367.95,0
2205-LPVGL,Bank transfer (automatic),89.85,5125.75,0
8782-NUUOL,Mailed check,79.0,4801.1,0
3685-YLCMQ,Electronic check,104.65,6219.6,0
7601-WFVZV,Mailed check,19.55,19.55,0
4609-KNNWG,Mailed check,19.9,550.1,0
4868-AADLV,Electronic check,116.25,7862.25,0
9529-OFXHY,Bank transfer (automatic),87.75,1242.2,0
8634-MPHTR,Electronic check,100.05,4871.05,0
2669-QVCRG,Credit card (automatic),81.3,3190.65,0
2478-EEWWM,Electronic check,44.3,2666.75,0
9174-IHETN,Credit card (automatic),70.35,3533.6,0
2233-TXSIU,Credit card (automatic),44.45,792.15,0
9644-UMGQA,Electronic check,49.15,295.65,0
3256-EZDBI,Credit card (automatic),29.45,1459.35,0
8761-NSOBC,Electronic check,100.55,4398.15,0
0419-YAAPX,Credit card (automatic),85.3,4297.95,0
8413-VONUO,Electronic check,95.65,167.3,0
0872-CASZJ,Mailed check,69.1,4096.9,0
4726-DLWQN,Bank transfer (automatic),70.35,3454.6,0
8164-OCKUJ,Mailed check,20.6,1286.0,0
3094-JOJAI,Mailed check,74.15,1387.0,0
9494-MRNYX,Electronic check,75.05,786.3,0
2599-CZABP,Electronic check,44.6,641.25,0
7945-PRBVF,Bank transfer (automatic),21.45,705.45,0
4544-RXFMG,Mailed check,43.45,345.5,0
0859-YGKFW,Bank transfer (automatic),20.05,345.9,0
1150-FTQGN,Bank transfer (automatic),94.15,5811.8,0
9223-UCPVT,Electronic check,94.4,94.4,0
7196-LIWRH,Mailed check,19.55,124.45,0
5448-VWNAM,Mailed check,75.9,1375.6,0
1177-XZBJL,Bank transfer (automatic),64.15,3491.55,0
3518-FSTWG,Bank transfer (automatic),109.55,7920.7,0
9330-VOFSZ,Credit card (automatic),110.8,6640.7,0
4351-QLCSU,Credit card (automatic),55.0,55.0,0
0939-EREMR,Mailed check,53.45,718.1,0
9389-ACWBI,Credit card (automatic),69.95,320.4,0
5419-JPRRN,Electronic check,101.45,101.45,0
3644-QXEHN,Electronic check,97.0,1334.45,0
2911-IJORQ,Bank transfer (automatic),90.6,3358.65,0
5921-NGYRH,Mailed check,73.55,4764.0,0
2100-BDNSN,Bank transfer (automatic),67.95,350.3,0
5998-DZLYR,Bank transfer (automatic),94.35,5703.0,0
0488-GSLFR,Electronic check,69.5,69.5,0
9318-NKNFC,Mailed check,18.85,18.85,0
3985-HOYPM,Mailed check,19.4,525.55,0
9728-FTTVZ,Electronic check,69.2,69.2,0
9548-LERKT,Mailed check,19.75,483.15,0
6576-FBXOJ,Electronic check,54.6,934.8,0
4310-KEDTB,Mailed check,29.8,786.5,0
7254-IQWOZ,Electronic check,69.65,69.65,0
2474-BRUCM,Electronic check,101.85,4086.3,0
4062-HBMOS,Electronic check,103.05,5364.8,0
0742-NXBGR,Electronic check,82.3,82.3,0
2676-ISHSF,Mailed check,20.3,20.3,0
9236-NDUCW,Mailed check,35.1,770.4,0
4753-PADAS,Bank transfer (automatic),105.7,6816.95,0
6103-QCKFX,Bank transfer (automatic),56.25,2419.55,0
7781-EWARA,Electronic check,60.35,4138.7,0
6110-OHIHY,Electronic check,79.25,267.6,0
7018-FPXHH,Bank transfer (automatic),59.8,3457.45,0
5889-LFOLL,Electronic check,84.6,1115.2,0
5708-EVONK,Bank transfer (automatic),93.4,5435.6,0
8708-XPXHZ,Electronic check,94.2,4186.3,0
0616-ATFGB,Electronic check,25.05,25.05,0
0572-ZJKLT,Mailed check,99.65,4630.2,0
5135-RDDQL,Bank transfer (automatic),50.65,3221.25,0
1353-LJWEM,Electronic check,60.9,688.5,0
1794-SWWKL,Bank transfer (automatic),59.65,867.1,0
6166-YIPFO,Electronic check,64.7,4746.05,0
7016-BPGEU,Credit card (automatic),25.1,712.85,0
6876-ADESB,Electronic check,48.95,48.95,0
9332-GYWLO,Electronic check,54.85,355.1,0
1963-SVUCV,Electronic check,45.3,45.3,0
4184-VODJZ,Electronic check,91.35,5764.7,0
0220-EBGCE,Electronic check,85.85,167.3,0
1092-WPIVQ,Mailed check,25.1,428.45,0
7233-IOQNP,Bank transfer (automatic),34.0,1505.35,0
2834-JKOOW,Mailed check,45.9,693.45,0
2754-VDLTR,Electronic check,95.2,930.4,0
2400-FEQME,Mailed check,20.5,1177.95,0
3190-XFANI,Bank transfer (automatic),100.6,5069.65,0
7551-DACSP,Mailed check,55.3,324.25,0
4957-SREEC,Credit card (automatic),20.35,1458.1,0
7235-NXZCP,Mailed check,74.85,156.4,0
0230-UBYPQ,Bank transfer (automatic),36.1,2298.9,0
4923-ADWXJ,Bank transfer (automatic),65.8,1679.65,0
1763-KUAAW,Bank transfer (automatic),20.35,369.6,0
1104-TNLZA,Electronic check,105.8,2998.0,0
5195-KPUNQ,Mailed check,96.75,5206.55,0
0520-FDVVT,Bank transfer (automatic),102.35,3626.1,0
3439-GVUSX,Mailed check,24.4,24.4,0
1444-VVSGW,Credit card (automatic),115.65,7968.85,0
5712-PTIWW,Electronic check,79.85,152.45,0
5949-HGVJL,Electronic check,73.05,1959.5,0
5203-XEHAX,Electronic check,64.35,2053.05,0
1635-HDGFT,Mailed check,20.5,398.55,0
3315-TOTBP,Mailed check,76.0,1130.85,0
8050-XGRVL,Credit card (automatic),54.75,3425.35,0
6661-HBGWL,Bank transfer (automatic),104.75,4323.45,0
1518-VOWAV,Electronic check,74.65,703.55,0
9828-QHFBK,Electronic check,51.15,1275.7,0
3908-MKIMJ,Electronic check,41.95,2965.75,0
5012-YSPJJ,Mailed check,54.35,1647.0,0
5909-ECHUI,Electronic check,56.25,56.25,0
1309-BXVOQ,Electronic check,106.1,2249.95,0
6728-VOIFY,Electronic check,96.0,6109.75,0
9317-WZPGV,Bank transfer (automatic),79.75,159.4,0
4891-NLUBA,Bank transfer (automatic),61.45,3751.15,0
2856-HYAPG,Electronic check,68.65,68.65,0
8969-PRHFK,Mailed check,19.65,411.25,0
0661-KQHNK,Credit card (automatic),19.0,105.5,0
8709-KRDVL,Electronic check,100.0,3320.6,0
4488-PSYCG,Bank transfer (automatic),20.25,327.45,0
1427-VERSM,Electronic check,98.7,5669.5,0
9801-NOSHQ,Mailed check,19.8,465.45,0
6339-YPSAH,Electronic check,73.8,704.3,0
3621-CEOVK,Electronic check,100.2,1369.8,0
6906-ANDWJ,Bank transfer (automatic),74.9,1107.25,0
2159-TURXX,Credit card (automatic),20.05,95.55,0
1548-FEHVL,Electronic check,106.2,6375.2,0
3795-CAWEX,Credit card (automatic),116.55,8152.3,0
6215-NQCPY,Electronic check,99.7,1566.75,0
5647-URDKA,Mailed check,19.7,130.25,0
2229-DPMBI,Mailed check,19.5,162.15,0
9626-WEQRM,Mailed check,29.15,110.05,0
2188-SXWVT,Mailed check,55.0,1885.15,0
6258-PVZWJ,Credit card (automatic),90.8,6302.85,0
1094-BKOSX,Bank transfer (automatic),51.0,2264.5,0
6969-MVBAI,Electronic check,90.1,816.8,0
2978-XXSOG,Mailed check,59.05,1253.5,0
2342-CKIAO,Mailed check,20.3,41.2,0
6953-PBDIN,Bank transfer (automatic),72.95,5265.55,0
3898-BSJYF,Credit card (automatic),73.55,693.3,0
3938-YFPXD,Credit card (automatic),84.3,5997.1,0
7696-AMHOD,Credit card (automatic),78.0,3824.2,0
2453-SAFNS,Mailed check,72.1,3886.05,0
9558-IHEZX,Credit card (automatic),106.75,7283.25,0
9617-UDPEU,Mailed check,19.25,412.55,0
6340-DACFT,Credit card (automatic),20.55,1070.25,0
4955-VCWBI,Mailed check,20.0,817.95,0
6813-GZQCG,Credit card (automatic),24.65,1171.3,0
7426-GSWPO,Bank transfer (automatic),103.5,6548.65,0
3389-KTRXV,Mailed check,23.85,625.65,0
3118-UHVVQ,Credit card (automatic),25.8,1911.5,0
1031-IIDEO,Electronic check,70.85,70.85,0
5832-XKAES,Credit card (automatic),69.8,134.7,0
3205-MXZRA,Credit card (automatic),59.45,1507.0,0
4701-AHWMW,Bank transfer (automatic),54.55,2978.3,0
8317-BVKSO,Electronic check,20.05,299.3,0
5702-KVQRD,Electronic check,82.55,5832.65,0
0083-PIVIK,Electronic check,81.25,5567.55,0
9210-IAHGH,Credit card (automatic),70.75,450.8,0
6169-PGNCD,Credit card (automatic),74.3,4166.35,0
0023-XUOPT,Electronic check,94.1,1215.6,0
4592-IWTJI,Credit card (automatic),29.7,91.7,0
4909-JOUPP,Credit card (automatic),109.7,7898.45,0
4657-FWVFY,Credit card (automatic),96.35,3915.4,0
2257-BOVXD,Credit card (automatic),66.6,979.5,0
7729-JTEEC,Electronic check,44.5,90.05,0
7632-MNYOY,Credit card (automatic),110.9,7432.05,0
6518-LGAOV,Electronic check,105.0,4026.4,0
7242-QZLXF,Electronic check,25.3,25.3,0
4576-CSAJH,Credit card (automatic),55.15,1193.05,0
1000-AJSLD,Mailed check,20.1,20.1,0
9696-RMYBA,Mailed check,80.1,398.55,0
8690-UPCZI,Bank transfer (automatic),69.05,1958.45,0
1062-LHZOD,Mailed check,69.9,69.9,0
9770-LXDBK,Mailed check,20.4,63.15,0
4086-WITJG,Credit card (automatic),19.7,1301.1,0
8344-WFMFH,Electronic check,50.1,484.05,0
9600-NAXZN,Electronic check,101.4,4528.0,0
8822-KNBHV,Credit card (automatic),83.45,3887.85,0
8404-FYDIB,Credit card (automatic),86.65,2208.75,0
2791-SFVEW,Bank transfer (automatic),20.15,238.15,0
6457-USBER,Electronic check,80.8,80.8,0
6762-NSODU,Credit card (automatic),19.4,958.15,0
4662-EKDPQ,Bank transfer (automatic),62.05,118.3,0
9248-OJYKK,Electronic check,76.45,76.45,0
9888-ZCUMM,Bank transfer (automatic),60.05,3845.45,0
3398-FSHON,Electronic check,91.3,1094.5,0
3319-DWOEP,Electronic check,95.75,573.75,0
1074-WVEVG,Mailed check,20.35,1267.0,0
9979-RGMZT,Mailed check,94.05,633.45,0
6437-UDQJM,Credit card (automatic),84.1,6129.65,0
1226-IENZN,Electronic check,78.75,1218.25,0
2108-GLPQB,Credit card (automatic),55.55,1405.3,0
9259-PACGQ,Electronic check,62.65,2274.9,0
4415-IJZTP,Electronic check,74.5,74.5,0
1465-VINDH,Credit card (automatic),102.1,1068.85,0
5474-LAMUQ,Mailed check,20.1,533.9,0
3468-DRVQJ,Electronic check,70.3,676.15,0
1122-YJBCS,Credit card (automatic),53.65,3804.4,0
4990-ALDGW,Mailed check,20.75,1118.8,0
4816-OKWNX,Bank transfer (automatic),103.4,5236.4,0
3315-IKYZQ,Mailed check,50.8,1386.8,0
2810-FTLEM,Electronic check,50.15,762.25,0
4747-LCAQL,Mailed check,79.0,1902.0,0
3411-WLRSQ,Bank transfer (automatic),74.6,239.05,0
0898-XCGTF,Bank transfer (automatic),96.5,5673.7,0
8006-PYCSW,Mailed check,20.1,39.8,0
8249-THVEC,Mailed check,19.4,997.75,0
8722-PRFDV,Credit card (automatic),77.55,5574.35,0
2164-SOQXL,Mailed check,20.05,406.05,0
4020-KIUDI,Credit card (automatic),19.85,138.85,0
5850-BDWCY,Mailed check,20.2,123.65,0
2038-YSEZE,Mailed check,67.45,1801.1,0
0827-ITJPH,Credit card (automatic),18.55,689.0,0
8799-OXZMD,Mailed check,29.75,790.7,0
1925-TIBLE,Electronic check,86.5,582.5,0
1705-GUHPV,Mailed check,24.2,1618.2,0
4779-ZGICK,Mailed check,23.55,1173.35,0
0048-PIHNL,Bank transfer (automatic),20.45,900.9,0
0818-OCPZO,Electronic check,81.45,2122.05,0
3967-KXAPS,Credit card (automatic),92.3,6719.9,0
1447-GIQMR,Electronic check,69.15,69.15,0
3704-IEAXF,Credit card (automatic),53.65,3784.0,0
6810-VCAEX,Credit card (automatic),39.65,1798.65,0
0674-EYYZV,Electronic check,54.65,54.65,0
4480-MBMLB,Bank transfer (automatic),104.8,3886.45,0
1395-OFUWC,Credit card (automatic),29.3,1224.05,0
0822-QGCXA,Electronic check,83.85,2310.2,0
0872-NXJYS,Electronic check,79.55,723.4,0
2832-KJCRD,Electronic check,103.65,3988.5,0
3588-WSTTJ,Electronic check,99.05,3554.6,0
4075-WKNIU,Mailed check,73.35,0.0,1
5090-EMGTC,Mailed check,100.05,6034.85,0
2346-CZYIL,Credit card (automatic),20.35,531.6,0
3798-EPWRR,Electronic check,43.95,85.1,0
6258-NGCNG,Mailed check,23.5,173.0,0
4186-ZBUEW,Mailed check,70.7,2511.95,0
5274-XHAKY,Bank transfer (automatic),94.3,3893.6,0
1442-BQPVU,Electronic check,29.15,357.15,0
3978-YNKDD,Credit card (automatic),20.85,467.5,0
4940-KHCWD,Bank transfer (automatic),37.7,2288.7,0
9412-ARGBX,Mailed check,95.5,4627.85,0
1389-CXMLU,Electronic check,91.05,289.1,0
9589-ABEPT,Mailed check,92.45,6460.55,0
9388-ZEYVT,Electronic check,44.15,1931.3,0
0305-SQECB,Mailed check,36.05,402.6,0
7605-SNLQG,Credit card (automatic),50.25,2221.55,0
4670-TABXH,Credit card (automatic),109.75,7758.9,0
5561-NWEVX,Electronic check,79.2,172.85,0
0064-SUDOG,Bank transfer (automatic),20.3,224.5,0
8561-NMTBD,Credit card (automatic),112.35,7388.45,0
5161-XEUVX,Mailed check,94.3,3460.95,0
8292-FRFZQ,Bank transfer (automatic),41.15,1700.9,0
8591-NXRCV,Bank transfer (automatic),74.65,3090.65,0
7895-VONWT,Electronic check,48.25,1293.8,0
4526-RMTLL,Credit card (automatic),76.15,645.8,0
6253-GNHWH,Mailed check,71.1,5224.95,0
4566-NECEV,Electronic check,96.55,500.1,0
8080-POTJR,Credit card (automatic),79.3,2427.1,0
6906-MPARY,Credit card (automatic),89.6,3488.15,0
3662-FXJFO,Mailed check,20.5,1035.7,0
8107-RZLNV,Bank transfer (automatic),106.3,7565.35,0
0516-OOHAR,Bank transfer (automatic),100.35,2799.0,0
2027-CWDNU,Electronic check,85.6,1601.5,0
2737-WFVYW,Electronic check,45.25,85.5,0
9912-OMZDS,Electronic check,106.15,6256.2,0
3733-ZEECP,Electronic check,51.1,1232.9,0
7878-RTCZG,Mailed check,19.9,19.9,0
2452-MRMZF,Credit card (automatic),25.7,1937.4,0
2272-QAGFO,Electronic check,74.3,1096.25,0
7103-IPXPJ,Electronic check,99.4,5059.75,0
4342-HFXWS,Bank transfer (automatic),69.7,3023.65,0
3545-CNWRG,Electronic check,98.35,4889.2,0
1785-BPHTP,Electronic check,85.45,2289.9,0
4989-LIXVT,Electronic check,95.9,6503.2,0
7315-WYOAW,Electronic check,100.75,1313.25,0
1173-XZPYF,Electronic check,89.2,990.3,0
9850-OWRHQ,Credit card (automatic),74.1,228.0,0
3768-NLUBH,Electronic check,100.6,5746.15,0
8676-TRMJS,Mailed check,75.0,209.1,0
2509-TFPJU,Credit card (automatic),25.75,1864.2,0
9530-GRMJG,Electronic check,84.1,5979.7,0
6898-RBTLU,Bank transfer (automatic),79.3,3902.45,0
5481-NTDOH,Credit card (automatic),107.05,7142.5,0
2068-WWXQZ,Bank transfer (automatic),20.05,902.0,0
7359-SSBJK,Credit card (automatic),70.2,4481.0,0
2061-VVFST,Bank transfer (automatic),19.5,805.2,0
0685-MLYYM,Electronic check,70.75,154.85,0
0749-IRGQE,Electronic check,45.3,528.45,0
2380-DAMQP,Electronic check,115.15,8349.7,0
2256-YLYLP,Bank transfer (automatic),72.95,4953.25,0
1272-ILHFG,Mailed check,19.65,332.65,0
0164-XAIRP,Bank transfer (automatic),19.55,470.2,0
5666-CYCYZ,Electronic check,89.55,2259.35,0
4011-ARPHK,Mailed check,50.35,1411.35,0
8182-PNAGI,Bank transfer (automatic),50.25,593.75,0
6365-HITVU,Credit card (automatic),87.25,6328.7,0
7558-IMLMT,Mailed check,20.8,1411.9,0
9488-FYQAU,Bank transfer (automatic),109.25,6841.4,0
3590-TCXTB,Mailed check,20.35,20.35,0
6994-KERXL,Electronic check,55.9,238.5,0
7957-RYHQD,Credit card (automatic),79.2,3233.85,0
2180-DXNEG,Electronic check,96.0,1062.1,0
1960-UOTYM,Electronic check,79.2,4016.3,0
2740-JFBOK,Electronic check,24.0,226.55,0
6500-JVEGC,Bank transfer (automatic),101.35,7110.75,0
5515-AKOAJ,Electronic check,100.1,5440.9,0
8976-OQHGT,Mailed check,56.5,235.1,0
5245-VDBUR,Mailed check,35.45,1958.95,0
6230-BSUXY,Electronic check,85.0,85.0,0
8469-SNFFH,Bank transfer (automatic),79.4,5528.9,0
2144-ESWKO,Credit card (automatic),35.2,1463.7,0
1241-FPMOF,Mailed check,19.65,1025.05,0
9928-BZVLZ,Mailed check,49.85,552.1,0
4114-QMKVN,Bank transfer (automatic),68.75,3815.4,0
2775-SEFEE,Bank transfer (automatic),61.9,0.0,1
9003-CPATH,Electronic check,79.9,3313.4,0
1754-GKYPY,Bank transfer (automatic),89.75,1938.9,0
5294-CDGWY,Electronic check,59.3,3014.65,0
7956-XQWGU,Credit card (automatic),19.4,460.25,0
1591-MQJTP,Bank transfer (automatic),93.65,4839.15,0
5295-PCJOO,Electronic check,49.4,184.4,0
2369-FEVNO,Mailed check,19.9,19.9,0
9863-JZAIC,Mailed check,55.0,2010.55,0
7471-MQPOS,Bank transfer (automatic),72.9,5139.65,0
7660-HDPJV,Electronic check,69.2,69.2,0
5115-SQAAU,Bank transfer (automatic),25.6,1673.4,0
9845-QOMAD,Mailed check,19.75,309.35,0
7672-VFMXZ,Electronic check,55.7,3171.6,0
9739-JLPQJ,Credit card (automatic),117.5,8670.1,0
9916-AYHTC,Credit card (automatic),19.85,916.0,0
3855-ONCAR,Mailed check,78.9,299.75,0
1488-SYSFC,Electronic check,20.65,702.05,0
7931-PXHFC,Mailed check,62.3,2354.8,0
3990-QYKBE,Electronic check,92.5,3473.4,0
0970-QXPXW,Mailed check,19.65,19.65,0
3259-KNMRR,Bank transfer (automatic),79.75,4438.2,0
6120-RJKLU,Credit card (automatic),79.95,4819.75,0
9572-WUKSB,Electronic check,29.9,92.25,0
5893-KCLGT,Mailed check,19.75,1567.0,0
0076-LVEPS,Mailed check,45.0,1242.45,0
3640-JQGJG,Bank transfer (automatic),44.8,559.2,0
4919-MOAVT,Electronic check,69.65,220.1,0
1596-OQSPS,Electronic check,51.1,531.15,0
9867-XOBQA,Mailed check,53.15,1183.2,0
9546-KDTRB,Bank transfer (automatic),24.7,465.85,0
3090-HAWSU,Credit card (automatic),111.6,6876.05,0
9820-RMCQV,Credit card (automatic),48.55,501.0,0
3174-RKMOW,Electronic check,109.95,3782.4,0
1760-CAZHT,Mailed check,20.8,460.2,0
7839-QRKXN,Mailed check,20.2,20.2,0
8441-SHIPE,Bank transfer (automatic),25.6,1790.35,0
5204-QZXPU,Electronic check,39.65,733.35,0
4597-ELFTS,Electronic check,24.9,1334.0,0
1320-GVNHT,Credit card (automatic),108.4,7767.25,0
1047-RNXZV,Mailed check,19.55,876.15,0
3541-ZNUHK,Electronic check,85.1,4600.95,0
8450-JOVAH,Mailed check,56.7,113.55,0
8725-JEDFD,Mailed check,69.05,1793.25,0
7562-UXTPG,Mailed check,70.15,886.7,0
8071-SBTRN,Mailed check,111.15,7737.55,0
1113-IUJYX,Mailed check,105.95,1348.9,0
6668-CNMFP,Bank transfer (automatic),89.35,1686.85,0
5626-MGTUK,Bank transfer (automatic),89.1,1879.25,0
5681-LLOEI,Credit card (automatic),91.25,4013.8,0
8212-DJRCH,Mailed check,90.35,434.5,0
4323-OHFOW,Bank transfer (automatic),105.55,7195.35,0
4933-BSAIP,Mailed check,19.1,780.1,0
2030-BTZRO,Credit card (automatic),20.4,107.6,0
1116-DXXDF,Electronic check,100.45,3801.7,0
9274-CNFMO,Electronic check,74.95,308.7,0
7758-XKCBS,Electronic check,29.7,438.25,0
8992-JQYUN,Electronic check,50.35,50.35,0
6563-VNPMN,Bank transfer (automatic),85.7,3778.1,0
0617-AQNWT,Electronic check,47.85,3147.5,0
2267-WTPYD,Credit card (automatic),94.0,5438.95,0
0270-THENM,Bank transfer (automatic),69.85,5102.35,0
2446-PLQVO,Electronic check,70.3,70.3,0
4707-MAXGU,Credit card (automatic),25.85,1872.2,0
2710-WYVXG,Mailed check,71.1,213.35,0
3005-NFMTA,Electronic check,98.8,5617.75,0
6300-BWMJX,Electronic check,93.35,5386.5,0
8784-CGILN,Bank transfer (automatic),99.85,1776.95,0
5389-FFVKB,Credit card (automatic),80.3,2483.05,0
7009-LGECI,Bank transfer (automatic),50.55,235.65,0
8444-WRIDW,Credit card (automatic),80.45,5224.35,0
5022-KVDQT,Electronic check,81.3,2272.8,0
7976-CICYS,Credit card (automatic),20.7,83.75,0
1036-GUDCL,Credit card (automatic),79.05,4663.4,0
2005-DWQZJ,Mailed check,19.05,201.7,0
8148-WOCMK,Credit card (automatic),19.6,125.0,0
7815-PDTHL,Mailed check,20.2,684.4,0
9451-LPGOO,Electronic check,86.8,620.35,0
9173-IVZVP,Mailed check,20.9,1146.05,0
9129-UXERG,Credit card (automatic),103.6,1806.35,0
3635-JBPSG,Mailed check,38.8,603.0,0
7964-ZRKKG,Bank transfer (automatic),88.4,5798.3,0
5868-YWPDW,Electronic check,84.2,519.15,0
6229-LSCKB,Electronic check,79.7,497.6,0
2025-JKFWI,Mailed check,99.0,1301.7,0
4078-SAYYN,Electronic check,100.75,1129.75,0
1724-IQWNM,Mailed check,19.3,19.3,0
8217-QYOHV,Mailed check,55.75,266.95,0
5546-QUERU,Mailed check,19.95,257.0,0
9940-HPQPG,Bank transfer (automatic),91.75,865.8,0
6897-UUBNU,Mailed check,89.65,2623.65,0
6127-IYJOZ,Mailed check,45.85,45.85,0
6618-RYATB,Mailed check,79.55,79.55,0
8930-XOTDP,Mailed check,55.95,1082.8,0
5916-QEWPT,Credit card (automatic),69.0,147.8,0
5060-TQUQN,Bank transfer (automatic),83.55,2570.2,0
0531-XBKMM,Bank transfer (automatic),65.7,4378.9,0
8465-SBRXP,Bank transfer (automatic),94.9,3616.25,0
2408-PSJVE,Mailed check,61.9,2924.05,0
9079-YEXQJ,Electronic check,111.1,6014.85,0
9700-ZCLOT,Mailed check,20.0,32.7,0
8738-JOKAR,Mailed check,67.7,2882.25,0
4534-WGCIR,Credit card (automatic),25.15,1509.9,0
1930-WNXSB,Electronic check,92.85,5305.05,0
2685-SREOM,Electronic check,89.1,2368.4,0
3508-CFVZL,Mailed check,111.3,7985.9,0
0402-CQAJN,Bank transfer (automatic),101.9,3545.35,0
6692-UDPJC,Electronic check,91.65,1301.0,0
1273-MTETI,Electronic check,88.85,372.45,0
0657-DOGUM,Bank transfer (automatic),60.6,2985.25,0
5480-HPRRX,Electronic check,25.3,77.75,0
8792-AOROI,Mailed check,65.5,564.35,0
0295-PPHDO,Electronic check,95.45,95.45,0
5146-YYFRZ,Bank transfer (automatic),19.95,1311.75,0
1195-OIYEJ,Electronic check,91.1,1135.7,0
5906-CVLHP,Credit card (automatic),54.15,2319.8,0
3452-SRFEG,Bank transfer (automatic),74.6,3720.35,0
4070-OKWVH,Bank transfer (automatic),94.6,5025.8,0
5297-MDOIR,Credit card (automatic),81.15,5224.5,0
6369-MCAKO,Bank transfer (automatic),89.05,6185.8,0
4926-UMJZD,Mailed check,49.2,1498.55,0
6848-HJTXY,Credit card (automatic),19.45,1208.6,0
6341-AEVKX,Electronic check,104.3,6613.65,0
4501-EQDRN,Bank transfer (automatic),69.7,69.7,0
2990-HWIML,Electronic check,89.5,573.3,0
0682-USIXD,Electronic check,86.05,1818.9,0
6976-BWGLQ,Bank transfer (automatic),25.2,1787.35,0
7078-NVFAM,Electronic check,35.15,1051.05,0
8065-QBYTO,Credit card (automatic),99.65,7181.25,0
2133-TSRRM,Bank transfer (automatic),105.35,3688.6,0
7384-GHBPI,Electronic check,35.15,99.75,0
7603-USHJS,Credit card (automatic),73.75,871.4,0
7234-FECYN,Electronic check,101.35,780.5,0
2511-ALLCS,Bank transfer (automatic),24.3,821.6,0
3191-CSNMG,Electronic check,80.7,239.45,0
7952-OBOYL,Mailed check,89.85,244.45,0
7470-DYNOE,Electronic check,61.1,3357.9,0
7853-OETYL,Electronic check,29.05,129.6,0
1545-ACTAS,Bank transfer (automatic),99.7,4977.2,0
5876-HZVZM,Credit card (automatic),55.9,365.35,0
1400-MMYXY,Electronic check,105.9,334.65,0
5126-RCXYW,Credit card (automatic),46.0,2424.05,0
3085-QUOZK,Mailed check,43.95,43.95,0
2363-BJLSL,Bank transfer (automatic),80.4,4981.15,0
1956-YIFGE,Mailed check,100.05,2090.25,0
3926-CUQZX,Bank transfer (automatic),45.1,45.1,0
7921-LMDFQ,Bank transfer (automatic),94.0,4905.75,0
2925-MXLSX,Credit card (automatic),68.95,2038.7,0
5820-PTRYM,Credit card (automatic),68.45,4014.0,0
9609-BENEA,Electronic check,69.0,2441.7,0
6211-WHMYA,Electronic check,43.85,2751.0,0
4459-BBGHE,Electronic check,44.5,1307.8,0
9945-PSVIP,Mailed check,18.7,383.65,0
1041-RXHRA,Bank transfer (automatic),70.25,2868.05,0
1750-CSKKM,Electronic check,55.35,449.75,0
9108-EJFJP,Mailed check,53.55,53.55,0
0530-IJVDB,Electronic check,114.6,7882.5,0
0508-SQWPL,Bank transfer (automatic),20.1,1087.7,0
2215-ZAFGX,Electronic check,85.5,791.7,0
8213-TAZPM,Bank transfer (automatic),108.75,7493.05,0
7142-HVGBG,Electronic check,103.0,4414.3,0
1304-SEGFY,Electronic check,97.85,6841.3,0
7242-EDTYC,Bank transfer (automatic),19.55,819.95,0
2904-GGUAZ,Bank transfer (automatic),84.05,6052.25,0
8267-ZNYVZ,Electronic check,103.75,3361.05,0
5136-GFPMB,Credit card (automatic),89.4,4869.5,0
2595-KIWPV,Credit card (automatic),19.7,509.3,0
5243-SAOTC,Bank transfer (automatic),79.85,4308.25,0
9398-MMQTO,Credit card (automatic),74.45,221.1,0
7619-PLRLP,Bank transfer (automatic),74.1,3833.95,0
6457-GIRWB,Electronic check,69.35,69.35,0
6508-NJYRO,Mailed check,18.8,294.95,0
1450-SKCVI,Electronic check,73.85,4092.85,0
4710-NKCAW,Credit card (automatic),64.4,316.9,0
5306-BVTKJ,Credit card (automatic),55.8,2651.2,0
0357-NVCRI,Credit card (automatic),20.05,471.7,0
5570-PTWEH,Credit card (automatic),75.15,216.75,0
2371-KFUOG,Bank transfer (automatic),99.15,5720.95,0
0463-ZSDNT,Bank transfer (automatic),56.75,503.25,0
6502-MJQAE,Electronic check,69.6,69.6,0
6257-DTAYD,Credit card (automatic),104.15,7365.3,0
4616-ULAOA,Credit card (automatic),110.8,7245.9,0
7693-LCKZL,Electronic check,80.15,385.0,0
7746-AWNQW,Mailed check,35.75,961.4,0
5996-EBTKM,Bank transfer (automatic),69.9,4615.9,0
2758-RNWXS,Electronic check,89.2,3251.3,0
2314-TNDJQ,Credit card (automatic),55.65,3880.05,0
2405-LBMUW,Bank transfer (automatic),50.7,3088.75,0
3454-JFUBC,Credit card (automatic),20.0,1396.0,0
0032-PGELS,Bank transfer (automatic),30.5,30.5,0
9039-ZVJDC,Mailed check,19.1,53.05,0
6797-LNAQX,Bank transfer (automatic),98.3,6859.5,0
9013-AQORL,Credit card (automatic),45.55,2108.35,0
2898-MRKPI,Credit card (automatic),101.05,6770.5,0
2750-BJLSB,Electronic check,103.7,4730.6,0
3648-GZPHF,Mailed check,36.25,1151.05,0
2075-RMJIK,Mailed check,49.4,232.55,0
9588-YRFHY,Credit card (automatic),19.9,1022.6,0
6394-MFYNG,Bank transfer (automatic),107.4,5121.3,0
1564-NTYXF,Electronic check,82.0,1127.2,0
9364-YKUVW,Mailed check,19.8,309.4,0
5392-AKEMH,Electronic check,45.05,523.1,0
2451-YMUXS,Bank transfer (automatic),64.55,4250.1,0
3914-FDRHP,Electronic check,86.25,770.5,0
3078-ZKNTS,Bank transfer (automatic),19.75,246.7,0
1024-KPRBB,Mailed check,89.1,3342.0,0
4690-PKDQG,Electronic check,95.55,3930.6,0
8155-IBNHG,Credit card (automatic),75.4,1747.85,0
0886-QGENL,Electronic check,101.25,2754.45,0
9547-ITEFG,Credit card (automatic),102.6,897.75,0
1264-FUHCX,Credit card (automatic),56.3,2780.6,0
7789-CRUVC,Credit card (automatic),94.2,5895.45,0
6598-KELSS,Bank transfer (automatic),43.05,2208.05,0
8739-WWKDU,Electronic check,89.5,2196.15,0
8685-WHQPW,Bank transfer (automatic),74.4,1692.6,0
4745-LSPLO,Mailed check,20.5,20.5,0
8083-YTZES,Electronic check,74.35,265.35,0
7240-FQLHE,Bank transfer (automatic),99.75,1836.25,0
6664-FPDAC,Electronic check,111.95,6418.9,0
9972-VAFJJ,Electronic check,94.0,4871.45,0
0422-UXFAP,Electronic check,98.85,4947.55,0
1904-WAJAA,Electronic check,64.35,1558.65,0
5130-YPIRV,Credit card (automatic),72.0,4284.2,0
2843-CQMEG,Mailed check,49.7,1218.25,0
6439-PKTRR,Electronic check,80.7,5617.95,0
5351-QESIO,Mailed check,24.2,24.2,0
0786-VSSUD,Mailed check,39.0,679.85,0
5568-DMXZS,Electronic check,65.45,554.45,0
8468-FZTOE,Electronic check,74.35,5237.4,0
6633-SYEUS,Bank transfer (automatic),83.2,2032.3,0
6447-GORXK,Credit card (automatic),25.0,789.2,0
6967-PEJLL,Electronic check,40.2,1525.35,0
3976-BWUCK,Credit card (automatic),94.1,2804.45,0
5981-ZVXOT,Electronic check,108.35,3726.15,0
1684-FLBGS,Credit card (automatic),69.5,1652.1,0
1389-WNUIB,Bank transfer (automatic),76.0,1588.75,0
0376-OIWME,Electronic check,93.6,3366.05,0
3585-ISXZP,Bank transfer (automatic),95.65,778.1,0
0218-QNVAS,Bank transfer (automatic),100.55,7113.75,0
6583-QGCSI,Electronic check,88.05,4367.35,0
0804-YGEQV,Bank transfer (automatic),24.45,993.15,0
7164-BPTUT,Mailed check,89.55,5012.35,0
4174-LPGTI,Bank transfer (automatic),66.5,2728.6,0
2523-EWWZL,Electronic check,76.1,2093.4,0
0928-XUTSN,Electronic check,80.5,1011.8,0
2108-XWMPY,Mailed check,35.45,106.85,0
0052-YNYOT,Electronic check,20.55,1343.4,0
6304-IJFSQ,Mailed check,49.9,130.1,0
9586-JGQKH,Bank transfer (automatic),105.4,6794.75,0
4501-VCPFK,Electronic check,35.75,1022.5,0
6075-SLNIL,Credit card (automatic),95.1,3691.2,0
9347-AERRL,Credit card (automatic),19.3,486.2,0
0093-XWZFY,Credit card (automatic),104.5,4036.85,0
2274-XUATA,Bank transfer (automatic),63.1,4685.55,0
1980-KXVPM,Credit card (automatic),75.05,256.25,0
7703-ZEKEF,Electronic check,81.0,1917.1,0
0723-DRCLG,Electronic check,74.45,74.45,0
5482-NUPNA,Mailed check,60.4,272.15,0
6691-CCIHA,Electronic check,84.95,5150.55,0
1685-BQULA,Bank transfer (automatic),93.4,3756.4,0
9053-EJUNL,Electronic check,89.2,3645.75,0
0666-UXTJO,Credit card (automatic),85.2,2874.45,0
1471-GIQKQ,Electronic check,49.95,49.95,0
4807-IZYOZ,Bank transfer (automatic),20.65,1020.75,0
1122-JWTJW,Mailed check,70.65,70.65,0
9710-NJERN,Mailed check,20.15,826.0,0
9837-FWLCH,Electronic check,19.2,239.0,0
1699-HPSBG,Electronic check,59.8,727.8,0
7203-OYKCT,Electronic check,104.95,7544.3,0
1035-IPQPU,Electronic check,103.5,6479.4,0
7398-LXGYX,Credit card (automatic),84.8,3626.35,0
2823-LKABH,Bank transfer (automatic),95.05,1679.4,0
8775-CEBBJ,Bank transfer (automatic),44.2,403.35,0
0550-DCXLH,Mailed check,73.35,931.55,0
9281-CEDRU,Bank transfer (automatic),64.1,4326.25,0
2235-DWLJU,Electronic check,44.4,263.05,0
0871-OPBXW,Mailed check,20.05,39.25,0
3605-JISKB,Credit card (automatic),60.0,3316.1,0
6894-LFHLY,Electronic check,75.75,75.75,0
9767-FFLEM,Credit card (automatic),69.5,2625.25,0
0639-TSIQW,Credit card (automatic),102.95,6886.25,0
8456-QDAVC,Bank transfer (automatic),78.7,1495.1,0
7750-EYXWZ,Electronic check,60.65,743.3,0
2569-WGERO,Bank transfer (automatic),21.15,1419.4,0
6840-RESVB,Mailed check,84.8,1990.5,0
2234-XADUH,Credit card (automatic),103.2,7362.9,0
4801-JZAZL,Electronic check,29.6,346.45,0
8361-LTMKD,Mailed check,74.4,306.6,0
3186-AJIEK,Bank transfer (automatic),105.65,6844.5,0
